{"features":[{"geometry":{"coordinates":[[[118.920575801,32.119850799],[118.920562396,32.119828102],[118.9205632,32.119805803],[118.9206486,32.119678298],[118.920677101,32.119670298],[118.921507003,32.120076799],[118.921521901,32.120096398],[118.921521899,32.120125097],[118.921454098,32.120229598],[118.921422901,32.120248002],[118.921389,32.120253703],[118.920612,32.119871301],[118.920575801,32.119850799]],[[118.920674002,32.119686301],[118.920609803,32.119778597],[118.920973401,32.119959898],[118.9210376,32.119867602],[118.920674002,32.119686301]],[[118.921117099,32.119900597],[118.921050604,32.119997104],[118.921434595,32.120186997],[118.9215011,32.120090499],[118.921117099,32.119900597]]],"type":"Polygon"},"id":"osm_relation_7226454","properties":{"area_m2":1146.805491,"asset_id":"osm_relation_7226454","center":[-384.8,546.471669],"geometry_role":"mapped_vegetation_outline","id":"osm_relation_7226454","map_feature_id":null,"name":"","osm_id":7226454,"osm_type":"relation","osm_version":1,"source_timestamp":"2017-05-08T05:23:42Z","source_url":"https://www.openstreetmap.org/relation/7226454","space_id":null,"tags":{"landuse":"grass","type":"multipolygon"},"vegetation":"grass"},"type":"Feature"},{"geometry":{"coordinates":[[[118.920900095,32.118826503],[118.920900098,32.118855996],[118.9207956,32.1190067],[118.920771698,32.1190207],[118.920745997,32.119022199],[118.920197502,32.118759596],[118.920186495,32.118723902],[118.920298403,32.118552999],[118.920331401,32.118543696],[118.920883605,32.118807803],[118.920900095,32.118826503]],[[118.920775605,32.118957802],[118.920842198,32.1188594],[118.920319696,32.118605702],[118.920253101,32.118704004],[118.920775605,32.118957802]]],"type":"Polygon"},"id":"osm_relation_7226455_p0","properties":{"area_m2":1048.200935,"asset_id":"osm_relation_7226455_p0","center":[-428.13845,412.446928],"geometry_role":"mapped_vegetation_outline","id":"osm_relation_7226455_p0","map_feature_id":null,"name":"","osm_id":7226455,"osm_type":"relation","osm_version":1,"source_timestamp":"2017-05-08T05:23:42Z","source_url":"https://www.openstreetmap.org/relation/7226455","space_id":null,"tags":{"landuse":"grass","type":"multipolygon"},"vegetation":"grass"},"type":"Feature"},{"geometry":{"coordinates":[[[118.920735303,32.119083396],[118.920734001,32.119113802],[118.920616796,32.119279698],[118.920592797,32.119297704],[118.920551504,32.119306701],[118.920016099,32.119051799],[118.920004102,32.119026997],[118.920009499,32.118998802],[118.920124003,32.118817199],[118.920153297,32.118803596],[118.920190596,32.118804798],[118.920716698,32.119056305],[118.920735303,32.119083396]],[[118.920384897,32.1191385],[118.920596698,32.119241598],[118.920660297,32.119148004],[118.9201255,32.1188877],[118.920061996,32.118981301],[118.920384897,32.1191385]]],"type":"Polygon"},"id":"osm_relation_7226455_p1","properties":{"area_m2":1370.92088,"asset_id":"osm_relation_7226455_p1","center":[-444.622977,441.166011],"geometry_role":"mapped_vegetation_outline","id":"osm_relation_7226455_p1","map_feature_id":null,"name":"","osm_id":7226455,"osm_type":"relation","osm_version":1,"source_timestamp":"2017-05-08T05:23:42Z","source_url":"https://www.openstreetmap.org/relation/7226455","space_id":null,"tags":{"landuse":"grass","type":"multipolygon"},"vegetation":"grass"},"type":"Feature"},{"geometry":{"coordinates":[[[118.921432097,32.119082796],[118.921428497,32.119112299],[118.921325697,32.119264601],[118.921298201,32.119275499],[118.921265198,32.119275504],[118.920861598,32.119079703],[118.920845099,32.119061103],[118.920841405,32.119026903],[118.920940498,32.1188762],[118.920969805,32.118862199],[118.921004704,32.118862201],[118.921421096,32.119062597],[118.921432097,32.119082796]],[[118.921324402,32.119211397],[118.921386703,32.119117101],[118.9209761,32.118922398],[118.920913801,32.119016803],[118.921324402,32.119211397]]],"type":"Polygon"},"id":"osm_relation_7226455_p2","properties":{"area_m2":907.082189,"asset_id":"osm_relation_7226455_p2","center":[-373.482375,444.684824],"geometry_role":"mapped_vegetation_outline","id":"osm_relation_7226455_p2","map_feature_id":null,"name":"","osm_id":7226455,"osm_type":"relation","osm_version":1,"source_timestamp":"2017-05-08T05:23:42Z","source_url":"https://www.openstreetmap.org/relation/7226455","space_id":null,"tags":{"landuse":"grass","type":"multipolygon"},"vegetation":"grass"},"type":"Feature"},{"geometry":{"coordinates":[[[118.921997198,32.119354703],[118.921993496,32.1193874],[118.921890798,32.119533397],[118.921863301,32.119544304],[118.921828401,32.119545799],[118.921393602,32.119333002],[118.921373601,32.119306103],[118.921376302,32.119276704],[118.921472502,32.119134099],[118.921499995,32.119117005],[118.921534904,32.119113904],[118.921976997,32.119331397],[118.921997198,32.119354703]],[[118.9218767,32.119480198],[118.921939201,32.119390398],[118.921517304,32.119179797],[118.921454802,32.119269596],[118.9218767,32.119480198]]],"type":"Polygon"},"id":"osm_relation_7226455_p3","properties":{"area_m2":999.352145,"asset_id":"osm_relation_7226455_p3","center":[-322.08059,474.674197],"geometry_role":"mapped_vegetation_outline","id":"osm_relation_7226455_p3","map_feature_id":null,"name":"","osm_id":7226455,"osm_type":"relation","osm_version":1,"source_timestamp":"2017-05-08T05:23:42Z","source_url":"https://www.openstreetmap.org/relation/7226455","space_id":null,"tags":{"landuse":"grass","type":"multipolygon"},"vegetation":"grass"},"type":"Feature"},{"geometry":{"coordinates":[[[118.921255697,32.1193334],[118.921262097,32.119364699],[118.921140103,32.119542799],[118.921116,32.119561899],[118.921079098,32.119569999],[118.920653496,32.119360596],[118.920645501,32.119336103],[118.9206535,32.119302096],[118.9207659,32.1191294],[118.920796402,32.119115796],[118.920838204,32.119114404],[118.921233203,32.119308902],[118.921255697,32.1193334]],[[118.921131503,32.119499096],[118.921192002,32.119412303],[118.9207816,32.119206999],[118.920721101,32.1192938],[118.921131503,32.119499096]]],"type":"Polygon"},"id":"osm_relation_7226455_p4","properties":{"area_m2":1192.075638,"asset_id":"osm_relation_7226455_p4","center":[-390.646642,473.643218],"geometry_role":"mapped_vegetation_outline","id":"osm_relation_7226455_p4","map_feature_id":null,"name":"","osm_id":7226455,"osm_type":"relation","osm_version":1,"source_timestamp":"2017-05-08T05:23:42Z","source_url":"https://www.openstreetmap.org/relation/7226455","space_id":null,"tags":{"landuse":"grass","type":"multipolygon"},"vegetation":"grass"},"type":"Feature"},{"geometry":{"coordinates":[[[118.921819395,32.119608097],[118.921820997,32.119638],[118.921695805,32.119829804],[118.921671703,32.119843402],[118.921637898,32.119846097],[118.921199501,32.119632597],[118.921186701,32.1196054],[118.921189902,32.119570004],[118.921307097,32.119390497],[118.9213344,32.119381],[118.921374601,32.119379596],[118.921798496,32.119586398],[118.921819395,32.119608097]],[[118.921676395,32.119772997],[118.921742298,32.119678104],[118.921329598,32.119472503],[118.921263704,32.119567296],[118.921676395,32.119772997]]],"type":"Polygon"},"id":"osm_relation_7226455_p5","properties":{"area_m2":1232.2404,"asset_id":"osm_relation_7226455_p5","center":[-339.241491,504.721494],"geometry_role":"mapped_vegetation_outline","id":"osm_relation_7226455_p5","map_feature_id":null,"name":"","osm_id":7226455,"osm_type":"relation","osm_version":1,"source_timestamp":"2017-05-08T05:23:42Z","source_url":"https://www.openstreetmap.org/relation/7226455","space_id":null,"tags":{"landuse":"grass","type":"multipolygon"},"vegetation":"grass"},"type":"Feature"},{"geometry":{"coordinates":[[[118.920187098,32.119753496],[118.920090701,32.119896401],[118.920072304,32.119913203],[118.920038298,32.119914396],[118.9196866,32.119742002],[118.919670704,32.119720804],[118.919672501,32.119698301],[118.919774596,32.1195542],[118.9198029,32.119543399],[118.919836999,32.119544604],[118.920170097,32.119707899],[118.920182797,32.119728298],[118.920187098,32.119753496]],[[118.920080196,32.119878097],[118.920145203,32.119780297],[118.919782099,32.119607301],[118.919717101,32.119705002],[118.920080196,32.119878097]]],"type":"Polygon"},"id":"osm_relation_7226455_p6","properties":{"area_m2":661.354164,"asset_id":"osm_relation_7226455_p6","center":[-487.696188,514.226849],"geometry_role":"mapped_vegetation_outline","id":"osm_relation_7226455_p6","map_feature_id":null,"name":"","osm_id":7226455,"osm_type":"relation","osm_version":1,"source_timestamp":"2017-05-08T05:23:42Z","source_url":"https://www.openstreetmap.org/relation/7226455","space_id":null,"tags":{"landuse":"grass","type":"multipolygon"},"vegetation":"grass"},"type":"Feature"},{"geometry":{"coordinates":[[[118.920764103,32.120018896],[118.920759797,32.120050096],[118.920666199,32.120193004],[118.920642098,32.120202597],[118.920615199,32.120202599],[118.920145998,32.119972101],[118.920133201,32.119951604],[118.9201347,32.119924],[118.920245201,32.119770401],[118.920266499,32.119765604],[118.920300495,32.119768002],[118.920754102,32.119997302],[118.920764103,32.120018896]],[[118.920728204,32.1200658],[118.920228797,32.119823603],[118.920163102,32.1199209],[118.920662403,32.120163099],[118.920728204,32.1200658]]],"type":"Polygon"},"id":"osm_relation_7226455_p7","properties":{"area_m2":844.750579,"asset_id":"osm_relation_7226455_p7","center":[-438.810756,544.021455],"geometry_role":"mapped_vegetation_outline","id":"osm_relation_7226455_p7","map_feature_id":null,"name":"","osm_id":7226455,"osm_type":"relation","osm_version":1,"source_timestamp":"2017-05-08T05:23:42Z","source_url":"https://www.openstreetmap.org/relation/7226455","space_id":null,"tags":{"landuse":"grass","type":"multipolygon"},"vegetation":"grass"},"type":"Feature"},{"geometry":{"coordinates":[[[118.921373695,32.120301702],[118.921383104,32.120323296],[118.921376397,32.1203517],[118.921278598,32.120491904],[118.921257399,32.120503897],[118.921228997,32.120507503],[118.920731402,32.120266497],[118.920712602,32.120243801],[118.920709904,32.120208603],[118.920811802,32.120067797],[118.920844003,32.120055303],[118.920877497,32.120057501],[118.921373695,32.120301702]],[[118.921316704,32.120355096],[118.920801403,32.120105602],[118.920736395,32.120201797],[118.921251803,32.120451299],[118.921316704,32.120355096]]],"type":"Polygon"},"id":"osm_relation_7226455_p8","properties":{"area_m2":948.256758,"asset_id":"osm_relation_7226455_p8","center":[-382.403558,578.78035],"geometry_role":"mapped_vegetation_outline","id":"osm_relation_7226455_p8","map_feature_id":null,"name":"","osm_id":7226455,"osm_type":"relation","osm_version":1,"source_timestamp":"2017-05-08T05:23:42Z","source_url":"https://www.openstreetmap.org/relation/7226455","space_id":null,"tags":{"landuse":"grass","type":"multipolygon"},"vegetation":"grass"},"type":"Feature"},{"geometry":{"coordinates":[[[118.922088005,32.119364896],[118.922085301,32.119341604],[118.921726204,32.119152002],[118.920311595,32.118470398],[118.920286302,32.118475697],[118.919918903,32.119061896],[118.920482295,32.119337903],[118.920691702,32.119440496],[118.921627296,32.119899004],[118.921620398,32.119957203],[118.921586796,32.120009502],[118.921524603,32.120036702],[118.920642798,32.119596102],[118.920516703,32.119776798],[118.920487098,32.1197913],[118.920445005,32.119787402],[118.920321396,32.119726601],[118.920308703,32.119704001],[118.920312498,32.119678202],[118.920425396,32.119508503],[118.920392403,32.119492299],[118.920273201,32.119670699],[118.920247796,32.119685804],[118.920226203,32.119683597],[118.919867095,32.119511597],[118.919839103,32.119489202],[118.919837495,32.119461501],[118.919931004,32.119320398],[118.919879598,32.119297899],[118.919574295,32.119750804],[118.9212414,32.120572398],[118.921281097,32.120572202],[118.921650105,32.120055298],[118.921671602,32.120057497],[118.922774895,32.120604997],[118.922779202,32.120625397],[118.922437105,32.121146197],[118.922427202,32.121152102],[118.922415102,32.121149201],[118.922359197,32.121121503],[118.9223479,32.121118996],[118.9223396,32.121125003],[118.922290004,32.121201501],[118.921759695,32.1209549],[118.921295603,32.120730299],[118.920909705,32.120513701],[118.920348604,32.120222996],[118.919591,32.119839996],[118.919537897,32.119800701],[118.919507801,32.119737102],[118.919516897,32.119670896],[118.919561899,32.119597102],[118.920271095,32.118472203],[118.921659398,32.116112397],[118.921978295,32.115577998],[118.922307396,32.115019397],[118.922549103,32.114635098],[118.9227938,32.114233201],[118.922845998,32.114199099],[118.922899201,32.114186097],[118.922978795,32.114185898],[118.923064796,32.114186504],[118.923065396,32.114107998],[118.923458801,32.1141081],[118.923489595,32.114127701],[118.923503999,32.114145999],[118.923499902,32.114177503],[118.923364804,32.1144205],[118.923193798,32.114675002],[118.922970497,32.114953],[118.922769202,32.115177196],[118.9225844,32.115399102],[118.9224576,32.115625603],[118.922361001,32.115842896],[118.922297603,32.116071797],[118.922269995,32.116361397],[118.922275595,32.116630001],[118.922303099,32.116868201],[118.922449303,32.117363303],[118.922578899,32.117631899],[118.922713997,32.117851499],[118.922986998,32.118199498],[118.923411701,32.118591902],[118.923798105,32.1188398],[118.923804001,32.1188445],[118.923804598,32.118849704],[118.923797796,32.118897799],[118.923811499,32.118960898],[118.923833,32.119011297],[118.923834599,32.119018299],[118.923831299,32.119028703],[118.922862903,32.120488302],[118.922843603,32.120514003],[118.922805,32.120509304],[118.921699196,32.119981504],[118.921688202,32.119953504],[118.922088005,32.119364896]],[[118.920237396,32.1193153],[118.920194903,32.119377304],[118.920382998,32.119469803],[118.920425501,32.119407799],[118.920237396,32.1193153]],[[118.919970102,32.119343202],[118.919905997,32.119439004],[118.920272904,32.119615],[118.920336902,32.119519199],[118.919970102,32.119343202]]],"type":"Polygon"},"id":"osm_relation_7226456","properties":{"area_m2":105236.876217,"asset_id":"osm_relation_7226456","center":[-286.443729,361.180592],"geometry_role":"mapped_vegetation_outline","id":"osm_relation_7226456","map_feature_id":null,"name":"","osm_id":7226456,"osm_type":"relation","osm_version":2,"source_timestamp":"2023-05-15T13:14:14Z","source_url":"https://www.openstreetmap.org/relation/7226456","space_id":null,"tags":{"landuse":"grass","type":"multipolygon"},"vegetation":"grass"},"type":"Feature"},{"geometry":{"coordinates":[[[118.923823204,32.110012298],[118.923823199,32.110033801],[118.923776597,32.110033499],[118.923777403,32.110061302],[118.9237723,32.110077696],[118.923751004,32.110088004],[118.923724601,32.110087197],[118.923705303,32.110081104],[118.923690999,32.1100691],[118.923685896,32.110050102],[118.923687996,32.110012296],[118.923823204,32.110012298]],[[118.923743897,32.110063904],[118.923750005,32.110054503],[118.923749401,32.110033804],[118.923717398,32.110033803],[118.923717398,32.110054503],[118.923722495,32.110063102],[118.923731703,32.110065596],[118.923743897,32.110063904]]],"type":"Polygon"},"id":"osm_relation_9602135","properties":{"area_m2":65.947336,"asset_id":"osm_relation_9602135","center":[-108.77725,-551.663554],"geometry_role":"mapped_vegetation_outline","id":"osm_relation_9602135","map_feature_id":null,"name":"","osm_id":9602135,"osm_type":"relation","osm_version":1,"source_timestamp":"2019-05-19T08:02:16Z","source_url":"https://www.openstreetmap.org/relation/9602135","space_id":null,"tags":{"natural":"scrub","type":"multipolygon"},"vegetation":"scrub"},"type":"Feature"},{"geometry":{"coordinates":[[[118.926838995,32.119759101],[118.926846202,32.119734901],[118.927408899,32.118865702],[118.927446698,32.118838798],[118.927498196,32.118842398],[118.927892095,32.119031398],[118.927918196,32.119068603],[118.927920903,32.119104603],[118.927908597,32.119141797],[118.927410305,32.119921104],[118.927374804,32.119954503],[118.927324002,32.119967398],[118.927264196,32.119968399],[118.926852604,32.119775796],[118.926838995,32.119759101]]],"type":"Polygon"},"id":"osm_way_224896150","properties":{"area_m2":6681.475705,"asset_id":"osm_way_224896150","center":[217.069761,493.324213],"geometry_role":"mapped_vegetation_outline","id":"osm_way_224896150","map_feature_id":null,"name":"","osm_id":224896150,"osm_type":"way","osm_version":3,"source_timestamp":"2013-06-11T07:43:25Z","source_url":"https://www.openstreetmap.org/way/224896150","space_id":null,"tags":{"natural":"wood"},"vegetation":"wood"},"type":"Feature"},{"geometry":{"coordinates":[[[118.928251101,32.117269599],[118.928265096,32.117313698],[118.928251102,32.117357799],[118.928213003,32.117390101],[118.928160898,32.117401898],[118.9281089,32.117390099],[118.928070799,32.117357804],[118.928056805,32.117313696],[118.928070799,32.117269603],[118.9281089,32.117237401],[118.928160897,32.117225497],[118.928213003,32.117237402],[118.928251101,32.117269599]]],"type":"Polygon"},"id":"osm_way_224896261","properties":{"area_m2":288.235093,"asset_id":"osm_way_224896261","center":[293.677895,261.861027],"geometry_role":"mapped_vegetation_outline","id":"osm_way_224896261","map_feature_id":null,"name":"","osm_id":224896261,"osm_type":"way","osm_version":2,"source_timestamp":"2013-06-09T04:55:40Z","source_url":"https://www.openstreetmap.org/way/224896261","space_id":null,"tags":{"landuse":"meadow"},"vegetation":"meadow"},"type":"Feature"},{"geometry":{"coordinates":[[[118.926038,32.112743905],[118.925529405,32.112748701],[118.925517805,32.111961103],[118.926024801,32.111961102],[118.926038,32.112743905]]],"type":"Polygon"},"id":"osm_way_224937739","properties":{"area_m2":4173.155888,"asset_id":"osm_way_224937739","center":[78.585544,-292.065179],"geometry_role":"mapped_vegetation_outline","id":"osm_way_224937739","map_feature_id":null,"name":"","osm_id":224937739,"osm_type":"way","osm_version":2,"source_timestamp":"2013-06-10T15:34:45Z","source_url":"https://www.openstreetmap.org/way/224937739","space_id":null,"tags":{"natural":"wood"},"vegetation":"wood"},"type":"Feature"},{"geometry":{"coordinates":[[[118.926636403,32.113292704],[118.926518803,32.113290696],[118.926518795,32.113207601],[118.926518504,32.112650999],[118.926524797,32.112226196],[118.9265254,32.111206704],[118.926534603,32.110320099],[118.926537905,32.110047004],[118.926572204,32.109988803],[118.926588505,32.1093841],[118.926621703,32.1093623],[118.926661603,32.109384097],[118.926614498,32.109412801],[118.926609697,32.109929299],[118.926620403,32.109993003],[118.9266365,32.110047497],[118.926668704,32.110083797],[118.926706303,32.110115595],[118.926792098,32.1101474],[118.926883297,32.110165602],[118.926979901,32.110161101],[118.927060301,32.110138402],[118.927140804,32.1100929],[118.927205203,32.1100566],[118.927296399,32.110020198],[118.927382204,32.109992997],[118.927473401,32.109965696],[118.927564598,32.109938404],[118.927655796,32.109915702],[118.927747004,32.109906602],[118.927822105,32.109883902],[118.9279007,32.109853004],[118.927950803,32.109793001],[118.927977601,32.109738504],[118.927999899,32.109689703],[118.928009803,32.109643102],[118.928004502,32.109583997],[118.9280023,32.109534704],[118.927977604,32.109488603],[118.927950803,32.109447702],[118.927945599,32.109401304],[118.927860402,32.109332899],[118.927842395,32.109277803],[118.928063598,32.109426601],[118.928315298,32.109552602],[118.928296996,32.109619598],[118.928311305,32.1096948],[118.9283497,32.109759399],[118.928311498,32.109846603],[118.928136099,32.110124502],[118.927875699,32.110679103],[118.927827096,32.110793299],[118.927716503,32.111077597],[118.927624896,32.111342503],[118.927551998,32.111679803],[118.927521996,32.1118174],[118.927480497,32.112230797],[118.927445705,32.112599301],[118.927449502,32.113306798],[118.926901096,32.113297298],[118.926636403,32.113292704]]],"type":"Polygon"},"id":"osm_way_224937908","properties":{"area_m2":40805.724784,"asset_id":"osm_way_224937908","center":[211.875969,-396.294439],"geometry_role":"mapped_vegetation_outline","id":"osm_way_224937908","map_feature_id":null,"name":"","osm_id":224937908,"osm_type":"way","osm_version":8,"source_timestamp":"2026-05-21T00:28:37Z","source_url":"https://www.openstreetmap.org/way/224937908","space_id":null,"tags":{"leisure":"park","wheelchair":"limited"},"vegetation":"park"},"type":"Feature"},{"geometry":{"coordinates":[[[118.926043396,32.113309096],[118.9240447,32.113319404],[118.924040997,32.112811604],[118.926039701,32.112801197],[118.926043396,32.113309096]]],"type":"Polygon"},"id":"osm_way_224937955","properties":{"area_m2":10623.292213,"asset_id":"osm_way_224937955","center":[7.827577,-214.98376],"geometry_role":"mapped_vegetation_outline","id":"osm_way_224937955","map_feature_id":null,"name":"","osm_id":224937955,"osm_type":"way","osm_version":2,"source_timestamp":"2013-06-11T06:48:49Z","source_url":"https://www.openstreetmap.org/way/224937955","space_id":null,"tags":{"landuse":"grass"},"vegetation":"grass"},"type":"Feature"},{"geometry":{"coordinates":[[[118.927898399,32.117382798],[118.927925104,32.117442199],[118.927983698,32.117518702],[118.927890695,32.117758303],[118.927780705,32.117949097],[118.927676098,32.118149],[118.9274615,32.118480701],[118.926521998,32.118028501],[118.925793205,32.119080396],[118.925726103,32.119050904],[118.925532102,32.119353498],[118.925905402,32.119534196],[118.9258334,32.119639204],[118.924342101,32.1189214],[118.924350197,32.118821396],[118.9242912,32.118730602],[118.924214898,32.118687404],[118.924153804,32.118658803],[118.924146798,32.118653696],[118.924142998,32.118647396],[118.924144005,32.118639804],[118.924147296,32.118632502],[118.924631996,32.117922097],[118.925036896,32.117296396],[118.925077104,32.117234299],[118.9250781,32.117227204],[118.925075905,32.117220599],[118.924955201,32.117073001],[118.924949302,32.117064603],[118.924945896,32.117053796],[118.924920705,32.116936196],[118.924917097,32.116926898],[118.924911901,32.116919698],[118.924684499,32.116794304],[118.924677603,32.116788402],[118.9246742,32.116780797],[118.924608303,32.116478403],[118.924607595,32.116467897],[118.924609702,32.116456699],[118.924696801,32.116231802],[118.924700097,32.116220198],[118.924701903,32.116207299],[118.924704495,32.115342298],[118.924702999,32.115332598],[118.924697598,32.115322704],[118.924641697,32.115264197],[118.924635301,32.115258396],[118.924627299,32.1152538],[118.924575101,32.1152309],[118.924536095,32.115213896],[118.924526999,32.115209696],[118.924519005,32.115204496],[118.924445995,32.115154403],[118.924434199,32.115148801],[118.924420304,32.115146703],[118.923874102,32.115150297],[118.923863495,32.1151509],[118.923853096,32.115155298],[118.923811003,32.115179604],[118.9238028,32.115183102],[118.923793798,32.115184403],[118.923756405,32.115184204],[118.923740997,32.115182202],[118.923727204,32.115177396],[118.923262,32.114955697],[118.923253502,32.1149487],[118.923249098,32.114936798],[118.923251997,32.114921403],[118.9232606,32.114910702],[118.923371805,32.114766902],[118.923615701,32.114372502],[118.923789903,32.113932503],[118.923942,32.113538099],[118.923968398,32.113499699],[118.924003699,32.113486102],[118.926098198,32.113475699],[118.926124601,32.113482504],[118.926131702,32.113503204],[118.926133696,32.114650497],[118.926144398,32.114668599],[118.926168201,32.114679204],[118.926245902,32.1146797],[118.926336596,32.114679203],[118.926903395,32.114676503],[118.927139702,32.114664003],[118.927376102,32.114644304],[118.927565299,32.114596796],[118.927589198,32.114598903],[118.927603896,32.114615004],[118.927635602,32.114728301],[118.9277158,32.114926698],[118.927804703,32.115131798],[118.927924203,32.115375297],[118.928011396,32.115615996],[118.9280892,32.115922698],[118.928137404,32.116174904],[118.928164297,32.116490697],[118.928153502,32.116761002],[118.928101503,32.117090804],[118.928046602,32.117103699],[118.927987999,32.117136096],[118.927911401,32.1172255],[118.927890502,32.117316698],[118.927898399,32.117382798]]],"type":"Polygon"},"id":"osm_way_224938414","properties":{"area_m2":175476.147493,"asset_id":"osm_way_224938414","center":[82.910518,137.300334],"geometry_role":"mapped_vegetation_outline","id":"osm_way_224938414","map_feature_id":null,"name":"鼎山","osm_id":224938414,"osm_type":"way","osm_version":9,"source_timestamp":"2023-05-16T05:28:12Z","source_url":"https://www.openstreetmap.org/way/224938414","space_id":null,"tags":{"name":"鼎山","natural":"wood"},"vegetation":"wood"},"type":"Feature"},{"geometry":{"coordinates":[[[118.928678899,32.109565003],[118.9286931,32.109609902],[118.928678901,32.1096548],[118.928640095,32.1096876],[118.928587098,32.1096996],[118.928534104,32.1096876],[118.928495403,32.1096548],[118.928481096,32.109609902],[118.928495401,32.109565002],[118.928534098,32.109532096],[118.928587095,32.109520096],[118.9286401,32.109532096],[118.928678899,32.109565003]]],"type":"Polygon"},"id":"osm_way_224938508","properties":{"area_m2":298.700492,"asset_id":"osm_way_224938508","center":[349.180538,-591.561859],"geometry_role":"mapped_vegetation_outline","id":"osm_way_224938508","map_feature_id":null,"name":"","osm_id":224938508,"osm_type":"way","osm_version":2,"source_timestamp":"2013-06-11T06:48:50Z","source_url":"https://www.openstreetmap.org/way/224938508","space_id":null,"tags":{"landuse":"grass"},"vegetation":"grass"},"type":"Feature"},{"geometry":{"coordinates":[[[118.926391304,32.108263001],[118.926221703,32.108264103],[118.926218302,32.107893303],[118.926387902,32.107892201],[118.926391304,32.108263001]]],"type":"Polygon"},"id":"osm_way_224939064","properties":{"area_m2":658.227715,"asset_id":"osm_way_224939064","center":[136.8425,-765.2375],"geometry_role":"mapped_vegetation_outline","id":"osm_way_224939064","map_feature_id":null,"name":"","osm_id":224939064,"osm_type":"way","osm_version":2,"source_timestamp":"2013-06-11T06:48:50Z","source_url":"https://www.openstreetmap.org/way/224939064","space_id":null,"tags":{"landuse":"grass"},"vegetation":"grass"},"type":"Feature"},{"geometry":{"coordinates":[[[118.925999402,32.108273203],[118.925998702,32.107699398],[118.926070005,32.107725001],[118.926071005,32.108273196],[118.925999402,32.108273203]]],"type":"Polygon"},"id":"osm_way_224939102","properties":{"area_m2":419.419853,"asset_id":"osm_way_224939102","center":[111.504227,-775.148584],"geometry_role":"mapped_vegetation_outline","id":"osm_way_224939102","map_feature_id":null,"name":"","osm_id":224939102,"osm_type":"way","osm_version":4,"source_timestamp":"2013-06-23T10:32:09Z","source_url":"https://www.openstreetmap.org/way/224939102","space_id":null,"tags":{"landuse":"grass"},"vegetation":"grass"},"type":"Feature"},{"geometry":{"coordinates":[[[118.926526998,32.108267602],[118.926529402,32.107870503],[118.926594505,32.1078905],[118.926598605,32.108266296],[118.926526998,32.108267602]]],"type":"Polygon"},"id":"osm_way_224939105","properties":{"area_m2":276.385049,"asset_id":"osm_way_224939105","center":[161.121729,-764.956971],"geometry_role":"mapped_vegetation_outline","id":"osm_way_224939105","map_feature_id":null,"name":"","osm_id":224939105,"osm_type":"way","osm_version":2,"source_timestamp":"2013-06-11T06:48:50Z","source_url":"https://www.openstreetmap.org/way/224939105","space_id":null,"tags":{"landuse":"grass"},"vegetation":"grass"},"type":"Feature"},{"geometry":{"coordinates":[[[118.924037602,32.108688803],[118.924051597,32.108733101],[118.924037597,32.1087775],[118.923999198,32.108810004],[118.923946802,32.108821903],[118.9238945,32.108809998],[118.923856104,32.108777498],[118.923842096,32.108733101],[118.923856098,32.108688801],[118.923894497,32.108656298],[118.923946798,32.1086444],[118.923999195,32.108656304],[118.924037602,32.108688803]]],"type":"Polygon"},"id":"osm_way_224939149","properties":{"area_m2":291.87621,"asset_id":"osm_way_224939149","center":[-86.968974,-696.592122],"geometry_role":"mapped_vegetation_outline","id":"osm_way_224939149","map_feature_id":null,"name":"","osm_id":224939149,"osm_type":"way","osm_version":2,"source_timestamp":"2013-06-11T06:48:50Z","source_url":"https://www.openstreetmap.org/way/224939149","space_id":null,"tags":{"landuse":"grass"},"vegetation":"grass"},"type":"Feature"},{"geometry":{"coordinates":[[[118.923457695,32.108700898],[118.923105603,32.108695902],[118.923096996,32.108433504],[118.923087598,32.108258201],[118.9230926,32.1079297],[118.923078702,32.107561503],[118.923071402,32.107301304],[118.923068199,32.107183397],[118.923066605,32.107054804],[118.923068199,32.106976202],[118.923200601,32.107002801],[118.9234373,32.107069999],[118.924151298,32.107305398],[118.925051204,32.107585498],[118.925668999,32.107773403],[118.925798698,32.107825104],[118.925830501,32.107861997],[118.925828004,32.108176101],[118.925828003,32.108549],[118.925794497,32.108605096],[118.925735098,32.108632697],[118.925154998,32.108624897],[118.925144904,32.108592301],[118.925143301,32.108519999],[118.925159205,32.108468896],[118.925180102,32.108435603],[118.925274698,32.108344097],[118.925313203,32.108269696],[118.925313195,32.108159804],[118.925282203,32.1080676],[118.925205203,32.107981103],[118.925096397,32.107906002],[118.924944104,32.107842097],[118.9247683,32.107774797],[118.924616803,32.107737198],[118.924395803,32.107725901],[118.924153904,32.107732203],[118.923925295,32.107720903],[118.9237442,32.107710496],[118.923636505,32.107718599],[118.923549999,32.107765903],[118.9235231,32.107814701],[118.923515397,32.1080982],[118.923507701,32.108132401],[118.923471104,32.108158401],[118.923411495,32.108156799],[118.923367297,32.108142201],[118.923342301,32.108122603],[118.923326904,32.108072102],[118.923328797,32.108011797],[118.923338405,32.107972696],[118.923369203,32.107945097],[118.923428804,32.1079271],[118.923432701,32.107881502],[118.923361502,32.107896203],[118.9233096,32.107927098],[118.923282701,32.107982498],[118.923271099,32.108194297],[118.923451901,32.108200796],[118.923492303,32.108212196],[118.923513402,32.108256197],[118.923513401,32.108655297],[118.923490405,32.108684599],[118.923457695,32.108700898]]],"type":"Polygon"},"id":"osm_way_224939486","properties":{"area_m2":19842.28852,"asset_id":"osm_way_224939486","center":[-56.119796,-796.08015],"geometry_role":"mapped_vegetation_outline","id":"osm_way_224939486","map_feature_id":null,"name":"","osm_id":224939486,"osm_type":"way","osm_version":2,"source_timestamp":"2013-06-11T06:48:49Z","source_url":"https://www.openstreetmap.org/way/224939486","space_id":null,"tags":{"landuse":"grass"},"vegetation":"grass"},"type":"Feature"},{"geometry":{"coordinates":[[[118.925073705,32.109447596],[118.923997198,32.109445597],[118.924006598,32.108949602],[118.924088095,32.108920602],[118.924158299,32.108874104],[118.9241981,32.1088114],[118.925078298,32.1088107],[118.925073705,32.109447596]]],"type":"Polygon"},"id":"osm_way_224939759","properties":{"area_m2":6955.314865,"asset_id":"osm_way_224939759","center":[-30.674893,-650.899925],"geometry_role":"mapped_vegetation_outline","id":"osm_way_224939759","map_feature_id":null,"name":"教1小公园","osm_id":224939759,"osm_type":"way","osm_version":3,"source_timestamp":"2026-05-21T00:27:41Z","source_url":"https://www.openstreetmap.org/way/224939759","space_id":null,"tags":{"leisure":"park","name":"教1小公园","wheelchair":"no"},"vegetation":"park"},"type":"Feature"},{"geometry":{"coordinates":[[[118.925397399,32.109455598],[118.925154802,32.109454101],[118.925150297,32.109265204],[118.925398801,32.109258899],[118.925397399,32.109455598]]],"type":"Polygon"},"id":"osm_way_224939766","properties":{"area_m2":495.513541,"asset_id":"osm_way_224939766","center":[37.234794,-625.067575],"geometry_role":"mapped_vegetation_outline","id":"osm_way_224939766","map_feature_id":null,"name":"","osm_id":224939766,"osm_type":"way","osm_version":4,"source_timestamp":"2017-12-02T02:06:41Z","source_url":"https://www.openstreetmap.org/way/224939766","space_id":null,"tags":{"landuse":"grass"},"vegetation":"grass"},"type":"Feature"},{"geometry":{"coordinates":[[[118.925375604,32.109166],[118.925155796,32.109164698],[118.925165704,32.108839099],[118.925998501,32.108843398],[118.925995896,32.1089353],[118.926038403,32.108940002],[118.926038196,32.1090462],[118.926003797,32.109099604],[118.926004901,32.109023996],[118.925422699,32.109017699],[118.925375604,32.109166]]],"type":"Polygon"},"id":"osm_way_224939777","properties":{"area_m2":1986.407407,"asset_id":"osm_way_224939777","center":[62.577163,-668.495672],"geometry_role":"mapped_vegetation_outline","id":"osm_way_224939777","map_feature_id":null,"name":"","osm_id":224939777,"osm_type":"way","osm_version":3,"source_timestamp":"2017-12-02T02:06:41Z","source_url":"https://www.openstreetmap.org/way/224939777","space_id":null,"tags":{"landuse":"grass"},"vegetation":"grass"},"type":"Feature"},{"geometry":{"coordinates":[[[118.9299354,32.110216303],[118.929623898,32.110053101],[118.928859295,32.109685099],[118.9288559,32.109672298],[118.928876003,32.1095872],[118.928854203,32.109520599],[118.9287956,32.109445404],[118.9287069,32.109394398],[118.928591401,32.109373104],[118.928469201,32.109400003],[118.928437404,32.109381601],[118.928066696,32.1091581],[118.928111696,32.109115998],[118.928176103,32.1091205],[118.928294102,32.109125098],[118.928353104,32.109097799],[118.928347803,32.109038704],[118.928385304,32.108984196],[118.928444295,32.108920604],[118.928433599,32.108838798],[118.928396105,32.108775196],[118.9283639,32.108729796],[118.928285195,32.108702502],[118.928202604,32.108673798],[118.9280366,32.108616203],[118.9279347,32.108584401],[118.927850901,32.108560801],[118.927763102,32.108538904],[118.927661095,32.108520696],[118.927558098,32.108518404],[118.927457296,32.108516204],[118.927344597,32.108488896],[118.927203603,32.108451997],[118.927119297,32.108429902],[118.927025701,32.108381801],[118.926942305,32.108339001],[118.926870501,32.1082901],[118.926830397,32.108251999],[118.926827396,32.1085742],[118.926848696,32.108597399],[118.9269171,32.108614099],[118.927001304,32.108629801],[118.927038902,32.1086661],[118.927024402,32.108717903],[118.926901295,32.108709702],[118.926832902,32.108698602],[118.926793805,32.108671102],[118.926761198,32.108624201],[118.926754703,32.108519296],[118.926761197,32.1081414],[118.926871997,32.108188302],[118.926982705,32.108254497],[118.927155302,32.108293097],[118.927376797,32.108356596],[118.927549397,32.108414497],[118.927679605,32.108428299],[118.927884804,32.1084586],[118.928360299,32.108593802],[118.929184201,32.108833802],[118.929659696,32.109013104],[118.930083105,32.109184197],[118.930320797,32.109283502],[118.930443603,32.1093554],[118.930435001,32.109428002],[118.930352203,32.109553696],[118.9299354,32.110216303]]],"type":"Polygon"},"id":"osm_way_224939838","properties":{"area_m2":21205.353201,"asset_id":"osm_way_224939838","center":[400.075885,-628.458033],"geometry_role":"mapped_vegetation_outline","id":"osm_way_224939838","map_feature_id":null,"name":"","osm_id":224939838,"osm_type":"way","osm_version":7,"source_timestamp":"2013-06-23T11:01:14Z","source_url":"https://www.openstreetmap.org/way/224939838","space_id":null,"tags":{"landuse":"grass"},"vegetation":"grass"},"type":"Feature"},{"geometry":{"coordinates":[[[118.928786102,32.109749603],[118.929889,32.110288003],[118.9296606,32.110680798],[118.929499998,32.111037799],[118.929422501,32.111233196],[118.929346896,32.111462196],[118.929235597,32.111940397],[118.929177897,32.1123581],[118.929171898,32.112824504],[118.929193798,32.113125996],[118.9292276,32.113398796],[118.929309105,32.113757401],[118.929386698,32.114045399],[118.929502,32.114452897],[118.929625203,32.114862097],[118.929834001,32.115523897],[118.930004997,32.116091397],[118.930167998,32.116631898],[118.9303549,32.117236397],[118.9304968,32.117908],[118.930507098,32.118048302],[118.930336803,32.117963898],[118.930349704,32.1179112],[118.930323899,32.117807599],[118.930316704,32.117785999],[118.930303496,32.117777299],[118.930302601,32.117451901],[118.930302004,32.1172388],[118.930228902,32.117238896],[118.930223598,32.116931099],[118.9300574,32.116931],[118.930057901,32.116382396],[118.929875395,32.116382301],[118.929866201,32.115815598],[118.929764202,32.115512198],[118.929638603,32.115089903],[118.929489801,32.1146034],[118.929403503,32.1143223],[118.929283401,32.113896196],[118.929166302,32.113290397],[118.929129305,32.1128949],[118.9291293,32.112559703],[118.929140602,32.112260699],[118.929163901,32.112099798],[118.929203,32.111870903],[118.9292681,32.111459898],[118.929352798,32.111261199],[118.929365803,32.1111923],[118.929326695,32.111126098],[118.929238802,32.111062597],[118.929105301,32.110993703],[118.929046597,32.110990899],[118.9290271,32.110237796],[118.929007597,32.110171602],[118.928919597,32.110130199],[118.928789403,32.110119204],[118.928421301,32.110130196],[118.928388802,32.110119201],[118.928372496,32.110091597],[118.928522302,32.109821303],[118.928603696,32.109832303],[118.928681904,32.109821298],[118.928743798,32.109790898],[118.928786102,32.109749603]]],"type":"Polygon"},"id":"osm_way_224940111","properties":{"area_m2":14543.894541,"asset_id":"osm_way_224940111","center":[424.165632,-302.21513],"geometry_role":"mapped_vegetation_outline","id":"osm_way_224940111","map_feature_id":null,"name":"","osm_id":224940111,"osm_type":"way","osm_version":9,"source_timestamp":"2013-06-11T07:28:12Z","source_url":"https://www.openstreetmap.org/way/224940111","space_id":null,"tags":{"landuse":"grass"},"vegetation":"grass"},"type":"Feature"},{"geometry":{"coordinates":[[[118.923835205,32.110184802],[118.923666795,32.110188804],[118.923668498,32.1097456],[118.923838904,32.1097408],[118.923835205,32.110184802]]],"type":"Polygon"},"id":"osm_way_224940526","properties":{"area_m2":786.380675,"asset_id":"osm_way_224940526","center":[-107.75815,-560.390472],"geometry_role":"mapped_vegetation_outline","id":"osm_way_224940526","map_feature_id":null,"name":"","osm_id":224940526,"osm_type":"way","osm_version":2,"source_timestamp":"2013-06-11T08:05:41Z","source_url":"https://www.openstreetmap.org/way/224940526","space_id":null,"tags":{"landuse":"grass"},"vegetation":"grass"},"type":"Feature"},{"geometry":{"coordinates":[[[118.923688997,32.109783197],[118.923689995,32.109756502],[118.923819095,32.109754802],[118.923819105,32.109778],[118.923755001,32.109778902],[118.923817,32.109806497],[118.923818105,32.109834901],[118.923689997,32.109834899],[118.923688998,32.109809001],[118.923758095,32.109808204],[118.923688997,32.109783197]]],"type":"Polygon"},"id":"osm_way_224940542","properties":{"area_m2":87.97019,"asset_id":"osm_way_224940542","center":[-107.292421,-579.139051],"geometry_role":"mapped_vegetation_outline","id":"osm_way_224940542","map_feature_id":null,"name":"","osm_id":224940542,"osm_type":"way","osm_version":2,"source_timestamp":"2013-06-11T08:05:41Z","source_url":"https://www.openstreetmap.org/way/224940542","space_id":null,"tags":{"natural":"scrub"},"vegetation":"scrub"},"type":"Feature"},{"geometry":{"coordinates":[[[118.923688999,32.1099399],[118.923689002,32.1099193],[118.923787601,32.109917504],[118.923811997,32.109928696],[118.923823105,32.109939901],[118.923825204,32.109957096],[118.9238231,32.109973498],[118.923812998,32.109989003],[118.923794695,32.109994999],[118.923689001,32.109997598],[118.923686904,32.109974404],[118.923779404,32.109971799],[118.923792604,32.109970101],[118.923798696,32.109958897],[118.923796698,32.109946002],[118.923782497,32.109939896],[118.923688999,32.1099399]]],"type":"Polygon"},"id":"osm_way_224940570","properties":{"area_m2":67.959296,"asset_id":"osm_way_224940570","center":[-107.086969,-561.08141],"geometry_role":"mapped_vegetation_outline","id":"osm_way_224940570","map_feature_id":null,"name":"","osm_id":224940570,"osm_type":"way","osm_version":2,"source_timestamp":"2013-06-11T08:05:41Z","source_url":"https://www.openstreetmap.org/way/224940570","space_id":null,"tags":{"natural":"scrub"},"vegetation":"scrub"},"type":"Feature"},{"geometry":{"coordinates":[[[118.923719402,32.110175802],[118.923687905,32.110176704],[118.923689996,32.110094],[118.923719396,32.110093202],[118.923718399,32.110119896],[118.923818005,32.110118103],[118.923817999,32.110146596],[118.923720495,32.110146598],[118.923719402,32.110175802]]],"type":"Polygon"},"id":"osm_way_224940608","properties":{"area_m2":54.845807,"asset_id":"osm_way_224940608","center":[-109.453248,-541.610463],"geometry_role":"mapped_vegetation_outline","id":"osm_way_224940608","map_feature_id":null,"name":"","osm_id":224940608,"osm_type":"way","osm_version":2,"source_timestamp":"2013-06-11T08:05:41Z","source_url":"https://www.openstreetmap.org/way/224940608","space_id":null,"tags":{"natural":"scrub"},"vegetation":"scrub"},"type":"Feature"},{"geometry":{"coordinates":[[[118.926611596,32.120030701],[118.926625796,32.1200755],[118.926611605,32.120120399],[118.926572805,32.120153197],[118.926519897,32.120165196],[118.926466897,32.120153204],[118.926428096,32.120120396],[118.926414001,32.120075504],[118.926428098,32.120030698],[118.926466896,32.1199978],[118.926519899,32.1199858],[118.926572804,32.119997802],[118.926611596,32.120030701]]],"type":"Polygon"},"id":"osm_way_224941413","properties":{"area_m2":298.316078,"asset_id":"osm_way_224941413","center":[133.351841,565.29519],"geometry_role":"mapped_vegetation_outline","id":"osm_way_224941413","map_feature_id":null,"name":"","osm_id":224941413,"osm_type":"way","osm_version":2,"source_timestamp":"2013-06-11T06:34:40Z","source_url":"https://www.openstreetmap.org/way/224941413","space_id":null,"tags":{"landuse":"grass"},"vegetation":"grass"},"type":"Feature"},{"geometry":{"coordinates":[[[118.924162399,32.118845104],[118.924176,32.118888199],[118.924162396,32.118931303],[118.924125105,32.118962797],[118.924074202,32.118974403],[118.924023299,32.118962802],[118.923986096,32.118931304],[118.923972495,32.118888199],[118.923986099,32.118845096],[118.924023303,32.118813504],[118.924074197,32.118801997],[118.924125098,32.118813499],[118.924162399,32.118845104]]],"type":"Polygon"},"id":"osm_way_224941417","properties":{"area_m2":275.431233,"asset_id":"osm_way_224941417","center":[-95.054877,429.528988],"geometry_role":"mapped_vegetation_outline","id":"osm_way_224941417","map_feature_id":null,"name":"","osm_id":224941417,"osm_type":"way","osm_version":2,"source_timestamp":"2013-06-11T06:48:50Z","source_url":"https://www.openstreetmap.org/way/224941417","space_id":null,"tags":{"landuse":"grass"},"vegetation":"grass"},"type":"Feature"},{"geometry":{"coordinates":[[[118.924209604,32.109568298],[118.924070603,32.109567804],[118.924070904,32.109506404],[118.924209905,32.109506898],[118.924209604,32.109568298]]],"type":"Polygon"},"id":"osm_way_224990801","properties":{"area_m2":89.323962,"asset_id":"osm_way_224990801","center":[-70.31,-607.103],"geometry_role":"mapped_vegetation_outline","id":"osm_way_224990801","map_feature_id":null,"name":"","osm_id":224990801,"osm_type":"way","osm_version":2,"source_timestamp":"2013-06-11T07:09:39Z","source_url":"https://www.openstreetmap.org/way/224990801","space_id":null,"tags":{"landuse":"grass"},"vegetation":"grass"},"type":"Feature"},{"geometry":{"coordinates":[[[118.9243723,32.1095678],[118.9242445,32.109567804],[118.9242445,32.109507698],[118.9243723,32.109507704],[118.9243723,32.1095678]]],"type":"Polygon"},"id":"osm_way_224990802","properties":{"area_m2":80.387455,"asset_id":"osm_way_224990802","center":[-54.443651,-606.775254],"geometry_role":"mapped_vegetation_outline","id":"osm_way_224990802","map_feature_id":null,"name":"","osm_id":224990802,"osm_type":"way","osm_version":2,"source_timestamp":"2013-06-11T07:09:38Z","source_url":"https://www.openstreetmap.org/way/224990802","space_id":null,"tags":{"landuse":"grass"},"vegetation":"grass"},"type":"Feature"},{"geometry":{"coordinates":[[[118.924536798,32.109565796],[118.924409602,32.109566304],[118.924411297,32.1095062],[118.924536505,32.109505397],[118.924536798,32.109565796]]],"type":"Polygon"},"id":"osm_way_224990803","properties":{"area_m2":79.5762,"asset_id":"osm_way_224990803","center":[-38.850472,-606.690659],"geometry_role":"mapped_vegetation_outline","id":"osm_way_224990803","map_feature_id":null,"name":"","osm_id":224990803,"osm_type":"way","osm_version":2,"source_timestamp":"2013-06-11T07:09:38Z","source_url":"https://www.openstreetmap.org/way/224990803","space_id":null,"tags":{"landuse":"grass"},"vegetation":"grass"},"type":"Feature"},{"geometry":{"coordinates":[[[118.924701804,32.109564297],[118.924571005,32.109564798],[118.924570702,32.109504399],[118.924701501,32.109503899],[118.924701804,32.109564297]]],"type":"Polygon"},"id":"osm_way_224990804","properties":{"area_m2":82.682783,"asset_id":"osm_way_224990804","center":[-23.4985,-606.6],"geometry_role":"mapped_vegetation_outline","id":"osm_way_224990804","map_feature_id":null,"name":"","osm_id":224990804,"osm_type":"way","osm_version":2,"source_timestamp":"2013-06-11T07:09:38Z","source_url":"https://www.openstreetmap.org/way/224990804","space_id":null,"tags":{"landuse":"grass"},"vegetation":"grass"},"type":"Feature"},{"geometry":{"coordinates":[[[118.924866301,32.109565296],[118.924732504,32.109564796],[118.924732899,32.109500301],[118.924866601,32.109500803],[118.924866301,32.109565296]]],"type":"Polygon"},"id":"osm_way_224990805","properties":{"area_m2":90.281676,"asset_id":"osm_way_224990805","center":[-8.083289,-606.496076],"geometry_role":"mapped_vegetation_outline","id":"osm_way_224990805","map_feature_id":null,"name":"","osm_id":224990805,"osm_type":"way","osm_version":2,"source_timestamp":"2013-06-11T07:09:38Z","source_url":"https://www.openstreetmap.org/way/224990805","space_id":null,"tags":{"landuse":"grass"},"vegetation":"grass"},"type":"Feature"},{"geometry":{"coordinates":[[[118.924992703,32.110446304],[118.924876305,32.110446297],[118.9248763,32.110357203],[118.924992698,32.110357201],[118.924992703,32.110446304]]],"type":"Polygon"},"id":"osm_way_224991425","properties":{"area_m2":108.540028,"asset_id":"osm_way_224991425","center":[2.928093,-509.926747],"geometry_role":"mapped_vegetation_outline","id":"osm_way_224991425","map_feature_id":null,"name":"","osm_id":224991425,"osm_type":"way","osm_version":2,"source_timestamp":"2013-06-11T06:48:53Z","source_url":"https://www.openstreetmap.org/way/224991425","space_id":null,"tags":{"landuse":"grass"},"vegetation":"grass"},"type":"Feature"},{"geometry":{"coordinates":[[[118.925370702,32.110448303],[118.925253797,32.110447898],[118.925254305,32.110356001],[118.925371199,32.110356397],[118.925370702,32.110448303]]],"type":"Polygon"},"id":"osm_way_224991427","properties":{"area_m2":112.439673,"asset_id":"osm_way_224991427","center":[38.597336,-509.245169],"geometry_role":"mapped_vegetation_outline","id":"osm_way_224991427","map_feature_id":null,"name":"","osm_id":224991427,"osm_type":"way","osm_version":2,"source_timestamp":"2013-06-11T06:48:53Z","source_url":"https://www.openstreetmap.org/way/224991427","space_id":null,"tags":{"landuse":"grass"},"vegetation":"grass"},"type":"Feature"},{"geometry":{"coordinates":[[[118.925190996,32.110447302],[118.925060304,32.1104479],[118.925060201,32.110423802],[118.925190904,32.110423204],[118.925190996,32.110447302]]],"type":"Polygon"},"id":"osm_way_224991429","properties":{"area_m2":32.963713,"asset_id":"osm_way_224991429","center":[20.894255,-505.857018],"geometry_role":"mapped_vegetation_outline","id":"osm_way_224991429","map_feature_id":null,"name":"","osm_id":224991429,"osm_type":"way","osm_version":2,"source_timestamp":"2013-06-11T06:48:53Z","source_url":"https://www.openstreetmap.org/way/224991429","space_id":null,"tags":{"landuse":"grass"},"vegetation":"grass"},"type":"Feature"},{"geometry":{"coordinates":[[[118.925500302,32.109576499],[118.925369702,32.109574904],[118.925369899,32.109522201],[118.925500302,32.109522003],[118.925500302,32.109576499]]],"type":"Polygon"},"id":"osm_way_224992394","properties":{"area_m2":73.207335,"asset_id":"osm_way_224992394","center":[51.886519,-603.638163],"geometry_role":"mapped_vegetation_outline","id":"osm_way_224992394","map_feature_id":null,"name":"","osm_id":224992394,"osm_type":"way","osm_version":2,"source_timestamp":"2013-06-11T07:09:39Z","source_url":"https://www.openstreetmap.org/way/224992394","space_id":null,"tags":{"landuse":"grass"},"vegetation":"grass"},"type":"Feature"},{"geometry":{"coordinates":[[[118.925667703,32.109576496],[118.925531499,32.109576502],[118.9255315,32.109521998],[118.925667703,32.109522001],[118.925667703,32.109576496]]],"type":"Polygon"},"id":"osm_way_224992395","properties":{"area_m2":77.689038,"asset_id":"osm_way_224992395","center":[67.379323,-603.323754],"geometry_role":"mapped_vegetation_outline","id":"osm_way_224992395","map_feature_id":null,"name":"","osm_id":224992395,"osm_type":"way","osm_version":2,"source_timestamp":"2013-06-11T07:09:39Z","source_url":"https://www.openstreetmap.org/way/224992395","space_id":null,"tags":{"landuse":"grass"},"vegetation":"grass"},"type":"Feature"},{"geometry":{"coordinates":[[[118.925819802,32.109577501],[118.925697099,32.1095765],[118.925697703,32.1095225],[118.925820395,32.109523502],[118.925819802,32.109577501]]],"type":"Polygon"},"id":"osm_way_224992396","properties":{"area_m2":69.348922,"asset_id":"osm_way_224992396","center":[82.396244,-602.971957],"geometry_role":"mapped_vegetation_outline","id":"osm_way_224992396","map_feature_id":null,"name":"","osm_id":224992396,"osm_type":"way","osm_version":2,"source_timestamp":"2013-06-11T07:09:39Z","source_url":"https://www.openstreetmap.org/way/224992396","space_id":null,"tags":{"landuse":"grass"},"vegetation":"grass"},"type":"Feature"},{"geometry":{"coordinates":[[[118.9259784,32.109579698],[118.925846104,32.109576497],[118.925847902,32.109524897],[118.925980199,32.109528097],[118.9259784,32.109579698]]],"type":"Polygon"},"id":"osm_way_224992397","properties":{"area_m2":71.50642,"asset_id":"osm_way_224992397","center":[96.962,-602.457],"geometry_role":"mapped_vegetation_outline","id":"osm_way_224992397","map_feature_id":null,"name":"","osm_id":224992397,"osm_type":"way","osm_version":2,"source_timestamp":"2013-06-11T07:09:39Z","source_url":"https://www.openstreetmap.org/way/224992397","space_id":null,"tags":{"landuse":"grass"},"vegetation":"grass"},"type":"Feature"},{"geometry":{"coordinates":[[[118.925220402,32.109769803],[118.925038197,32.109769804],[118.925038203,32.109632799],[118.925220398,32.109632798],[118.925220402,32.109769803]]],"type":"Polygon"},"id":"osm_way_224992509","properties":{"area_m2":261.252615,"asset_id":"osm_way_224992509","center":[22.697747,-587.258426],"geometry_role":"mapped_vegetation_outline","id":"osm_way_224992509","map_feature_id":null,"name":"","osm_id":224992509,"osm_type":"way","osm_version":2,"source_timestamp":"2013-06-11T07:09:38Z","source_url":"https://www.openstreetmap.org/way/224992509","space_id":null,"tags":{"landuse":"grass"},"vegetation":"grass"},"type":"Feature"},{"geometry":{"coordinates":[[[118.925216699,32.109855904],[118.925030499,32.109852404],[118.925031699,32.109807604],[118.925217901,32.109811204],[118.925216699,32.109855904]]],"type":"Polygon"},"id":"osm_way_224992510","properties":{"area_m2":87.251573,"asset_id":"osm_way_224992510","center":[21.954759,-572.800891],"geometry_role":"mapped_vegetation_outline","id":"osm_way_224992510","map_feature_id":null,"name":"","osm_id":224992510,"osm_type":"way","osm_version":2,"source_timestamp":"2013-06-11T07:09:38Z","source_url":"https://www.openstreetmap.org/way/224992510","space_id":null,"tags":{"landuse":"grass"},"vegetation":"grass"},"type":"Feature"},{"geometry":{"coordinates":[[[118.924174503,32.109864597],[118.924051998,32.109867],[118.924054903,32.109671604],[118.924075096,32.109635003],[118.924124095,32.109625302],[118.924879302,32.109625303],[118.924876498,32.109718904],[118.924175395,32.109715699],[118.924174503,32.109864597]]],"type":"Polygon"},"id":"osm_way_224992782","properties":{"area_m2":973.532803,"asset_id":"osm_way_224992782","center":[-45.864991,-589.182842],"geometry_role":"mapped_vegetation_outline","id":"osm_way_224992782","map_feature_id":null,"name":"","osm_id":224992782,"osm_type":"way","osm_version":2,"source_timestamp":"2013-06-11T07:09:38Z","source_url":"https://www.openstreetmap.org/way/224992782","space_id":null,"tags":{"landuse":"grass"},"vegetation":"grass"},"type":"Feature"},{"geometry":{"coordinates":[[[118.924054398,32.110401103],[118.9240578,32.1100794],[118.924175199,32.110080096],[118.924174101,32.110216198],[118.924749996,32.110219503],[118.9247482,32.110439902],[118.924088504,32.110437203],[118.924071496,32.110427604],[118.924054398,32.110401103]]],"type":"Polygon"},"id":"osm_way_224992783","properties":{"area_m2":1767.322114,"asset_id":"osm_way_224992783","center":[-49.623527,-520.968279],"geometry_role":"mapped_vegetation_outline","id":"osm_way_224992783","map_feature_id":null,"name":"","osm_id":224992783,"osm_type":"way","osm_version":3,"source_timestamp":"2013-06-11T06:48:53Z","source_url":"https://www.openstreetmap.org/way/224992783","space_id":null,"tags":{"landuse":"grass"},"vegetation":"grass"},"type":"Feature"},{"geometry":{"coordinates":[[[118.924989199,32.110324297],[118.924875399,32.110323403],[118.924874301,32.110242299],[118.924989203,32.110243203],[118.924989199,32.110324297]]],"type":"Polygon"},"id":"osm_way_224992784","properties":{"area_m2":97.051965,"asset_id":"osm_way_224992784","center":[2.92907,-523.070974],"geometry_role":"mapped_vegetation_outline","id":"osm_way_224992784","map_feature_id":null,"name":"","osm_id":224992784,"osm_type":"way","osm_version":2,"source_timestamp":"2013-06-11T06:48:53Z","source_url":"https://www.openstreetmap.org/way/224992784","space_id":null,"tags":{"landuse":"grass"},"vegetation":"grass"},"type":"Feature"},{"geometry":{"coordinates":[[[118.925366905,32.110326995],[118.925252001,32.110327002],[118.925252496,32.110246605],[118.925366898,32.110245902],[118.925366905,32.110326995]]],"type":"Polygon"},"id":"osm_way_224992785","properties":{"area_m2":96.888822,"asset_id":"osm_way_224992785","center":[38.557721,-522.055109],"geometry_role":"mapped_vegetation_outline","id":"osm_way_224992785","map_feature_id":null,"name":"","osm_id":224992785,"osm_type":"way","osm_version":2,"source_timestamp":"2013-06-11T06:48:53Z","source_url":"https://www.openstreetmap.org/way/224992785","space_id":null,"tags":{"landuse":"grass"},"vegetation":"grass"},"type":"Feature"},{"geometry":{"coordinates":[[[118.9250602,32.110269299],[118.925059999,32.1102501],[118.925185604,32.110249002],[118.925185899,32.1102681],[118.9250602,32.110269299]]],"type":"Polygon"},"id":"osm_way_224992786","properties":{"area_m2":25.184874,"asset_id":"osm_way_224992786","center":[20.9861,-525.422154],"geometry_role":"mapped_vegetation_outline","id":"osm_way_224992786","map_feature_id":null,"name":"","osm_id":224992786,"osm_type":"way","osm_version":2,"source_timestamp":"2013-06-11T06:48:53Z","source_url":"https://www.openstreetmap.org/way/224992786","space_id":null,"tags":{"landuse":"grass"},"vegetation":"grass"},"type":"Feature"},{"geometry":{"coordinates":[[[118.925962005,32.110466196],[118.925814697,32.110463305],[118.925818097,32.110242701],[118.925966501,32.110241796],[118.925962005,32.110466196]]],"type":"Polygon"},"id":"osm_way_224993034","properties":{"area_m2":344.346659,"asset_id":"osm_way_224993034","center":[93.240591,-513.678542],"geometry_role":"mapped_vegetation_outline","id":"osm_way_224993034","map_feature_id":null,"name":"","osm_id":224993034,"osm_type":"way","osm_version":2,"source_timestamp":"2013-06-11T06:48:53Z","source_url":"https://www.openstreetmap.org/way/224993034","space_id":null,"tags":{"landuse":"grass"},"vegetation":"grass"},"type":"Feature"},{"geometry":{"coordinates":[[[118.924155403,32.1105114],[118.924154504,32.110641302],[118.924057598,32.110638996],[118.924057199,32.1105119],[118.924074295,32.110497398],[118.9247519,32.110493502],[118.924753396,32.110515802],[118.924155403,32.1105114]]],"type":"Polygon"},"id":"osm_way_224994117","properties":{"area_m2":259.65269,"asset_id":"osm_way_224994117","center":[-60.070428,-495.665745],"geometry_role":"mapped_vegetation_outline","id":"osm_way_224994117","map_feature_id":null,"name":"","osm_id":224994117,"osm_type":"way","osm_version":2,"source_timestamp":"2013-06-11T06:48:53Z","source_url":"https://www.openstreetmap.org/way/224994117","space_id":null,"tags":{"landuse":"grass"},"vegetation":"grass"},"type":"Feature"},{"geometry":{"coordinates":[[[118.924048002,32.110831697],[118.924153296,32.110832198],[118.924151296,32.110956102],[118.924867499,32.110959798],[118.924861801,32.1110922],[118.924084103,32.111087598],[118.9240562,32.111071399],[118.924043996,32.1110433],[118.924048002,32.110831697]]],"type":"Polygon"},"id":"osm_way_224994118","properties":{"area_m2":1264.577657,"asset_id":"osm_way_224994118","center":[-46.972992,-443.426098],"geometry_role":"mapped_vegetation_outline","id":"osm_way_224994118","map_feature_id":null,"name":"","osm_id":224994118,"osm_type":"way","osm_version":2,"source_timestamp":"2013-06-11T06:48:53Z","source_url":"https://www.openstreetmap.org/way/224994118","space_id":null,"tags":{"landuse":"grass"},"vegetation":"grass"},"type":"Feature"},{"geometry":{"coordinates":[[[118.9253878,32.111097099],[118.925389204,32.111027204],[118.925991003,32.11103],[118.925991597,32.110938201],[118.926047399,32.1109381],[118.9260435,32.111071304],[118.926036004,32.1110898],[118.926013201,32.1110995],[118.9253878,32.111097099]]],"type":"Polygon"},"id":"osm_way_224994119","properties":{"area_m2":527.659009,"asset_id":"osm_way_224994119","center":[78.059957,-436.085888],"geometry_role":"mapped_vegetation_outline","id":"osm_way_224994119","map_feature_id":null,"name":"","osm_id":224994119,"osm_type":"way","osm_version":2,"source_timestamp":"2013-06-11T06:48:53Z","source_url":"https://www.openstreetmap.org/way/224994119","space_id":null,"tags":{"landuse":"grass"},"vegetation":"grass"},"type":"Feature"},{"geometry":{"coordinates":[[[118.925204396,32.1110972],[118.925046604,32.111097201],[118.925046598,32.110970198],[118.9252044,32.110970198],[118.925204396,32.1110972]]],"type":"Polygon"},"id":"osm_way_224994120","properties":{"area_m2":209.740029,"asset_id":"osm_way_224994120","center":[19.699753,-439.539579],"geometry_role":"mapped_vegetation_outline","id":"osm_way_224994120","map_feature_id":null,"name":"","osm_id":224994120,"osm_type":"way","osm_version":2,"source_timestamp":"2013-06-11T06:48:52Z","source_url":"https://www.openstreetmap.org/way/224994120","space_id":null,"tags":{"landuse":"grass"},"vegetation":"grass"},"type":"Feature"},{"geometry":{"coordinates":[[[118.925205802,32.111419596],[118.925044,32.111418404],[118.925045198,32.111290202],[118.925207096,32.111291402],[118.925205802,32.111419596]]],"type":"Polygon"},"id":"osm_way_224994121","properties":{"area_m2":217.167354,"asset_id":"osm_way_224994121","center":[19.0657,-403.927951],"geometry_role":"mapped_vegetation_outline","id":"osm_way_224994121","map_feature_id":null,"name":"","osm_id":224994121,"osm_type":"way","osm_version":2,"source_timestamp":"2013-06-11T06:48:51Z","source_url":"https://www.openstreetmap.org/way/224994121","space_id":null,"tags":{"landuse":"grass"},"vegetation":"grass"},"type":"Feature"},{"geometry":{"coordinates":[[[118.925205601,32.111514998],[118.925042495,32.111512797],[118.925045097,32.111472702],[118.925205603,32.111472697],[118.925205601,32.111514998]]],"type":"Polygon"},"id":"osm_way_224994122","properties":{"area_m2":69.779881,"asset_id":"osm_way_224994122","center":[18.781041,-388.576227],"geometry_role":"mapped_vegetation_outline","id":"osm_way_224994122","map_feature_id":null,"name":"","osm_id":224994122,"osm_type":"way","osm_version":2,"source_timestamp":"2013-06-11T06:48:51Z","source_url":"https://www.openstreetmap.org/way/224994122","space_id":null,"tags":{"landuse":"grass"},"vegetation":"grass"},"type":"Feature"},{"geometry":{"coordinates":[[[118.924870305,32.111326197],[118.924871301,32.111377196],[118.924161005,32.1113769],[118.924161,32.111492303],[118.924041302,32.1114912],[118.924042003,32.1113236],[118.924055504,32.111294803],[118.924084204,32.111278799],[118.9248348,32.111285599],[118.924862297,32.111299098],[118.924870305,32.111326197]]],"type":"Polygon"},"id":"osm_way_224994870","properties":{"area_m2":955.283245,"asset_id":"osm_way_224994870","center":[-49.425462,-406.164958],"geometry_role":"mapped_vegetation_outline","id":"osm_way_224994870","map_feature_id":null,"name":"","osm_id":224994870,"osm_type":"way","osm_version":2,"source_timestamp":"2013-06-11T06:48:51Z","source_url":"https://www.openstreetmap.org/way/224994870","space_id":null,"tags":{"landuse":"grass"},"vegetation":"grass"},"type":"Feature"},{"geometry":{"coordinates":[[[118.924036995,32.111731399],[118.924160805,32.111730996],[118.9241608,32.111834801],[118.924875105,32.111835099],[118.924876503,32.1119022],[118.924055004,32.111899798],[118.924045302,32.111894001],[118.924038299,32.111885999],[118.924036995,32.111731399]]],"type":"Polygon"},"id":"osm_way_224994871","properties":{"area_m2":711.76455,"asset_id":"osm_way_224994871","center":[-51.124872,-350.055571],"geometry_role":"mapped_vegetation_outline","id":"osm_way_224994871","map_feature_id":null,"name":"","osm_id":224994871,"osm_type":"way","osm_version":2,"source_timestamp":"2013-06-11T06:48:51Z","source_url":"https://www.openstreetmap.org/way/224994871","space_id":null,"tags":{"landuse":"grass"},"vegetation":"grass"},"type":"Feature"},{"geometry":{"coordinates":[[[118.925370595,32.111900396],[118.9253728,32.111835296],[118.925975198,32.111835603],[118.925975197,32.111749296],[118.926030102,32.1117493],[118.926030605,32.111868601],[118.9260176,32.1118882],[118.925995702,32.111898102],[118.925370595,32.111900396]]],"type":"Polygon"},"id":"osm_way_224994872","properties":{"area_m2":485.350079,"asset_id":"osm_way_224994872","center":[74.862607,-346.966486],"geometry_role":"mapped_vegetation_outline","id":"osm_way_224994872","map_feature_id":null,"name":"","osm_id":224994872,"osm_type":"way","osm_version":2,"source_timestamp":"2013-06-11T06:48:51Z","source_url":"https://www.openstreetmap.org/way/224994872","space_id":null,"tags":{"landuse":"grass"},"vegetation":"grass"},"type":"Feature"},{"geometry":{"coordinates":[[[118.925474203,32.112146602],[118.925216095,32.1121471],[118.925215598,32.111962399],[118.925473697,32.111962],[118.925474203,32.112146602]]],"type":"Polygon"},"id":"osm_way_224995376","properties":{"area_m2":498.785584,"asset_id":"osm_way_224995376","center":[38.379657,-325.988709],"geometry_role":"mapped_vegetation_outline","id":"osm_way_224995376","map_feature_id":null,"name":"","osm_id":224995376,"osm_type":"way","osm_version":2,"source_timestamp":"2013-06-11T06:48:50Z","source_url":"https://www.openstreetmap.org/way/224995376","space_id":null,"tags":{"landuse":"grass"},"vegetation":"grass"},"type":"Feature"},{"geometry":{"coordinates":[[[118.925173703,32.112147997],[118.925060503,32.112147996],[118.925061398,32.111964004],[118.925172704,32.111963601],[118.925173703,32.112147997]]],"type":"Polygon"},"id":"osm_way_224995377","properties":{"area_m2":216.390366,"asset_id":"osm_way_224995377","center":[16.881447,-326.191744],"geometry_role":"mapped_vegetation_outline","id":"osm_way_224995377","map_feature_id":null,"name":"","osm_id":224995377,"osm_type":"way","osm_version":2,"source_timestamp":"2013-06-11T06:48:51Z","source_url":"https://www.openstreetmap.org/way/224995377","space_id":null,"tags":{"landuse":"grass"},"vegetation":"grass"},"type":"Feature"},{"geometry":{"coordinates":[[[118.924821797,32.112204001],[118.9248214,32.112168904],[118.9249743,32.112167499],[118.924974696,32.112203498],[118.924821797,32.112204001]]],"type":"Polygon"},"id":"osm_way_224995378","properties":{"area_m2":56.888076,"asset_id":"osm_way_224995378","center":[-4.015491,-312.167705],"geometry_role":"mapped_vegetation_outline","id":"osm_way_224995378","map_feature_id":null,"name":"","osm_id":224995378,"osm_type":"way","osm_version":2,"source_timestamp":"2013-06-11T06:48:51Z","source_url":"https://www.openstreetmap.org/way/224995378","space_id":null,"tags":{"landuse":"grass"},"vegetation":"grass"},"type":"Feature"},{"geometry":{"coordinates":[[[118.924144501,32.112203997],[118.924144499,32.112316001],[118.924046395,32.112315796],[118.924044801,32.111997904],[118.924060002,32.111966303],[118.924090602,32.111951903],[118.924129396,32.1119518],[118.924469004,32.111951103],[118.924496197,32.111958699],[118.924519997,32.1119768],[118.924546398,32.111992101],[118.924599005,32.1120018],[118.924907204,32.112004203],[118.924932196,32.112008901],[118.924946098,32.112023003],[118.924983597,32.111978301],[118.924965505,32.111966599],[118.924944702,32.111959501],[118.924987702,32.111958297],[118.925008497,32.111963004],[118.925019696,32.111976003],[118.925022396,32.112132403],[118.925007203,32.112147697],[118.924772495,32.112148803],[118.9247739,32.112204098],[118.924144501,32.112203997]]],"type":"Polygon"},"id":"osm_way_224995720","properties":{"area_m2":2291.617574,"asset_id":"osm_way_224995720","center":[-44.722112,-323.308663],"geometry_role":"mapped_vegetation_outline","id":"osm_way_224995720","map_feature_id":null,"name":"","osm_id":224995720,"osm_type":"way","osm_version":3,"source_timestamp":"2013-06-11T06:48:51Z","source_url":"https://www.openstreetmap.org/way/224995720","space_id":null,"tags":{"landuse":"grass"},"vegetation":"grass"},"type":"Feature"},{"geometry":{"coordinates":[[[118.924041804,32.112567697],[118.924142599,32.112568402],[118.924141703,32.112690304],[118.924857602,32.112690001],[118.924857504,32.112526796],[118.924855805,32.1124802],[118.925406997,32.112476797],[118.925406497,32.112370204],[118.925468303,32.112371302],[118.925483204,32.112375901],[118.925489998,32.112393097],[118.925491295,32.112532598],[118.925466999,32.112533798],[118.925466997,32.112576099],[118.925387305,32.112576102],[118.925387304,32.112635603],[118.925466996,32.1126356],[118.925470195,32.112738003],[118.925462803,32.112747802],[118.925452904,32.112752796],[118.924943499,32.112756899],[118.924963303,32.1127507],[118.9249779,32.112738301],[118.924933102,32.112701299],[118.924910095,32.112711904],[118.924879902,32.112715403],[118.924665401,32.112715399],[118.9246144,32.1127222],[118.924574195,32.112736899],[118.924545303,32.112756397],[118.924055205,32.112757398],[118.924040202,32.112744899],[118.924041804,32.112567697]]],"type":"Polygon"},"id":"osm_way_224996124","properties":{"area_m2":2352.846568,"asset_id":"osm_way_224996124","center":[1.488751,-263.181945],"geometry_role":"mapped_vegetation_outline","id":"osm_way_224996124","map_feature_id":null,"name":"","osm_id":224996124,"osm_type":"way","osm_version":2,"source_timestamp":"2013-06-11T06:48:51Z","source_url":"https://www.openstreetmap.org/way/224996124","space_id":null,"tags":{"landuse":"grass"},"vegetation":"grass"},"type":"Feature"},{"geometry":{"coordinates":[[[118.925405801,32.112203301],[118.925249599,32.112203404],[118.925249602,32.112184896],[118.925261704,32.112167701],[118.925457599,32.112168402],[118.925477795,32.112172802],[118.925487603,32.112188699],[118.925489996,32.112302704],[118.9254832,32.1123187],[118.925464299,32.112328999],[118.925406304,32.112330196],[118.925405801,32.112203301]]],"type":"Polygon"},"id":"osm_way_224996125","properties":{"area_m2":192.410136,"asset_id":"osm_way_224996125","center":[44.332161,-306.38121],"geometry_role":"mapped_vegetation_outline","id":"osm_way_224996125","map_feature_id":null,"name":"","osm_id":224996125,"osm_type":"way","osm_version":3,"source_timestamp":"2013-06-11T06:48:51Z","source_url":"https://www.openstreetmap.org/way/224996125","space_id":null,"tags":{"landuse":"grass"},"vegetation":"grass"},"type":"Feature"},{"geometry":{"coordinates":[[[118.924213797,32.111223696],[118.924085998,32.111224403],[118.924085596,32.111170897],[118.924213395,32.111170199],[118.924213797,32.111223696]]],"type":"Polygon"},"id":"osm_way_224997626","properties":{"area_m2":71.561232,"asset_id":"osm_way_224997626","center":[-72.705669,-423.045752],"geometry_role":"mapped_vegetation_outline","id":"osm_way_224997626","map_feature_id":null,"name":"","osm_id":224997626,"osm_type":"way","osm_version":2,"source_timestamp":"2013-06-11T06:48:52Z","source_url":"https://www.openstreetmap.org/way/224997626","space_id":null,"tags":{"landuse":"grass"},"vegetation":"grass"},"type":"Feature"},{"geometry":{"coordinates":[[[118.924381504,32.111224998],[118.924249895,32.111224401],[118.924250196,32.111171597],[118.9243819,32.111172201],[118.924381504,32.111224998]]],"type":"Polygon"},"id":"osm_way_224997627","properties":{"area_m2":72.754773,"asset_id":"osm_way_224997627","center":[-57.026381,-422.655107],"geometry_role":"mapped_vegetation_outline","id":"osm_way_224997627","map_feature_id":null,"name":"","osm_id":224997627,"osm_type":"way","osm_version":2,"source_timestamp":"2013-06-11T06:48:52Z","source_url":"https://www.openstreetmap.org/way/224997627","space_id":null,"tags":{"landuse":"grass"},"vegetation":"grass"},"type":"Feature"},{"geometry":{"coordinates":[[[118.924539902,32.111224096],[118.9244127,32.111224398],[118.924413803,32.1111704],[118.924539698,32.111169902],[118.924539902,32.111224096]]],"type":"Polygon"},"id":"osm_way_224997628","properties":{"area_m2":71.644438,"asset_id":"osm_way_224997628","center":[-41.860686,-422.500777],"geometry_role":"mapped_vegetation_outline","id":"osm_way_224997628","map_feature_id":null,"name":"","osm_id":224997628,"osm_type":"way","osm_version":2,"source_timestamp":"2013-06-11T06:48:52Z","source_url":"https://www.openstreetmap.org/way/224997628","space_id":null,"tags":{"landuse":"grass"},"vegetation":"grass"},"type":"Feature"},{"geometry":{"coordinates":[[[118.924695298,32.111222501],[118.924569997,32.111223504],[118.924571101,32.111173104],[118.924695898,32.111170801],[118.924695298,32.111222501]]],"type":"Polygon"},"id":"osm_way_224997629","properties":{"area_m2":66.795096,"asset_id":"osm_way_224997629","center":[-27.067128,-422.209208],"geometry_role":"mapped_vegetation_outline","id":"osm_way_224997629","map_feature_id":null,"name":"","osm_id":224997629,"osm_type":"way","osm_version":2,"source_timestamp":"2013-06-11T06:48:52Z","source_url":"https://www.openstreetmap.org/way/224997629","space_id":null,"tags":{"landuse":"grass"},"vegetation":"grass"},"type":"Feature"},{"geometry":{"coordinates":[[[118.924856995,32.111220701],[118.924728302,32.1112207],[118.924729396,32.111171302],[118.924858099,32.111171302],[118.924856995,32.111220701]]],"type":"Polygon"},"id":"osm_way_224997630","properties":{"area_m2":66.534863,"asset_id":"osm_way_224997630","center":[-11.979245,-422.105037],"geometry_role":"mapped_vegetation_outline","id":"osm_way_224997630","map_feature_id":null,"name":"","osm_id":224997630,"osm_type":"way","osm_version":2,"source_timestamp":"2013-06-11T06:48:52Z","source_url":"https://www.openstreetmap.org/way/224997630","space_id":null,"tags":{"landuse":"grass"},"vegetation":"grass"},"type":"Feature"},{"geometry":{"coordinates":[[[118.925507201,32.111231503],[118.925378996,32.111233002],[118.925378003,32.111174598],[118.925506198,32.1111731],[118.925507201,32.111231503]]],"type":"Polygon"},"id":"osm_way_224997758","properties":{"area_m2":78.376013,"asset_id":"osm_way_224997758","center":[49.287249,-420.228455],"geometry_role":"mapped_vegetation_outline","id":"osm_way_224997758","map_feature_id":null,"name":"","osm_id":224997758,"osm_type":"way","osm_version":2,"source_timestamp":"2013-06-11T06:48:52Z","source_url":"https://www.openstreetmap.org/way/224997758","space_id":null,"tags":{"landuse":"grass"},"vegetation":"grass"},"type":"Feature"},{"geometry":{"coordinates":[[[118.925661303,32.111233398],[118.925545203,32.111233],[118.925545504,32.111175704],[118.925661605,32.111176102],[118.925661303,32.111233398]]],"type":"Polygon"},"id":"osm_way_224997759","properties":{"area_m2":69.62024,"asset_id":"osm_way_224997759","center":[64.4585,-419.791],"geometry_role":"mapped_vegetation_outline","id":"osm_way_224997759","map_feature_id":null,"name":"","osm_id":224997759,"osm_type":"way","osm_version":2,"source_timestamp":"2013-06-11T06:48:52Z","source_url":"https://www.openstreetmap.org/way/224997759","space_id":null,"tags":{"landuse":"grass"},"vegetation":"grass"},"type":"Feature"},{"geometry":{"coordinates":[[[118.925826103,32.111231],[118.925698402,32.111231797],[118.925698004,32.111177497],[118.925825599,32.111176701],[118.925826103,32.111231]]],"type":"Polygon"},"id":"osm_way_224997760","properties":{"area_m2":72.543242,"asset_id":"osm_way_224997760","center":[79.427478,-419.556584],"geometry_role":"mapped_vegetation_outline","id":"osm_way_224997760","map_feature_id":null,"name":"","osm_id":224997760,"osm_type":"way","osm_version":2,"source_timestamp":"2013-06-11T06:48:52Z","source_url":"https://www.openstreetmap.org/way/224997760","space_id":null,"tags":{"landuse":"grass"},"vegetation":"grass"},"type":"Feature"},{"geometry":{"coordinates":[[[118.925995197,32.111229699],[118.925860303,32.111230597],[118.925859904,32.111178804],[118.925994702,32.111177899],[118.925995197,32.111229699]]],"type":"Polygon"},"id":"osm_way_224997761","properties":{"area_m2":73.102366,"asset_id":"osm_way_224997761","center":[95.044914,-419.277409],"geometry_role":"mapped_vegetation_outline","id":"osm_way_224997761","map_feature_id":null,"name":"","osm_id":224997761,"osm_type":"way","osm_version":2,"source_timestamp":"2013-06-11T06:48:52Z","source_url":"https://www.openstreetmap.org/way/224997761","space_id":null,"tags":{"landuse":"grass"},"vegetation":"grass"},"type":"Feature"},{"geometry":{"coordinates":[[[118.928998301,32.111155897],[118.9285493,32.111165597],[118.928550395,32.111068504],[118.928965701,32.111055998],[118.929074401,32.111065797],[118.929167097,32.111104196],[118.929199996,32.111135704],[118.929228596,32.111185498],[118.929238203,32.111244699],[118.929211205,32.111329496],[118.929128603,32.111332198],[118.929094004,32.111332202],[118.929092795,32.111295899],[118.929091602,32.111186801],[118.928996802,32.111186396],[118.928998301,32.111155897]]],"type":"Polygon"},"id":"osm_way_225001565","properties":{"area_m2":897.581725,"asset_id":"osm_way_225001565","center":[379.789204,-420.173595],"geometry_role":"mapped_vegetation_outline","id":"osm_way_225001565","map_feature_id":null,"name":"","osm_id":225001565,"osm_type":"way","osm_version":2,"source_timestamp":"2013-06-11T07:09:39Z","source_url":"https://www.openstreetmap.org/way/225001565","space_id":null,"tags":{"landuse":"grass"},"vegetation":"grass"},"type":"Feature"},{"geometry":{"coordinates":[[[118.929092003,32.111462798],[118.929092898,32.111406097],[118.929175204,32.111411499],[118.929201403,32.111431799],[118.929204801,32.111458797],[118.929164396,32.111725404],[118.929114696,32.111988897],[118.929080795,32.112148597],[118.928553305,32.112144602],[118.928553305,32.112028703],[118.928872703,32.112028004],[118.928873003,32.112096204],[118.929034201,32.112095804],[118.929033801,32.111973002],[118.9290381,32.111822204],[118.929038902,32.111721797],[118.929034496,32.111560696],[118.9290906,32.111561302],[118.929092003,32.111462798]]],"type":"Polygon"},"id":"osm_way_225001566","properties":{"area_m2":1277.887835,"asset_id":"osm_way_225001566","center":[381.12663,-340.184335],"geometry_role":"mapped_vegetation_outline","id":"osm_way_225001566","map_feature_id":null,"name":"","osm_id":225001566,"osm_type":"way","osm_version":4,"source_timestamp":"2013-06-11T07:20:37Z","source_url":"https://www.openstreetmap.org/way/225001566","space_id":null,"tags":{"landuse":"grass"},"vegetation":"grass"},"type":"Feature"},{"geometry":{"coordinates":[[[118.928910095,32.112329999],[118.928555002,32.1123286],[118.928553604,32.112218801],[118.929068898,32.112210201],[118.929085005,32.1122273],[118.929066205,32.112445396],[118.929062196,32.112758097],[118.929071501,32.112956599],[118.9290883,32.113164204],[118.929042504,32.113164496],[118.928974197,32.113165699],[118.928974305,32.113005098],[118.929035602,32.113005201],[118.929035701,32.112914699],[118.928972297,32.1129147],[118.928972295,32.112741798],[118.929035,32.112741302],[118.929033904,32.112649898],[118.928974304,32.112650401],[118.928970703,32.112465603],[118.929030902,32.112465903],[118.929031395,32.112374502],[118.928909802,32.112374],[118.928910095,32.112329999]]],"type":"Polygon"},"id":"osm_way_225002056","properties":{"area_m2":1333.983965,"asset_id":"osm_way_225002056","center":[375.467378,-267.741167],"geometry_role":"mapped_vegetation_outline","id":"osm_way_225002056","map_feature_id":null,"name":"","osm_id":225002056,"osm_type":"way","osm_version":2,"source_timestamp":"2013-06-11T07:09:40Z","source_url":"https://www.openstreetmap.org/way/225002056","space_id":null,"tags":{"landuse":"grass"},"vegetation":"grass"},"type":"Feature"},{"geometry":{"coordinates":[[[118.929040901,32.113272203],[118.929042504,32.113164496],[118.9290883,32.113164204],[118.929111798,32.113343702],[118.929106295,32.113357703],[118.929082699,32.113372999],[118.928520605,32.113378803],[118.928519203,32.113230004],[118.928888502,32.113229997],[118.9288885,32.1132697],[118.929040901,32.113272203]]],"type":"Polygon"},"id":"osm_way_225002057","properties":{"area_m2":860.19529,"asset_id":"osm_way_225002057","center":[362.732911,-181.750148],"geometry_role":"mapped_vegetation_outline","id":"osm_way_225002057","map_feature_id":null,"name":"","osm_id":225002057,"osm_type":"way","osm_version":3,"source_timestamp":"2013-06-11T07:24:28Z","source_url":"https://www.openstreetmap.org/way/225002057","space_id":null,"tags":{"landuse":"grass"},"vegetation":"grass"},"type":"Feature"},{"geometry":{"coordinates":[[[118.928094204,32.113230002],[118.928440104,32.113230001],[118.928438899,32.113378803],[118.9279368,32.113377197],[118.927919095,32.113359699],[118.927915899,32.113268696],[118.928036,32.113267697],[118.928092796,32.113268401],[118.928094204,32.113230002]]],"type":"Polygon"},"id":"osm_way_225002058","properties":{"area_m2":736.192384,"asset_id":"osm_way_225002058","center":[304.953555,-182.091779],"geometry_role":"mapped_vegetation_outline","id":"osm_way_225002058","map_feature_id":null,"name":"","osm_id":225002058,"osm_type":"way","osm_version":2,"source_timestamp":"2013-06-11T07:09:41Z","source_url":"https://www.openstreetmap.org/way/225002058","space_id":null,"tags":{"landuse":"grass"},"vegetation":"grass"},"type":"Feature"},{"geometry":{"coordinates":[[[118.927959995,32.112281797],[118.9279345,32.1122814],[118.927934702,32.1122179],[118.928476204,32.112216904],[118.9284763,32.112328301],[118.928036102,32.112326501],[118.928035901,32.112364801],[118.927960198,32.112364502],[118.927959995,32.112281797]]],"type":"Polygon"},"id":"osm_way_225002897","properties":{"area_m2":640.920112,"asset_id":"osm_way_225002897","center":[307.516325,-296.702405],"geometry_role":"mapped_vegetation_outline","id":"osm_way_225002897","map_feature_id":null,"name":"","osm_id":225002897,"osm_type":"way","osm_version":2,"source_timestamp":"2013-06-11T07:09:40Z","source_url":"https://www.openstreetmap.org/way/225002897","space_id":null,"tags":{"landuse":"grass"},"vegetation":"grass"},"type":"Feature"},{"geometry":{"coordinates":[[[118.928472398,32.112144798],[118.927946597,32.112142001],[118.927949298,32.112098604],[118.928067195,32.112098702],[118.9281335,32.112099099],[118.928306501,32.112097096],[118.928305503,32.112030999],[118.928474204,32.112029096],[118.928472398,32.112144798]]],"type":"Polygon"},"id":"osm_way_225002899","properties":{"area_m2":367.000174,"asset_id":"osm_way_225002899","center":[314.439991,-315.744918],"geometry_role":"mapped_vegetation_outline","id":"osm_way_225002899","map_feature_id":null,"name":"","osm_id":225002899,"osm_type":"way","osm_version":3,"source_timestamp":"2013-06-11T07:20:37Z","source_url":"https://www.openstreetmap.org/way/225002899","space_id":null,"tags":{"landuse":"grass"},"vegetation":"grass"},"type":"Feature"},{"geometry":{"coordinates":[[[118.928466405,32.111167401],[118.9282283,32.111172597],[118.9282274,32.111077402],[118.9285117,32.111073297],[118.928513096,32.111166401],[118.928466405,32.111167401]]],"type":"Polygon"},"id":"osm_way_225002901","properties":{"area_m2":280.416554,"asset_id":"osm_way_225002901","center":[325.65199,-424.225929],"geometry_role":"mapped_vegetation_outline","id":"osm_way_225002901","map_feature_id":null,"name":"","osm_id":225002901,"osm_type":"way","osm_version":3,"source_timestamp":"2013-06-11T07:20:37Z","source_url":"https://www.openstreetmap.org/way/225002901","space_id":null,"tags":{"landuse":"grass"},"vegetation":"grass"},"type":"Feature"},{"geometry":{"coordinates":[[[118.9264732,32.113945803],[118.926419797,32.113944704],[118.926416804,32.113479898],[118.926421695,32.113471101],[118.926435195,32.113467],[118.926837403,32.113465099],[118.926836895,32.113519097],[118.926538898,32.113519303],[118.926539299,32.113876304],[118.926471301,32.113877104],[118.9264732,32.113945803]]],"type":"Polygon"},"id":"osm_way_225004378","properties":{"area_m2":722.934621,"asset_id":"osm_way_225004378","center":[146.622458,-147.914846],"geometry_role":"mapped_vegetation_outline","id":"osm_way_225004378","map_feature_id":null,"name":"","osm_id":225004378,"osm_type":"way","osm_version":3,"source_timestamp":"2013-06-11T06:48:48Z","source_url":"https://www.openstreetmap.org/way/225004378","space_id":null,"tags":{"landuse":"grass"},"vegetation":"grass"},"type":"Feature"},{"geometry":{"coordinates":[[[118.926420097,32.114539602],[118.926420501,32.114112896],[118.926474304,32.114114404],[118.9264761,32.114179696],[118.9265396,32.114184204],[118.92654,32.114518503],[118.926834299,32.114519697],[118.9268343,32.114583798],[118.926473996,32.114591004],[118.926437001,32.114572401],[118.926420097,32.114539602]]],"type":"Polygon"},"id":"osm_way_225004379","properties":{"area_m2":749.168564,"asset_id":"osm_way_225004379","center":[146.07062,-61.953087],"geometry_role":"mapped_vegetation_outline","id":"osm_way_225004379","map_feature_id":null,"name":"","osm_id":225004379,"osm_type":"way","osm_version":2,"source_timestamp":"2013-06-11T06:48:48Z","source_url":"https://www.openstreetmap.org/way/225004379","space_id":null,"tags":{"landuse":"grass"},"vegetation":"grass"},"type":"Feature"},{"geometry":{"coordinates":[[[118.927251797,32.1145724],[118.926985795,32.114582403],[118.926985798,32.114520998],[118.927273003,32.114522498],[118.927275895,32.114141798],[118.927340995,32.114143296],[118.927331801,32.114566997],[118.927251797,32.1145724]]],"type":"Polygon"},"id":"osm_way_225004380","properties":{"area_m2":443.131939,"asset_id":"osm_way_225004380","center":[212.260614,-59.850936],"geometry_role":"mapped_vegetation_outline","id":"osm_way_225004380","map_feature_id":null,"name":"","osm_id":225004380,"osm_type":"way","osm_version":2,"source_timestamp":"2013-06-11T06:48:48Z","source_url":"https://www.openstreetmap.org/way/225004380","space_id":null,"tags":{"landuse":"grass"},"vegetation":"grass"},"type":"Feature"},{"geometry":{"coordinates":[[[118.927472297,32.114533903],[118.927378004,32.114556796],[118.927381397,32.114280101],[118.927516102,32.114281604],[118.927534604,32.114389898],[118.927566598,32.114498302],[118.927472297,32.114533903]]],"type":"Polygon"},"id":"osm_way_225004381","properties":{"area_m2":423.000192,"asset_id":"osm_way_225004381","center":[233.031817,-60.794474],"geometry_role":"mapped_vegetation_outline","id":"osm_way_225004381","map_feature_id":null,"name":"","osm_id":225004381,"osm_type":"way","osm_version":2,"source_timestamp":"2013-06-11T06:48:48Z","source_url":"https://www.openstreetmap.org/way/225004381","space_id":null,"tags":{"landuse":"grass"},"vegetation":"grass"},"type":"Feature"},{"geometry":{"coordinates":[[[118.927280704,32.113521496],[118.926969198,32.113519798],[118.926970098,32.113466804],[118.927312103,32.113468002],[118.927330198,32.113474797],[118.927334703,32.113488997],[118.927330195,32.113924902],[118.927277599,32.1139249],[118.927280704,32.113521496]]],"type":"Polygon"},"id":"osm_way_225004382","properties":{"area_m2":426.709948,"asset_id":"osm_way_225004382","center":[213.407796,-149.875274],"geometry_role":"mapped_vegetation_outline","id":"osm_way_225004382","map_feature_id":null,"name":"","osm_id":225004382,"osm_type":"way","osm_version":3,"source_timestamp":"2013-06-11T06:48:48Z","source_url":"https://www.openstreetmap.org/way/225004382","space_id":null,"tags":{"landuse":"grass"},"vegetation":"grass"},"type":"Feature"},{"geometry":{"coordinates":[[[118.927485296,32.113788097],[118.927378198,32.113788096],[118.927377805,32.113470402],[118.927403999,32.113469804],[118.927405398,32.113495497],[118.927427801,32.113495499],[118.927427798,32.113478696],[118.927427799,32.113469704],[118.927445296,32.113469699],[118.927464497,32.113479201],[118.927472501,32.113495504],[118.927485296,32.113788097]]],"type":"Polygon"},"id":"osm_way_225004383","properties":{"area_m2":325.699059,"asset_id":"osm_way_225004383","center":[231.834694,-147.077682],"geometry_role":"mapped_vegetation_outline","id":"osm_way_225004383","map_feature_id":null,"name":"","osm_id":225004383,"osm_type":"way","osm_version":2,"source_timestamp":"2013-06-11T06:48:48Z","source_url":"https://www.openstreetmap.org/way/225004383","space_id":null,"tags":{"landuse":"grass"},"vegetation":"grass"},"type":"Feature"},{"geometry":{"coordinates":[[[118.9278662,32.113827304],[118.927700603,32.1138273],[118.927680197,32.113581498],[118.927680204,32.1134528],[118.927693803,32.113439298],[118.927714304,32.113433502],[118.927866197,32.113433498],[118.9278662,32.113827304]]],"type":"Polygon"},"id":"osm_way_225006155","properties":{"area_m2":737.909484,"asset_id":"osm_way_225006155","center":[264.719775,-147.549364],"geometry_role":"mapped_vegetation_outline","id":"osm_way_225006155","map_feature_id":null,"name":"","osm_id":225006155,"osm_type":"way","osm_version":2,"source_timestamp":"2013-06-11T06:48:48Z","source_url":"https://www.openstreetmap.org/way/225006155","space_id":null,"tags":{"landuse":"grass"},"vegetation":"grass"},"type":"Feature"},{"geometry":{"coordinates":[[[118.928053501,32.113433703],[118.928055,32.113475296],[118.927964102,32.113475598],[118.927965795,32.113826301],[118.927915597,32.113826398],[118.927917096,32.113434996],[118.928053501,32.113433703]]],"type":"Polygon"},"id":"osm_way_225006156","properties":{"area_m2":237.79662,"asset_id":"osm_way_225006156","center":[281.310469,-149.837955],"geometry_role":"mapped_vegetation_outline","id":"osm_way_225006156","map_feature_id":null,"name":"","osm_id":225006156,"osm_type":"way","osm_version":3,"source_timestamp":"2013-06-11T06:48:47Z","source_url":"https://www.openstreetmap.org/way/225006156","space_id":null,"tags":{"landuse":"grass"},"vegetation":"grass"},"type":"Feature"},{"geometry":{"coordinates":[[[118.927747396,32.114130497],[118.927862604,32.114133099],[118.927870202,32.114497503],[118.927830796,32.114496299],[118.927808101,32.114480897],[118.927791404,32.114439797],[118.927747396,32.114130497]]],"type":"Polygon"},"id":"osm_way_225006466","properties":{"area_m2":348.757647,"asset_id":"osm_way_225006466","center":[267.390655,-73.216262],"geometry_role":"mapped_vegetation_outline","id":"osm_way_225006466","map_feature_id":null,"name":"","osm_id":225006466,"osm_type":"way","osm_version":2,"source_timestamp":"2013-06-11T06:48:48Z","source_url":"https://www.openstreetmap.org/way/225006466","space_id":null,"tags":{"landuse":"grass"},"vegetation":"grass"},"type":"Feature"},{"geometry":{"coordinates":[[[118.927918703,32.114496304],[118.927918697,32.114133101],[118.927966702,32.114131504],[118.9279687,32.114448299],[118.928068603,32.114449799],[118.928068701,32.1144988],[118.927918703,32.114496304]]],"type":"Polygon"},"id":"osm_way_225006467","properties":{"area_m2":238.562606,"asset_id":"osm_way_225006467","center":[280.547973,-67.109229],"geometry_role":"mapped_vegetation_outline","id":"osm_way_225006467","map_feature_id":null,"name":"","osm_id":225006467,"osm_type":"way","osm_version":2,"source_timestamp":"2013-06-11T06:48:48Z","source_url":"https://www.openstreetmap.org/way/225006467","space_id":null,"tags":{"landuse":"grass"},"vegetation":"grass"},"type":"Feature"},{"geometry":{"coordinates":[[[118.928406105,32.113473799],[118.928108005,32.113475102],[118.928108003,32.113433703],[118.928462605,32.113433704],[118.928485303,32.113442702],[118.9284959,32.113456801],[118.928503503,32.113948297],[118.9284944,32.113962398],[118.928409096,32.113963697],[118.928406105,32.113473799]]],"type":"Polygon"},"id":"osm_way_225006468","properties":{"area_m2":634.06916,"asset_id":"osm_way_225006468","center":[324.804383,-143.676426],"geometry_role":"mapped_vegetation_outline","id":"osm_way_225006468","map_feature_id":null,"name":"","osm_id":225006468,"osm_type":"way","osm_version":2,"source_timestamp":"2013-06-11T06:48:48Z","source_url":"https://www.openstreetmap.org/way/225006468","space_id":null,"tags":{"landuse":"grass"},"vegetation":"grass"},"type":"Feature"},{"geometry":{"coordinates":[[[118.928417102,32.114500104],[118.928123204,32.114498799],[118.928126197,32.114450103],[118.9284104,32.114449499],[118.928409303,32.114007303],[118.928486798,32.114008603],[118.928501995,32.114020205],[118.928495902,32.114473198],[118.928458001,32.114493699],[118.928417102,32.114500104]]],"type":"Polygon"},"id":"osm_way_225006469","properties":{"area_m2":597.547367,"asset_id":"osm_way_225006469","center":[322.950737,-71.490118],"geometry_role":"mapped_vegetation_outline","id":"osm_way_225006469","map_feature_id":null,"name":"","osm_id":225006469,"osm_type":"way","osm_version":2,"source_timestamp":"2013-06-11T06:48:47Z","source_url":"https://www.openstreetmap.org/way/225006469","space_id":null,"tags":{"landuse":"grass"},"vegetation":"grass"},"type":"Feature"},{"geometry":{"coordinates":[[[118.928780405,32.1134344],[118.928780401,32.113514799],[118.928682503,32.113515903],[118.928683203,32.113564796],[118.928572199,32.113566],[118.928570899,32.113464398],[118.9285771,32.113442296],[118.928587898,32.113435701],[118.928780405,32.1134344]]],"type":"Polygon"},"id":"osm_way_225088249","properties":{"area_m2":232.38499,"asset_id":"osm_way_225088249","center":[348.77253,-161.04267],"geometry_role":"mapped_vegetation_outline","id":"osm_way_225088249","map_feature_id":null,"name":"","osm_id":225088249,"osm_type":"way","osm_version":2,"source_timestamp":"2013-06-11T06:48:47Z","source_url":"https://www.openstreetmap.org/way/225088249","space_id":null,"tags":{"landuse":"grass"},"vegetation":"grass"},"type":"Feature"},{"geometry":{"coordinates":[[[118.928980697,32.113514002],[118.928822002,32.113514598],[118.928822002,32.113437004],[118.929076195,32.113433104],[118.929105504,32.113441],[118.929127102,32.113456599],[118.9291745,32.113670999],[118.929235004,32.113899801],[118.929329795,32.114239597],[118.929392499,32.114446999],[118.929380803,32.114473902],[118.929340797,32.114488004],[118.928925703,32.114486601],[118.928927298,32.114346802],[118.929030701,32.114345398],[118.929031398,32.114384099],[118.929131596,32.114382996],[118.929233999,32.1143824],[118.929233099,32.114267101],[118.929159401,32.114267502],[118.929150699,32.114006496],[118.9291495,32.113921299],[118.929102502,32.113921898],[118.929100702,32.113681702],[118.929100697,32.113563097],[118.928980696,32.113562301],[118.928980697,32.113514002]]],"type":"Polygon"},"id":"osm_way_225090743","properties":{"area_m2":1859.232274,"asset_id":"osm_way_225090743","center":[393.613021,-98.897357],"geometry_role":"mapped_vegetation_outline","id":"osm_way_225090743","map_feature_id":null,"name":"","osm_id":225090743,"osm_type":"way","osm_version":2,"source_timestamp":"2013-06-11T06:48:47Z","source_url":"https://www.openstreetmap.org/way/225090743","space_id":null,"tags":{"landuse":"grass"},"vegetation":"grass"},"type":"Feature"},{"geometry":{"coordinates":[[[118.928582202,32.1144583],[118.928582695,32.114384],[118.928678205,32.114383699],[118.928796599,32.114383104],[118.928797295,32.114348197],[118.928885705,32.114345398],[118.928882304,32.114488001],[118.928632305,32.114489402],[118.928597201,32.114478104],[118.928582202,32.1144583]]],"type":"Polygon"},"id":"osm_way_225090744","properties":{"area_m2":360.218215,"asset_id":"osm_way_225090744","center":[354.517155,-57.011532],"geometry_role":"mapped_vegetation_outline","id":"osm_way_225090744","map_feature_id":null,"name":"","osm_id":225090744,"osm_type":"way","osm_version":2,"source_timestamp":"2013-06-11T06:48:47Z","source_url":"https://www.openstreetmap.org/way/225090744","space_id":null,"tags":{"landuse":"grass"},"vegetation":"grass"},"type":"Feature"},{"geometry":{"coordinates":[[[118.928769803,32.114550101],[118.928778198,32.114562302],[118.928778801,32.114613099],[118.928249302,32.114619101],[118.928253599,32.114665702],[118.928141395,32.114666401],[118.928142,32.114739503],[118.928142198,32.114771104],[118.9283586,32.114770504],[118.9283565,32.114959899],[118.928210695,32.114961299],[118.928211802,32.115038101],[118.928212399,32.1151139],[118.928063098,32.115113802],[118.928046204,32.115109197],[118.928036201,32.115098202],[118.927830403,32.114587996],[118.927836896,32.114561101],[118.927884805,32.114548402],[118.927940895,32.114544202],[118.928338304,32.114545202],[118.928752897,32.114541898],[118.928769803,32.114550101]]],"type":"Polygon"},"id":"osm_way_225092101","properties":{"area_m2":2339.485495,"asset_id":"osm_way_225092101","center":[299.306498,-20.843959],"geometry_role":"mapped_vegetation_outline","id":"osm_way_225092101","map_feature_id":null,"name":"","osm_id":225092101,"osm_type":"way","osm_version":3,"source_timestamp":"2013-06-11T06:48:47Z","source_url":"https://www.openstreetmap.org/way/225092101","space_id":null,"tags":{"landuse":"grass"},"vegetation":"grass"},"type":"Feature"},{"geometry":{"coordinates":[[[118.928430001,32.115165802],[118.9284304,32.115214996],[118.9284306,32.115250196],[118.928289102,32.1152508],[118.928289699,32.1153437],[118.928380597,32.115343299],[118.928379402,32.115497098],[118.928581195,32.115497703],[118.928580305,32.115534002],[118.928429604,32.115535901],[118.928429604,32.115624598],[118.928625897,32.115622699],[118.928625901,32.115598698],[118.928960903,32.115595596],[118.928962901,32.115709201],[118.928953798,32.115722797],[118.928939305,32.115729602],[118.928304603,32.115730397],[118.928275296,32.115719596],[118.928258796,32.115702503],[118.928217501,32.115537401],[118.928076104,32.115186498],[118.928079898,32.115172902],[118.928098302,32.115167698],[118.928430001,32.115165802]]],"type":"Polygon"},"id":"osm_way_225092102","properties":{"area_m2":2013.166952,"asset_id":"osm_way_225092102","center":[323.049751,62.111415],"geometry_role":"mapped_vegetation_outline","id":"osm_way_225092102","map_feature_id":null,"name":"","osm_id":225092102,"osm_type":"way","osm_version":3,"source_timestamp":"2013-06-11T06:48:47Z","source_url":"https://www.openstreetmap.org/way/225092102","space_id":null,"tags":{"landuse":"grass"},"vegetation":"grass"},"type":"Feature"},{"geometry":{"coordinates":[[[118.928993204,32.115709903],[118.928992103,32.115595599],[118.929389504,32.115594999],[118.929388901,32.115619703],[118.929569095,32.115620303],[118.929569103,32.115526501],[118.929564896,32.115373902],[118.929481399,32.115373498],[118.929481998,32.115319904],[118.929481701,32.115235298],[118.929393097,32.115235403],[118.9293926,32.115209796],[118.929392697,32.1151575],[118.929572995,32.115157503],[118.929604296,32.115161797],[118.929622903,32.115176801],[118.929674098,32.115363498],[118.929769301,32.115664801],[118.929767203,32.115704104],[118.929742999,32.1157228],[118.929012305,32.115728697],[118.928999298,32.1157225],[118.928993204,32.115709903]]],"type":"Polygon"},"id":"osm_way_225092251","properties":{"area_m2":1781.060889,"asset_id":"osm_way_225092251","center":[420.201644,66.350725],"geometry_role":"mapped_vegetation_outline","id":"osm_way_225092251","map_feature_id":null,"name":"","osm_id":225092251,"osm_type":"way","osm_version":2,"source_timestamp":"2013-06-11T06:48:46Z","source_url":"https://www.openstreetmap.org/way/225092251","space_id":null,"tags":{"landuse":"grass"},"vegetation":"grass"},"type":"Feature"},{"geometry":{"coordinates":[[[118.9292177,32.1146101],[118.928825297,32.114612797],[118.928822496,32.114565298],[118.928825296,32.114550301],[118.928840204,32.114541596],[118.929381199,32.114534497],[118.929416802,32.114548899],[118.929435602,32.114579099],[118.929497603,32.114793898],[118.929585901,32.115072298],[118.929581101,32.115097003],[118.929556905,32.115109503],[118.929387895,32.1151106],[118.9293879,32.115048898],[118.929423405,32.115048997],[118.929423999,32.114946798],[118.929324901,32.1149448],[118.929325105,32.114914203],[118.929326198,32.114764203],[118.929327599,32.114640399],[118.929217598,32.114641498],[118.9292177,32.1146101]]],"type":"Polygon"},"id":"osm_way_225092397","properties":{"area_m2":1357.417503,"asset_id":"osm_way_225092397","center":[408.878448,-18.831038],"geometry_role":"mapped_vegetation_outline","id":"osm_way_225092397","map_feature_id":null,"name":"","osm_id":225092397,"osm_type":"way","osm_version":2,"source_timestamp":"2013-06-11T06:48:47Z","source_url":"https://www.openstreetmap.org/way/225092397","space_id":null,"tags":{"landuse":"grass"},"vegetation":"grass"},"type":"Feature"},{"geometry":{"coordinates":[[[118.928118695,32.117823603],[118.928094298,32.117798396],[118.928097003,32.1177708],[118.928143104,32.117672003],[118.928186501,32.117564101],[118.928216297,32.117545699],[118.928282201,32.117531896],[118.9283378,32.117508302],[118.928389703,32.117514601],[118.929311701,32.117962796],[118.929607604,32.118101604],[118.929645595,32.118143804],[118.929654897,32.118181399],[118.929499296,32.118411998],[118.929445598,32.118426201],[118.929390702,32.118415196],[118.928118695,32.117823603]]],"type":"Polygon"},"id":"osm_way_225094685","properties":{"area_m2":6173.801427,"asset_id":"osm_way_225094685","center":[359.167059,334.861796],"geometry_role":"mapped_vegetation_outline","id":"osm_way_225094685","map_feature_id":null,"name":"","osm_id":225094685,"osm_type":"way","osm_version":4,"source_timestamp":"2013-06-11T06:48:45Z","source_url":"https://www.openstreetmap.org/way/225094685","space_id":null,"tags":{"landuse":"grass"},"vegetation":"grass"},"type":"Feature"},{"geometry":{"coordinates":[[[118.930111599,32.118150796],[118.929519003,32.117871904],[118.929509003,32.1178666],[118.929503103,32.117859204],[118.929503295,32.117824503],[118.929508105,32.117820398],[118.929702402,32.117821603],[118.929702205,32.117874199],[118.929810898,32.117874201],[118.929811497,32.1178216],[118.929902204,32.1178246],[118.929902197,32.117921902],[118.930168903,32.117921804],[118.930168902,32.117824602],[118.930281499,32.117824301],[118.930288495,32.117827901],[118.930294404,32.117835703],[118.930310001,32.117897996],[118.9302984,32.117946003],[118.930282504,32.117939003],[118.930134995,32.118146597],[118.930124095,32.118152897],[118.930111599,32.118150796]]],"type":"Polygon"},"id":"osm_way_225100846","properties":{"area_m2":1286.915761,"asset_id":"osm_way_225100846","center":[462.434416,336.012506],"geometry_role":"mapped_vegetation_outline","id":"osm_way_225100846","map_feature_id":null,"name":"","osm_id":225100846,"osm_type":"way","osm_version":2,"source_timestamp":"2013-06-11T06:48:46Z","source_url":"https://www.openstreetmap.org/way/225100846","space_id":null,"tags":{"landuse":"grass"},"vegetation":"grass"},"type":"Feature"},{"geometry":{"coordinates":[[[118.929456395,32.115818499],[118.929459397,32.115996398],[118.929337501,32.115996397],[118.929311205,32.115963003],[118.929236197,32.115904203],[118.929161197,32.1158629],[118.929071101,32.115837504],[118.928964203,32.115828003],[118.928881705,32.115834302],[118.928800999,32.115850197],[118.928733495,32.115875596],[118.928666004,32.115921704],[118.9285872,32.115994798],[118.928485896,32.115994799],[118.928481904,32.116525003],[118.928412596,32.116524597],[118.928411295,32.116690998],[118.928480603,32.116691404],[118.928482196,32.117300704],[118.928590402,32.1173048],[118.928671601,32.117372201],[118.928770301,32.117425697],[118.928855405,32.117449998],[118.9289736,32.117457901],[118.929086695,32.117445499],[118.929187805,32.117408503],[118.929275603,32.1173579],[118.929328796,32.117301602],[118.929455696,32.1172991],[118.929450096,32.117822599],[118.929447405,32.117830199],[118.929433102,32.117830904],[118.9291429,32.117692],[118.928438603,32.117351903],[118.928425204,32.117332103],[118.928426703,32.117303596],[118.928419301,32.117253498],[118.928391399,32.117197696],[118.928335003,32.1171471],[118.928320302,32.117123296],[118.928318202,32.117090497],[118.928333102,32.116967498],[118.928360398,32.116643799],[118.928367798,32.116427302],[118.928367701,32.116216096],[118.928343799,32.115983597],[118.928324001,32.1158782],[118.928318003,32.115847003],[118.928330395,32.115826999],[118.928361295,32.115820296],[118.929456395,32.115818499]]],"type":"Polygon"},"id":"osm_way_225101766","properties":{"area_m2":5030.146522,"asset_id":"osm_way_225101766","center":[358.544138,214.352036],"geometry_role":"mapped_vegetation_outline","id":"osm_way_225101766","map_feature_id":null,"name":"","osm_id":225101766,"osm_type":"way","osm_version":3,"source_timestamp":"2013-06-11T06:48:46Z","source_url":"https://www.openstreetmap.org/way/225101766","space_id":null,"tags":{"landuse":"grass"},"vegetation":"grass"},"type":"Feature"},{"geometry":{"coordinates":[[[118.929657802,32.118485597],[118.930085101,32.118688802],[118.930055102,32.118733797],[118.929633502,32.118533996],[118.929600901,32.118501699],[118.9296009,32.118463898],[118.929760504,32.118206496],[118.929778999,32.118181401],[118.929809002,32.118172303],[118.929851303,32.118185602],[118.929657802,32.118485597]]],"type":"Polygon"},"id":"osm_way_225102477","properties":{"area_m2":518.422676,"asset_id":"osm_way_225102477","center":[444.897813,393.71466],"geometry_role":"mapped_vegetation_outline","id":"osm_way_225102477","map_feature_id":null,"name":"","osm_id":225102477,"osm_type":"way","osm_version":2,"source_timestamp":"2013-06-11T06:48:46Z","source_url":"https://www.openstreetmap.org/way/225102477","space_id":null,"tags":{"landuse":"grass"},"vegetation":"grass"},"type":"Feature"},{"geometry":{"coordinates":[[[118.9298482,32.118355404],[118.929796498,32.118331497],[118.929879595,32.118200504],[118.930113203,32.118312598],[118.930102096,32.118329697],[118.930185605,32.118368803],[118.930203699,32.118377998],[118.9301909,32.118399298],[118.930157696,32.1184451],[118.929878,32.118310502],[118.9298482,32.118355404]]],"type":"Polygon"},"id":"osm_way_225102825","properties":{"area_m2":397.149892,"asset_id":"osm_way_225102825","center":[464.917822,376.722963],"geometry_role":"mapped_vegetation_outline","id":"osm_way_225102825","map_feature_id":null,"name":"","osm_id":225102825,"osm_type":"way","osm_version":2,"source_timestamp":"2013-06-11T06:48:46Z","source_url":"https://www.openstreetmap.org/way/225102825","space_id":null,"tags":{"landuse":"grass"},"vegetation":"grass"},"type":"Feature"},{"geometry":{"coordinates":[[[118.930058796,32.118560902],[118.930085299,32.118522003],[118.930108905,32.118532304],[118.9301542,32.118464301],[118.930193696,32.118483298],[118.930215101,32.118493696],[118.930142597,32.118601799],[118.930058796,32.118560902]]],"type":"Polygon"},"id":"osm_way_225102826","properties":{"area_m2":103.57571,"asset_id":"osm_way_225102826","center":[478.051082,400.577628],"geometry_role":"mapped_vegetation_outline","id":"osm_way_225102826","map_feature_id":null,"name":"","osm_id":225102826,"osm_type":"way","osm_version":2,"source_timestamp":"2013-06-11T06:48:46Z","source_url":"https://www.openstreetmap.org/way/225102826","space_id":null,"tags":{"landuse":"grass"},"vegetation":"grass"},"type":"Feature"},{"geometry":{"coordinates":[[[118.929779999,32.118359303],[118.929831004,32.118381804],[118.9298215,32.118396497],[118.929858196,32.118413896],[118.929833896,32.118451697],[118.929771904,32.1184223],[118.929762601,32.118406298],[118.929761597,32.1183873],[118.929779999,32.118359303]]],"type":"Polygon"},"id":"osm_way_225102827","properties":{"area_m2":51.485445,"asset_id":"osm_way_225102827","center":[446.631397,385.743064],"geometry_role":"mapped_vegetation_outline","id":"osm_way_225102827","map_feature_id":null,"name":"","osm_id":225102827,"osm_type":"way","osm_version":1,"source_timestamp":"2013-06-10T13:41:49Z","source_url":"https://www.openstreetmap.org/way/225102827","space_id":null,"tags":{"landuse":"meadow"},"vegetation":"meadow"},"type":"Feature"},{"geometry":{"coordinates":[[[118.929851597,32.118461402],[118.929877303,32.118422903],[118.930068603,32.118514302],[118.930042898,32.118552801],[118.929851597,32.118461402]]],"type":"Polygon"},"id":"osm_way_225102828","properties":{"area_m2":101.659939,"asset_id":"osm_way_225102828","center":[461.1105,395.079],"geometry_role":"mapped_vegetation_outline","id":"osm_way_225102828","map_feature_id":null,"name":"","osm_id":225102828,"osm_type":"way","osm_version":2,"source_timestamp":"2013-06-11T06:48:46Z","source_url":"https://www.openstreetmap.org/way/225102828","space_id":null,"tags":{"landuse":"grass"},"vegetation":"grass"},"type":"Feature"},{"geometry":{"coordinates":[[[118.925569004,32.119863598],[118.925435798,32.1200671],[118.925174195,32.119942101],[118.925165904,32.119933398],[118.925168304,32.119922998],[118.925359697,32.119627804],[118.925372197,32.119615897],[118.925390196,32.119617599],[118.925743397,32.119787401],[118.925750899,32.1197959],[118.925749996,32.119805898],[118.925674696,32.119915403],[118.925569004,32.119863598]]],"type":"Polygon"},"id":"osm_way_225106064","properties":{"area_m2":1414.252552,"asset_id":"osm_way_225106064","center":[31.675765,537.032739],"geometry_role":"mapped_vegetation_outline","id":"osm_way_225106064","map_feature_id":null,"name":"","osm_id":225106064,"osm_type":"way","osm_version":3,"source_timestamp":"2013-06-11T06:34:41Z","source_url":"https://www.openstreetmap.org/way/225106064","space_id":null,"tags":{"landuse":"grass"},"vegetation":"grass"},"type":"Feature"},{"geometry":{"coordinates":[[[118.925271297,32.120774803],[118.925223697,32.120615703],[118.925169201,32.120484001],[118.925093902,32.120387204],[118.925003903,32.120284299],[118.924956602,32.120246398],[118.924952701,32.120240297],[118.924954396,32.120233696],[118.925131501,32.1199732],[118.925139699,32.119967402],[118.925153197,32.119968703],[118.925415198,32.120098503],[118.925350004,32.120198203],[118.925864497,32.120446997],[118.925817099,32.1205165],[118.925331799,32.120280097],[118.925333595,32.1204161],[118.925858999,32.120672602],[118.925920995,32.120581103],[118.926056395,32.120644497],[118.926063004,32.120656401],[118.926061297,32.120670497],[118.925945395,32.120847598],[118.925867796,32.121028301],[118.925637804,32.121382602],[118.925624895,32.121386604],[118.925611499,32.121384598],[118.925267899,32.121221099],[118.925259297,32.1212112],[118.925260795,32.1211957],[118.925289697,32.121072597],[118.925300396,32.120915902],[118.925271297,32.120774803]]],"type":"Polygon"},"id":"osm_way_225106065","properties":{"area_m2":7041.199888,"asset_id":"osm_way_225106065","center":[35.187361,633.771265],"geometry_role":"mapped_vegetation_outline","id":"osm_way_225106065","map_feature_id":null,"name":"","osm_id":225106065,"osm_type":"way","osm_version":4,"source_timestamp":"2013-06-11T06:34:40Z","source_url":"https://www.openstreetmap.org/way/225106065","space_id":null,"tags":{"landuse":"grass"},"vegetation":"grass"},"type":"Feature"},{"geometry":{"coordinates":[[[118.925194296,32.120904302],[118.925104197,32.120861802],[118.925030497,32.120826503],[118.925051603,32.120760097],[118.925057899,32.120680901],[118.925051598,32.120615497],[118.925028003,32.1205427],[118.924998097,32.120477196],[118.9249457,32.120408597],[118.924883399,32.120345299],[118.924969596,32.120416],[118.925029799,32.1204864],[118.925082903,32.120560896],[118.925123802,32.120647699],[118.925151595,32.120709997],[118.925176905,32.120804902],[118.9251853,32.120851901],[118.925194296,32.120904302]]],"type":"Polygon"},"id":"osm_way_225106066","properties":{"area_m2":364.129782,"asset_id":"osm_way_225106066","center":[-2.588175,633.1464],"geometry_role":"mapped_vegetation_outline","id":"osm_way_225106066","map_feature_id":null,"name":"","osm_id":225106066,"osm_type":"way","osm_version":2,"source_timestamp":"2013-06-11T06:48:45Z","source_url":"https://www.openstreetmap.org/way/225106066","space_id":null,"tags":{"landuse":"grass"},"vegetation":"grass"},"type":"Feature"},{"geometry":{"coordinates":[[[118.9230158,32.1215556],[118.922613004,32.121352298],[118.922612995,32.121334196],[118.923061795,32.121478697],[118.923097201,32.121422996],[118.923256004,32.121489996],[118.923336996,32.121416205],[118.923578995,32.121496804],[118.923586895,32.121518196],[118.923629104,32.121586697],[118.923694895,32.121646596],[118.9237652,32.121700402],[118.923852105,32.121742699],[118.923948395,32.121775698],[118.924056504,32.121792103],[118.924120805,32.121791098],[118.924191502,32.121785802],[118.924275005,32.121766503],[118.924360797,32.121732098],[118.924418304,32.121692701],[118.924620098,32.121808302],[118.9246575,32.121808301],[118.924774695,32.121767799],[118.924904,32.121694804],[118.925044099,32.121572598],[118.925141001,32.121448496],[118.925204196,32.121344903],[118.925230898,32.121275499],[118.925234397,32.121269502],[118.925244896,32.121268296],[118.925584902,32.121425698],[118.925591305,32.1214384],[118.925592396,32.121453003],[118.925095502,32.122185804],[118.925098405,32.122198901],[118.925189997,32.122242803],[118.925203002,32.122238303],[118.925209698,32.122229101],[118.926378,32.122778303],[118.926562905,32.1225046],[118.926903297,32.122013497],[118.927064304,32.121782404],[118.927113303,32.121729598],[118.927122999,32.121725996],[118.927132603,32.121728601],[118.927258402,32.1217914],[118.927244899,32.121809004],[118.927113102,32.121742697],[118.926906998,32.122036296],[118.927136195,32.122151502],[118.927342002,32.121857898],[118.927300902,32.121837302],[118.927485895,32.121565499],[118.927499196,32.121555402],[118.927522703,32.121555396],[118.9288342,32.122178401],[118.928763799,32.122291405],[118.928559296,32.122644302],[118.928494901,32.122714904],[118.928404004,32.122833604],[118.928157696,32.123263497],[118.9280479,32.123443104],[118.927938002,32.123600299],[118.927854701,32.1236388],[118.927737303,32.123622802],[118.927513802,32.123555404],[118.926980003,32.123344198],[118.926513804,32.123154699],[118.926455698,32.123132304],[118.926195301,32.123031904],[118.925936801,32.122919902],[118.9257174,32.1228079],[118.925410896,32.122657799],[118.924896499,32.122409598],[118.924278502,32.122098698],[118.923448602,32.1216897],[118.9231197,32.121531004],[118.923052203,32.121529198],[118.9230158,32.1215556]]],"type":"Polygon"},"id":"osm_way_225106603","properties":{"area_m2":46039.959799,"asset_id":"osm_way_225106603","center":[149.468722,829.999074],"geometry_role":"mapped_vegetation_outline","id":"osm_way_225106603","map_feature_id":null,"name":"","osm_id":225106603,"osm_type":"way","osm_version":8,"source_timestamp":"2026-04-25T08:16:15Z","source_url":"https://www.openstreetmap.org/way/225106603","space_id":null,"tags":{"landuse":"grass"},"vegetation":"grass"},"type":"Feature"},{"geometry":{"coordinates":[[[118.925169997,32.122215499],[118.925154796,32.122207297],[118.925145103,32.122183796],[118.925314897,32.121928796],[118.925342601,32.121922196],[118.925362499,32.121930498],[118.925367995,32.121954],[118.925200502,32.122209596],[118.925169997,32.122215499]]],"type":"Polygon"},"id":"osm_way_225106950","properties":{"area_m2":204.911919,"asset_id":"osm_way_225106950","center":[10.227081,784.244217],"geometry_role":"mapped_vegetation_outline","id":"osm_way_225106950","map_feature_id":null,"name":"","osm_id":225106950,"osm_type":"way","osm_version":1,"source_timestamp":"2013-06-10T14:35:23Z","source_url":"https://www.openstreetmap.org/way/225106950","space_id":null,"tags":{"landuse":"meadow"},"vegetation":"meadow"},"type":"Feature"},{"geometry":{"coordinates":[[[118.926004099,32.121589102],[118.925731204,32.121456601],[118.925677904,32.121431301],[118.925670805,32.121417798],[118.925673496,32.121401604],[118.925837003,32.121156196],[118.925857799,32.121144696],[118.925887302,32.121138501],[118.925915599,32.121139496],[118.927073503,32.121698203],[118.927077899,32.121703097],[118.927076899,32.121709002],[118.9270179,32.121760499],[118.926163201,32.121357001],[118.926004099,32.121589102]]],"type":"Polygon"},"id":"osm_way_225107324","properties":{"area_m2":2304.60835,"asset_id":"osm_way_225107324","center":[98.951006,713.2642],"geometry_role":"mapped_vegetation_outline","id":"osm_way_225107324","map_feature_id":null,"name":"","osm_id":225107324,"osm_type":"way","osm_version":3,"source_timestamp":"2013-06-11T06:48:44Z","source_url":"https://www.openstreetmap.org/way/225107324","space_id":null,"tags":{"landuse":"grass"},"vegetation":"grass"},"type":"Feature"},{"geometry":{"coordinates":[[[118.927261699,32.1217506],[118.925936498,32.121112697],[118.925925498,32.121096602],[118.925927596,32.121076899],[118.926064998,32.120886997],[118.926083896,32.120872901],[118.926110001,32.120876003],[118.927426604,32.121512403],[118.927436497,32.1215222],[118.927436496,32.121541303],[118.927297301,32.1217482],[118.927279698,32.121754799],[118.927261699,32.1217506]]],"type":"Polygon"},"id":"osm_way_225107427","properties":{"area_m2":4570.239475,"asset_id":"osm_way_225107427","center":[146.15635,702.667037],"geometry_role":"mapped_vegetation_outline","id":"osm_way_225107427","map_feature_id":null,"name":"","osm_id":225107427,"osm_type":"way","osm_version":3,"source_timestamp":"2013-06-11T06:48:45Z","source_url":"https://www.openstreetmap.org/way/225107427","space_id":null,"tags":{"landuse":"grass"},"vegetation":"grass"},"type":"Feature"},{"geometry":{"coordinates":[[[118.926102198,32.120124796],[118.925710097,32.119932696],[118.925781604,32.119820696],[118.925789598,32.119815298],[118.925800204,32.119815696],[118.926171599,32.119998902],[118.926179498,32.120007603],[118.926176899,32.1200176],[118.926102198,32.120124796]]],"type":"Polygon"},"id":"osm_way_225109397","properties":{"area_m2":661.940755,"asset_id":"osm_way_225109397","center":[79.440001,552.416731],"geometry_role":"mapped_vegetation_outline","id":"osm_way_225109397","map_feature_id":null,"name":"","osm_id":225109397,"osm_type":"way","osm_version":3,"source_timestamp":"2013-06-11T06:34:41Z","source_url":"https://www.openstreetmap.org/way/225109397","space_id":null,"tags":{"landuse":"grass"},"vegetation":"grass"},"type":"Feature"},{"geometry":{"coordinates":[[[118.926081205,32.120546602],[118.925980402,32.120493496],[118.926198404,32.120172001],[118.926143705,32.120145198],[118.926218801,32.120027497],[118.926226004,32.120024799],[118.926233995,32.120024804],[118.9262533,32.120037696],[118.926259805,32.120051198],[118.926254704,32.120081798],[118.926262402,32.120130899],[118.9262766,32.120173598],[118.926301103,32.120207399],[118.926326797,32.120232804],[118.926332198,32.120244699],[118.926330803,32.120256004],[118.926132896,32.120553301],[118.926105204,32.120554904],[118.926081205,32.120546602]]],"type":"Polygon"},"id":"osm_way_225109420","properties":{"area_m2":790.455044,"asset_id":"osm_way_225109420","center":[100.073921,592.189832],"geometry_role":"mapped_vegetation_outline","id":"osm_way_225109420","map_feature_id":null,"name":"","osm_id":225109420,"osm_type":"way","osm_version":2,"source_timestamp":"2013-06-11T06:34:40Z","source_url":"https://www.openstreetmap.org/way/225109420","space_id":null,"tags":{"landuse":"grass"},"vegetation":"grass"},"type":"Feature"},{"geometry":{"coordinates":[[[118.926341797,32.11989],[118.925961501,32.119700797],[118.926035504,32.119596696],[118.926399498,32.119774702],[118.926430599,32.119848603],[118.926380303,32.1198649],[118.926341797,32.11989]]],"type":"Polygon"},"id":"osm_way_225111267","properties":{"area_m2":591.492768,"asset_id":"osm_way_225111267","center":[103.648038,528.364435],"geometry_role":"mapped_vegetation_outline","id":"osm_way_225111267","map_feature_id":null,"name":"","osm_id":225111267,"osm_type":"way","osm_version":2,"source_timestamp":"2013-06-11T06:34:40Z","source_url":"https://www.openstreetmap.org/way/225111267","space_id":null,"tags":{"landuse":"grass"},"vegetation":"grass"},"type":"Feature"},{"geometry":{"coordinates":[[[118.926514999,32.119832301],[118.926470604,32.119837396],[118.926438004,32.119759703],[118.926800599,32.119240799],[118.926924896,32.119300897],[118.926560805,32.119832298],[118.926514999,32.119832301]]],"type":"Polygon"},"id":"osm_way_225111268","properties":{"area_m2":967.563228,"asset_id":"osm_way_225111268","center":[148.834555,506.806],"geometry_role":"mapped_vegetation_outline","id":"osm_way_225111268","map_feature_id":null,"name":"","osm_id":225111268,"osm_type":"way","osm_version":2,"source_timestamp":"2013-06-11T06:34:40Z","source_url":"https://www.openstreetmap.org/way/225111268","space_id":null,"tags":{"landuse":"grass"},"vegetation":"grass"},"type":"Feature"},{"geometry":{"coordinates":[[[118.926486698,32.119153804],[118.926129401,32.118973604],[118.926243995,32.118807004],[118.9266027,32.118985099],[118.926486698,32.119153804]]],"type":"Polygon"},"id":"osm_way_225111645","properties":{"area_m2":844.253706,"asset_id":"osm_way_225111645","center":[121.012397,443.581639],"geometry_role":"mapped_vegetation_outline","id":"osm_way_225111645","map_feature_id":null,"name":"","osm_id":225111645,"osm_type":"way","osm_version":2,"source_timestamp":"2013-06-11T06:34:40Z","source_url":"https://www.openstreetmap.org/way/225111645","space_id":null,"tags":{"landuse":"grass"},"vegetation":"grass"},"type":"Feature"},{"geometry":{"coordinates":[[[118.926935303,32.118895001],[118.926860497,32.119004697],[118.926736402,32.118943098],[118.926821599,32.118820003],[118.926930796,32.118873702],[118.926937603,32.118883403],[118.926935303,32.118895001]]],"type":"Polygon"},"id":"osm_way_225111916","properties":{"area_m2":213.439051,"asset_id":"osm_way_225111916","center":[165.908516,436.874159],"geometry_role":"mapped_vegetation_outline","id":"osm_way_225111916","map_feature_id":null,"name":"","osm_id":225111916,"osm_type":"way","osm_version":2,"source_timestamp":"2013-06-11T06:34:39Z","source_url":"https://www.openstreetmap.org/way/225111916","space_id":null,"tags":{"landuse":"grass"},"vegetation":"grass"},"type":"Feature"},{"geometry":{"coordinates":[[[118.925966805,32.119051796],[118.925870197,32.119189198],[118.9258168,32.1191603],[118.925952304,32.118963897],[118.925982595,32.118980601],[118.925941495,32.119039103],[118.925966805,32.119051796]]],"type":"Polygon"},"id":"osm_way_225111917","properties":{"area_m2":132.406494,"asset_id":"osm_way_225111917","center":[77.035018,454.51665],"geometry_role":"mapped_vegetation_outline","id":"osm_way_225111917","map_feature_id":null,"name":"","osm_id":225111917,"osm_type":"way","osm_version":2,"source_timestamp":"2013-06-11T06:34:40Z","source_url":"https://www.openstreetmap.org/way/225111917","space_id":null,"tags":{"landuse":"grass"},"vegetation":"grass"},"type":"Feature"},{"geometry":{"coordinates":[[[118.925806405,32.119174998],[118.925860001,32.119203802],[118.925788696,32.119305201],[118.925841097,32.119331597],[118.925796005,32.119395302],[118.925696595,32.1193459],[118.925696597,32.119335897],[118.925806405,32.119174998]]],"type":"Polygon"},"id":"osm_way_225111918","properties":{"area_m2":172.574669,"asset_id":"osm_way_225111918","center":[65.136652,477.346984],"geometry_role":"mapped_vegetation_outline","id":"osm_way_225111918","map_feature_id":null,"name":"","osm_id":225111918,"osm_type":"way","osm_version":2,"source_timestamp":"2013-06-11T06:34:40Z","source_url":"https://www.openstreetmap.org/way/225111918","space_id":null,"tags":{"landuse":"grass"},"vegetation":"grass"},"type":"Feature"},{"geometry":{"coordinates":[[[118.926418397,32.119274505],[118.926619003,32.119376103],[118.926422401,32.119667798],[118.926409499,32.119678701],[118.926390097,32.119681404],[118.926223799,32.119602102],[118.926217298,32.119589799],[118.926212504,32.119577497],[118.926418397,32.119274505]]],"type":"Polygon"},"id":"osm_way_225111920","properties":{"area_m2":888.703506,"asset_id":"osm_way_225111920","center":[124.351575,499.366593],"geometry_role":"mapped_vegetation_outline","id":"osm_way_225111920","map_feature_id":null,"name":"","osm_id":225111920,"osm_type":"way","osm_version":2,"source_timestamp":"2013-06-11T06:34:40Z","source_url":"https://www.openstreetmap.org/way/225111920","space_id":null,"tags":{"landuse":"grass"},"vegetation":"grass"},"type":"Feature"},{"geometry":{"coordinates":[[[118.925862198,32.119440601],[118.925911602,32.119367197],[118.925971503,32.119395996],[118.925922102,32.119469498],[118.925862198,32.119440601]]],"type":"Polygon"},"id":"osm_way_225111921","properties":{"area_m2":60.959194,"asset_id":"osm_way_225111921","center":[77.757123,491.41511],"geometry_role":"mapped_vegetation_outline","id":"osm_way_225111921","map_feature_id":null,"name":"","osm_id":225111921,"osm_type":"way","osm_version":2,"source_timestamp":"2013-06-11T06:34:40Z","source_url":"https://www.openstreetmap.org/way/225111921","space_id":null,"tags":{"landuse":"grass"},"vegetation":"grass"},"type":"Feature"},{"geometry":{"coordinates":[[[118.926076904,32.119546396],[118.926127305,32.119475603],[118.926183601,32.119504303],[118.926133597,32.119574297],[118.926076904,32.119546396]]],"type":"Polygon"},"id":"osm_way_225111922","properties":{"area_m2":56.484865,"asset_id":"osm_way_225111922","center":[97.686578,503.614226],"geometry_role":"mapped_vegetation_outline","id":"osm_way_225111922","map_feature_id":null,"name":"","osm_id":225111922,"osm_type":"way","osm_version":2,"source_timestamp":"2013-06-11T06:34:40Z","source_url":"https://www.openstreetmap.org/way/225111922","space_id":null,"tags":{"landuse":"grass"},"vegetation":"grass"},"type":"Feature"},{"geometry":{"coordinates":[[[118.927144102,32.118972401],[118.926950604,32.119258403],[118.926842398,32.119204996],[118.926829505,32.119191104],[118.926833001,32.119170901],[118.926993396,32.118927001],[118.927009802,32.118917903],[118.927031498,32.118918998],[118.927144102,32.118972401]]],"type":"Polygon"},"id":"osm_way_225112714","properties":{"area_m2":529.796764,"asset_id":"osm_way_225112714","center":[178.824491,455.962439],"geometry_role":"mapped_vegetation_outline","id":"osm_way_225112714","map_feature_id":null,"name":"","osm_id":225112714,"osm_type":"way","osm_version":2,"source_timestamp":"2013-06-11T06:34:40Z","source_url":"https://www.openstreetmap.org/way/225112714","space_id":null,"tags":{"landuse":"grass"},"vegetation":"grass"},"type":"Feature"},{"geometry":{"coordinates":[[[118.9274279,32.118528898],[118.927166799,32.118922296],[118.927102695,32.118888204],[118.927094005,32.118872598],[118.927094,32.118853197],[118.927322401,32.118510499],[118.927338701,32.118500402],[118.927360504,32.118498501],[118.9274279,32.118528898]]],"type":"Polygon"},"id":"osm_way_225112715","properties":{"area_m2":477.769643,"asset_id":"osm_way_225112715","center":[205.265676,414.488151],"geometry_role":"mapped_vegetation_outline","id":"osm_way_225112715","map_feature_id":null,"name":"","osm_id":225112715,"osm_type":"way","osm_version":2,"source_timestamp":"2013-06-11T06:34:39Z","source_url":"https://www.openstreetmap.org/way/225112715","space_id":null,"tags":{"landuse":"grass"},"vegetation":"grass"},"type":"Feature"},{"geometry":{"coordinates":[[[118.926381703,32.118331696],[118.926407695,32.118344099],[118.926399102,32.118356802],[118.9264769,32.118394997],[118.926377202,32.118536604],[118.926351698,32.118547996],[118.926312599,32.118551901],[118.926282604,32.118544204],[118.926266104,32.118525099],[118.926264595,32.118502204],[118.926381703,32.118331696]]],"type":"Polygon"},"id":"osm_way_225112717","properties":{"area_m2":250.787794,"asset_id":"osm_way_225112717","center":[121.971669,385.095556],"geometry_role":"mapped_vegetation_outline","id":"osm_way_225112717","map_feature_id":null,"name":"","osm_id":225112717,"osm_type":"way","osm_version":2,"source_timestamp":"2013-06-11T06:34:39Z","source_url":"https://www.openstreetmap.org/way/225112717","space_id":null,"tags":{"landuse":"grass"},"vegetation":"grass"},"type":"Feature"},{"geometry":{"coordinates":[[[118.926760602,32.118255496],[118.926540202,32.1181494],[118.9265122,32.118135197],[118.9265282,32.118117898],[118.926546,32.118112603],[118.926563804,32.118112603],[118.926785305,32.118218104],[118.926760602,32.118255496]]],"type":"Polygon"},"id":"osm_way_225112718","properties":{"area_m2":122.93058,"asset_id":"osm_way_225112718","center":[149.609898,355.293932],"geometry_role":"mapped_vegetation_outline","id":"osm_way_225112718","map_feature_id":null,"name":"","osm_id":225112718,"osm_type":"way","osm_version":2,"source_timestamp":"2013-06-11T06:34:39Z","source_url":"https://www.openstreetmap.org/way/225112718","space_id":null,"tags":{"landuse":"grass"},"vegetation":"grass"},"type":"Feature"},{"geometry":{"coordinates":[[[118.927168899,32.118452001],[118.926864496,32.118305497],[118.926887801,32.118270697],[118.927167798,32.118409698],[118.927176799,32.118425003],[118.927176801,32.118441201],[118.927168899,32.118452001]]],"type":"Polygon"},"id":"osm_way_225112719","properties":{"area_m2":137.042402,"asset_id":"osm_way_225112719","center":[184.188974,375.93134],"geometry_role":"mapped_vegetation_outline","id":"osm_way_225112719","map_feature_id":null,"name":"","osm_id":225112719,"osm_type":"way","osm_version":2,"source_timestamp":"2013-06-11T06:34:39Z","source_url":"https://www.openstreetmap.org/way/225112719","space_id":null,"tags":{"landuse":"grass"},"vegetation":"grass"},"type":"Feature"},{"geometry":{"coordinates":[[[118.926414295,32.118533604],[118.926502899,32.118407698],[118.926586103,32.118448498],[118.926501999,32.118564099],[118.926486299,32.118574503],[118.926455904,32.118574496],[118.926430105,32.118568801],[118.926413202,32.118551696],[118.926414295,32.118533604]]],"type":"Polygon"},"id":"osm_way_225112720","properties":{"area_m2":159.959641,"asset_id":"osm_way_225112720","center":[134.115315,390.204653],"geometry_role":"mapped_vegetation_outline","id":"osm_way_225112720","map_feature_id":null,"name":"","osm_id":225112720,"osm_type":"way","osm_version":2,"source_timestamp":"2013-06-11T06:34:39Z","source_url":"https://www.openstreetmap.org/way/225112720","space_id":null,"tags":{"landuse":"grass"},"vegetation":"grass"},"type":"Feature"},{"geometry":{"coordinates":[[[118.926600997,32.118519299],[118.9266224,32.118523104],[118.926758501,32.118590698],[118.926768597,32.1186031],[118.926769698,32.118620202],[118.926721297,32.118688801],[118.926702203,32.118694503],[118.926676404,32.118688799],[118.926560496,32.118634498],[118.926542496,32.118613603],[118.926542499,32.118586004],[118.926585302,32.118526898],[118.926600997,32.118519299]]],"type":"Polygon"},"id":"osm_way_225112721","properties":{"area_m2":261.336102,"asset_id":"osm_way_225112721","center":[148.85506,402.805845],"geometry_role":"mapped_vegetation_outline","id":"osm_way_225112721","map_feature_id":null,"name":"","osm_id":225112721,"osm_type":"way","osm_version":2,"source_timestamp":"2013-06-11T06:34:39Z","source_url":"https://www.openstreetmap.org/way/225112721","space_id":null,"tags":{"landuse":"grass"},"vegetation":"grass"},"type":"Feature"},{"geometry":{"coordinates":[[[118.926757298,32.118714499],[118.926755103,32.118699299],[118.926801197,32.118636399],[118.926814698,32.118629799],[118.926832704,32.118629795],[118.927037398,32.118728797],[118.927045202,32.1187431],[118.927045199,32.118763096],[118.927009196,32.118815497],[118.926998001,32.118826897],[118.926984496,32.118829799],[118.926768602,32.1187269],[118.926757298,32.118714499]]],"type":"Polygon"},"id":"osm_way_225112722","properties":{"area_m2":325.209193,"asset_id":"osm_way_225112722","center":[172.150566,416.515041],"geometry_role":"mapped_vegetation_outline","id":"osm_way_225112722","map_feature_id":null,"name":"","osm_id":225112722,"osm_type":"way","osm_version":2,"source_timestamp":"2013-06-11T06:34:39Z","source_url":"https://www.openstreetmap.org/way/225112722","space_id":null,"tags":{"landuse":"grass"},"vegetation":"grass"},"type":"Feature"},{"geometry":{"coordinates":[[[118.928193499,32.118977697],[118.928127899,32.119065499],[118.9281109,32.119065496],[118.927554003,32.118795901],[118.927527404,32.118766803],[118.927531099,32.1187268],[118.927761302,32.118372601],[118.927792899,32.118360702],[118.927844198,32.1183831],[118.927854197,32.118407499],[118.927774402,32.118544501],[118.927771101,32.118574496],[118.927784396,32.118612004],[118.927839805,32.118656996],[118.927801502,32.118715899],[118.927743697,32.118801896],[118.927909702,32.118881904],[118.927930501,32.118850903],[118.928193499,32.118977697]]],"type":"Polygon"},"id":"osm_way_225199798","properties":{"area_m2":1350.017956,"asset_id":"osm_way_225199798","center":[256.387405,420.236402],"geometry_role":"mapped_vegetation_outline","id":"osm_way_225199798","map_feature_id":null,"name":"","osm_id":225199798,"osm_type":"way","osm_version":1,"source_timestamp":"2013-06-11T06:34:38Z","source_url":"https://www.openstreetmap.org/way/225199798","space_id":null,"tags":{"landuse":"grass"},"vegetation":"grass"},"type":"Feature"},{"geometry":{"coordinates":[[[118.925975499,32.111335796],[118.925398697,32.111335497],[118.925398604,32.111280597],[118.925981105,32.111283299],[118.926011602,32.111292802],[118.9260299,32.111322901],[118.926033995,32.111506302],[118.925975399,32.111504596],[118.925975499,32.111335796]]],"type":"Polygon"},"id":"osm_way_225200151","properties":{"area_m2":448.506419,"asset_id":"osm_way_225200151","center":[80.207087,-405.11652],"geometry_role":"mapped_vegetation_outline","id":"osm_way_225200151","map_feature_id":null,"name":"","osm_id":225200151,"osm_type":"way","osm_version":1,"source_timestamp":"2013-06-11T06:48:43Z","source_url":"https://www.openstreetmap.org/way/225200151","space_id":null,"tags":{"landuse":"grass"},"vegetation":"grass"},"type":"Feature"},{"geometry":{"coordinates":[[[118.925986601,32.109683098],[118.925380401,32.109680197],[118.925382996,32.109635204],[118.925393896,32.1096239],[118.925409797,32.109617597],[118.9259964,32.109623899],[118.926040303,32.109637003],[118.926066102,32.109664003],[118.926062202,32.109850196],[118.926048604,32.109865204],[118.926027697,32.109868796],[118.925985301,32.109867898],[118.925986601,32.109683098]]],"type":"Polygon"},"id":"osm_way_225200152","properties":{"area_m2":572.799365,"asset_id":"osm_way_225200152","center":[85.533403,-588.086265],"geometry_role":"mapped_vegetation_outline","id":"osm_way_225200152","map_feature_id":null,"name":"","osm_id":225200152,"osm_type":"way","osm_version":1,"source_timestamp":"2013-06-11T06:48:43Z","source_url":"https://www.openstreetmap.org/way/225200152","space_id":null,"tags":{"landuse":"grass"},"vegetation":"grass"},"type":"Feature"},{"geometry":{"coordinates":[[[118.9259823,32.1102922],[118.925982997,32.110226997],[118.925983899,32.110090799],[118.926042997,32.110089701],[118.926057602,32.1100994],[118.926061496,32.110110201],[118.926059098,32.110291203],[118.9260257,32.1102919],[118.925987101,32.110291198],[118.9259823,32.1102922]]],"type":"Polygon"},"id":"osm_way_225200153","properties":{"area_m2":161.440432,"asset_id":"osm_way_225200153","center":[105.925496,-531.414389],"geometry_role":"mapped_vegetation_outline","id":"osm_way_225200153","map_feature_id":null,"name":"","osm_id":225200153,"osm_type":"way","osm_version":1,"source_timestamp":"2013-06-11T06:48:44Z","source_url":"https://www.openstreetmap.org/way/225200153","space_id":null,"tags":{"landuse":"grass"},"vegetation":"grass"},"type":"Feature"},{"geometry":{"coordinates":[[[118.927103097,32.109006499],[118.927108402,32.109040602],[118.927020603,32.109014699],[118.926936899,32.1089966],[118.926865603,32.108979998],[118.926817505,32.108940702],[118.9267801,32.108892404],[118.926881704,32.108913604],[118.926993901,32.108940696],[118.927080402,32.1089643],[118.927115404,32.108962297],[118.927103097,32.109006499]]],"type":"Polygon"},"id":"osm_way_225203918","properties":{"area_m2":210.819634,"asset_id":"osm_way_225203918","center":[197.0046,-665.690694],"geometry_role":"mapped_vegetation_outline","id":"osm_way_225203918","map_feature_id":null,"name":"","osm_id":225203918,"osm_type":"way","osm_version":1,"source_timestamp":"2013-06-11T07:33:35Z","source_url":"https://www.openstreetmap.org/way/225203918","space_id":null,"tags":{"natural":"wood"},"vegetation":"wood"},"type":"Feature"},{"geometry":{"coordinates":[[[118.9286031,32.119544703],[118.928473795,32.119482897],[118.9285232,32.119410196],[118.928570897,32.119339903],[118.928706197,32.119405099],[118.9287487,32.119445102],[118.928769101,32.119490402],[118.928764404,32.119539702],[118.928624304,32.1197471],[118.928570898,32.119826103],[118.928521404,32.119798897],[118.928454899,32.119767098],[118.9286031,32.119544703]]],"type":"Polygon"},"id":"osm_way_225204141","properties":{"area_m2":817.587542,"asset_id":"osm_way_225204141","center":[331.997161,512.387333],"geometry_role":"mapped_vegetation_outline","id":"osm_way_225204141","map_feature_id":null,"name":"","osm_id":225204141,"osm_type":"way","osm_version":1,"source_timestamp":"2013-06-11T07:39:42Z","source_url":"https://www.openstreetmap.org/way/225204141","space_id":null,"tags":{"landuse":"grass"},"vegetation":"grass"},"type":"Feature"},{"geometry":{"coordinates":[[[118.928406796,32.119308698],[118.928296495,32.119255504],[118.928318601,32.119224203],[118.928499205,32.119310897],[118.928406601,32.119450603],[118.928334705,32.1194159],[118.928406796,32.119308698]]],"type":"Polygon"},"id":"osm_way_225204385","properties":{"area_m2":186.092571,"asset_id":"osm_way_225204385","center":[312.489759,486.749562],"geometry_role":"mapped_vegetation_outline","id":"osm_way_225204385","map_feature_id":null,"name":"","osm_id":225204385,"osm_type":"way","osm_version":2,"source_timestamp":"2013-06-11T07:50:48Z","source_url":"https://www.openstreetmap.org/way/225204385","space_id":null,"tags":{"landuse":"grass"},"vegetation":"grass"},"type":"Feature"},{"geometry":{"coordinates":[[[118.928146897,32.119183201],[118.928048495,32.119329399],[118.927923097,32.119271898],[118.927996198,32.119161803],[118.928036802,32.119129698],[118.928086404,32.119123801],[118.928138299,32.119139696],[118.9282899,32.119210002],[118.928268399,32.119241898],[118.928146897,32.119183201]]],"type":"Polygon"},"id":"osm_way_225204386","properties":{"area_m2":336.998901,"asset_id":"osm_way_225204386","center":[281.466555,472.527569],"geometry_role":"mapped_vegetation_outline","id":"osm_way_225204386","map_feature_id":null,"name":"","osm_id":225204386,"osm_type":"way","osm_version":1,"source_timestamp":"2013-06-11T07:43:24Z","source_url":"https://www.openstreetmap.org/way/225204386","space_id":null,"tags":{"landuse":"grass"},"vegetation":"grass"},"type":"Feature"},{"geometry":{"coordinates":[[[118.927916104,32.119527001],[118.927847304,32.119493901],[118.927816499,32.119472904],[118.927818499,32.119437996],[118.927893302,32.119316601],[118.928017799,32.119375098],[118.927916104,32.119527001]]],"type":"Polygon"},"id":"osm_way_225205344","properties":{"area_m2":247.896527,"asset_id":"osm_way_225205344","center":[265.699642,495.048087],"geometry_role":"mapped_vegetation_outline","id":"osm_way_225205344","map_feature_id":null,"name":"","osm_id":225205344,"osm_type":"way","osm_version":1,"source_timestamp":"2013-06-11T07:50:47Z","source_url":"https://www.openstreetmap.org/way/225205344","space_id":null,"tags":{"landuse":"grass"},"vegetation":"grass"},"type":"Feature"},{"geometry":{"coordinates":[[[118.927779203,32.119730904],[118.927660198,32.119908397],[118.927555895,32.119856698],[118.927619001,32.119758102],[118.927645197,32.119720201],[118.927673403,32.119697196],[118.927709299,32.119697199],[118.927779203,32.119730904]]],"type":"Polygon"},"id":"osm_way_225205346","properties":{"area_m2":254.807305,"asset_id":"osm_way_225205346","center":[242.111838,536.226862],"geometry_role":"mapped_vegetation_outline","id":"osm_way_225205346","map_feature_id":null,"name":"","osm_id":225205346,"osm_type":"way","osm_version":1,"source_timestamp":"2013-06-11T07:50:47Z","source_url":"https://www.openstreetmap.org/way/225205346","space_id":null,"tags":{"landuse":"grass"},"vegetation":"grass"},"type":"Feature"},{"geometry":{"coordinates":[[[118.927534502,32.119889196],[118.9276379,32.119941702],[118.9275528,32.1200689],[118.9276538,32.120117203],[118.927633198,32.120148499],[118.927522303,32.120095304],[118.927488096,32.120056699],[118.927470599,32.120015404],[118.927483399,32.1199694],[118.927534502,32.119889196]]],"type":"Polygon"},"id":"osm_way_225205347","properties":{"area_m2":240.600043,"asset_id":"osm_way_225205347","center":[230.937178,559.729127],"geometry_role":"mapped_vegetation_outline","id":"osm_way_225205347","map_feature_id":null,"name":"","osm_id":225205347,"osm_type":"way","osm_version":1,"source_timestamp":"2013-06-11T07:50:47Z","source_url":"https://www.openstreetmap.org/way/225205347","space_id":null,"tags":{"landuse":"grass"},"vegetation":"grass"},"type":"Feature"},{"geometry":{"coordinates":[[[118.927875297,32.120266601],[118.927679703,32.120172702],[118.927701195,32.120139896],[118.927805503,32.120189799],[118.927884698,32.120071097],[118.927977101,32.120115301],[118.927875297,32.120266601]]],"type":"Polygon"},"id":"osm_way_225205349","properties":{"area_m2":239.696947,"asset_id":"osm_way_225205349","center":[258.970354,578.161466],"geometry_role":"mapped_vegetation_outline","id":"osm_way_225205349","map_feature_id":null,"name":"","osm_id":225205349,"osm_type":"way","osm_version":1,"source_timestamp":"2013-06-11T07:50:47Z","source_url":"https://www.openstreetmap.org/way/225205349","space_id":null,"tags":{"landuse":"grass"},"vegetation":"grass"},"type":"Feature"},{"geometry":{"coordinates":[[[118.927951398,32.1203062],[118.928056901,32.120153401],[118.928165599,32.120205401],[118.928308502,32.119991097],[118.928372801,32.120021803],[118.928434401,32.120052703],[118.9282282,32.120355902],[118.928184101,32.120376596],[118.928135195,32.120383899],[118.928080097,32.120370397],[118.927951398,32.1203062]]],"type":"Polygon"},"id":"osm_way_225205351","properties":{"area_m2":844.490595,"asset_id":"osm_way_225205351","center":[291.397468,583.42965],"geometry_role":"mapped_vegetation_outline","id":"osm_way_225205351","map_feature_id":null,"name":"","osm_id":225205351,"osm_type":"way","osm_version":1,"source_timestamp":"2013-06-11T07:50:47Z","source_url":"https://www.openstreetmap.org/way/225205351","space_id":null,"tags":{"landuse":"grass"},"vegetation":"grass"},"type":"Feature"},{"geometry":{"coordinates":[[[118.9278668,32.118332996],[118.927840402,32.118323504],[118.927821095,32.118293402],[118.9279318,32.118128501],[118.928017901,32.117955803],[118.928059096,32.117872197],[118.9280864,32.117867298],[118.928775305,32.1181955],[118.928760096,32.118217098],[118.928745297,32.118238601],[118.928384803,32.118061098],[118.928356896,32.118101804],[118.9282568,32.118052496],[118.928195995,32.118141],[118.928174297,32.118176101],[118.928107496,32.118149302],[118.928061798,32.118147798],[118.928010796,32.118161202],[118.9279017,32.118325998],[118.9278668,32.118332996]]],"type":"Polygon"},"id":"osm_way_225205900","properties":{"area_m2":1219.853614,"asset_id":"osm_way_225205900","center":[294.302439,346.744618],"geometry_role":"mapped_vegetation_outline","id":"osm_way_225205900","map_feature_id":null,"name":"","osm_id":225205900,"osm_type":"way","osm_version":1,"source_timestamp":"2013-06-11T07:56:10Z","source_url":"https://www.openstreetmap.org/way/225205900","space_id":null,"tags":{"landuse":"grass"},"vegetation":"grass"},"type":"Feature"},{"geometry":{"coordinates":[[[118.928061802,32.118418596],[118.928023199,32.118399197],[118.927961303,32.118369303],[118.928058097,32.118226296],[118.928092197,32.118213501],[118.928145297,32.118226303],[118.928108897,32.118281902],[118.928053197,32.118361202],[118.928089499,32.118379499],[118.928061802,32.118418596]]],"type":"Polygon"},"id":"osm_way_225205901","properties":{"area_m2":170.949644,"asset_id":"osm_way_225205901","center":[281.427876,372.427636],"geometry_role":"mapped_vegetation_outline","id":"osm_way_225205901","map_feature_id":null,"name":"","osm_id":225205901,"osm_type":"way","osm_version":1,"source_timestamp":"2013-06-11T07:56:10Z","source_url":"https://www.openstreetmap.org/way/225205901","space_id":null,"tags":{"landuse":"grass"},"vegetation":"grass"},"type":"Feature"},{"geometry":{"coordinates":[[[118.927925297,32.118417501],[118.9279888,32.118448697],[118.928029499,32.118469002],[118.928002298,32.118507],[118.9279602,32.118485697],[118.927898596,32.118575504],[118.9278694,32.118615904],[118.927845605,32.118602196],[118.927830499,32.118573303],[118.927840904,32.118540404],[118.927925297,32.118417501]]],"type":"Polygon"},"id":"osm_way_225205902","properties":{"area_m2":159.35419,"asset_id":"osm_way_225205902","center":[268.122301,393.854192],"geometry_role":"mapped_vegetation_outline","id":"osm_way_225205902","map_feature_id":null,"name":"","osm_id":225205902,"osm_type":"way","osm_version":1,"source_timestamp":"2013-06-11T07:56:10Z","source_url":"https://www.openstreetmap.org/way/225205902","space_id":null,"tags":{"landuse":"grass"},"vegetation":"grass"},"type":"Feature"},{"geometry":{"coordinates":[[[118.928198604,32.119088404],[118.928259003,32.119009304],[118.928546401,32.119147802],[118.928527502,32.119175897],[118.928676102,32.119247601],[118.928732398,32.1191639],[118.928773499,32.119100498],[118.928945695,32.119190098],[118.928959899,32.119216903],[118.928953601,32.119249],[118.928866703,32.119370697],[118.928835099,32.119386801],[118.928792503,32.119382697],[118.928751402,32.119367999],[118.928204898,32.119108503],[118.928198604,32.119088404]]],"type":"Polygon"},"id":"osm_way_225206687","properties":{"area_m2":1089.836393,"asset_id":"osm_way_225206687","center":[333.88068,472.735849],"geometry_role":"mapped_vegetation_outline","id":"osm_way_225206687","map_feature_id":null,"name":"","osm_id":225206687,"osm_type":"way","osm_version":1,"source_timestamp":"2013-06-11T08:01:59Z","source_url":"https://www.openstreetmap.org/way/225206687","space_id":null,"tags":{"landuse":"grass"},"vegetation":"grass"},"type":"Feature"},{"geometry":{"coordinates":[[[118.928871505,32.119105796],[118.928899303,32.119069999],[118.928957298,32.118986001],[118.9288678,32.1189428],[118.9288893,32.118911897],[118.929114704,32.1190229],[118.929026304,32.119151303],[118.928993098,32.119156698],[118.928959903,32.119148599],[118.928871505,32.119105796]]],"type":"Polygon"},"id":"osm_way_225206688","properties":{"area_m2":322.129204,"asset_id":"osm_way_225206688","center":[368.042433,455.691374],"geometry_role":"mapped_vegetation_outline","id":"osm_way_225206688","map_feature_id":null,"name":"","osm_id":225206688,"osm_type":"way","osm_version":1,"source_timestamp":"2013-06-11T08:01:59Z","source_url":"https://www.openstreetmap.org/way/225206688","space_id":null,"tags":{"landuse":"grass"},"vegetation":"grass"},"type":"Feature"},{"geometry":{"coordinates":[[[118.929018799,32.1189014],[118.929046002,32.118863997],[118.929105604,32.118778802],[118.929029899,32.118740902],[118.929053695,32.118706798],[118.929081896,32.118667503],[118.929239504,32.118749802],[118.929262099,32.118782],[118.929262096,32.1188106],[118.929150803,32.118968098],[118.929018799,32.1189014]]],"type":"Polygon"},"id":"osm_way_225206689","properties":{"area_m2":432.502679,"asset_id":"osm_way_225206689","center":[383.096196,430.323817],"geometry_role":"mapped_vegetation_outline","id":"osm_way_225206689","map_feature_id":null,"name":"","osm_id":225206689,"osm_type":"way","osm_version":1,"source_timestamp":"2013-06-11T08:01:59Z","source_url":"https://www.openstreetmap.org/way/225206689","space_id":null,"tags":{"landuse":"grass"},"vegetation":"grass"},"type":"Feature"},{"geometry":{"coordinates":[[[118.928833497,32.118285096],[118.928849805,32.118261297],[118.9288643,32.118239998],[118.929319798,32.118463899],[118.929365497,32.118506703],[118.929390799,32.118574901],[118.929375095,32.118630898],[118.929317398,32.118720502],[118.929288604,32.118729599],[118.929252497,32.118726596],[118.929090297,32.118649201],[118.929128598,32.118596801],[118.929206303,32.118635103],[118.929264105,32.118551],[118.929166301,32.118502902],[118.929194002,32.118462497],[118.928833497,32.118285096]]],"type":"Polygon"},"id":"osm_way_225206690","properties":{"area_m2":731.020497,"asset_id":"osm_way_225206690","center":[388.650058,396.736465],"geometry_role":"mapped_vegetation_outline","id":"osm_way_225206690","map_feature_id":null,"name":"","osm_id":225206690,"osm_type":"way","osm_version":1,"source_timestamp":"2013-06-11T08:01:59Z","source_url":"https://www.openstreetmap.org/way/225206690","space_id":null,"tags":{"landuse":"grass"},"vegetation":"grass"},"type":"Feature"},{"geometry":{"coordinates":[[[118.930160899,32.118859998],[118.930105199,32.118941697],[118.930066995,32.1189237],[118.930089301,32.118889798],[118.929693096,32.118702698],[118.929671204,32.118736096],[118.929574403,32.118690401],[118.929518299,32.118775596],[118.9296127,32.118820102],[118.929581503,32.118868101],[118.929418904,32.118791903],[118.929396005,32.118770903],[118.929390203,32.118744998],[118.929461995,32.118640803],[118.9295183,32.118602397],[118.9295719,32.118591099],[118.929635005,32.118608897],[118.930160899,32.118859998]]],"type":"Polygon"},"id":"osm_way_225249417","properties":{"area_m2":778.671343,"asset_id":"osm_way_225249417","center":[436.143223,422.689679],"geometry_role":"mapped_vegetation_outline","id":"osm_way_225249417","map_feature_id":null,"name":"","osm_id":225249417,"osm_type":"way","osm_version":1,"source_timestamp":"2013-06-11T13:43:40Z","source_url":"https://www.openstreetmap.org/way/225249417","space_id":null,"tags":{"landuse":"grass"},"vegetation":"grass"},"type":"Feature"},{"geometry":{"coordinates":[[[118.929390699,32.119085798],[118.929341001,32.119061499],[118.929223596,32.119000604],[118.929327499,32.118840396],[118.929350202,32.1188269],[118.929378095,32.118821297],[118.929404795,32.118823497],[118.929563295,32.118901299],[118.929543902,32.118932604],[118.929525898,32.118960396],[118.929426703,32.118914196],[118.929369396,32.119002702],[118.929428601,32.119031103],[118.929390699,32.119085798]]],"type":"Polygon"},"id":"osm_way_225249419","properties":{"area_m2":427.394594,"asset_id":"osm_way_225249419","center":[405.131401,444.057998],"geometry_role":"mapped_vegetation_outline","id":"osm_way_225249419","map_feature_id":null,"name":"","osm_id":225249419,"osm_type":"way","osm_version":1,"source_timestamp":"2013-06-11T13:43:40Z","source_url":"https://www.openstreetmap.org/way/225249419","space_id":null,"tags":{"landuse":"grass"},"vegetation":"grass"},"type":"Feature"},{"geometry":{"coordinates":[[[118.929190297,32.119046903],[118.929312102,32.119106396],[118.929360797,32.119129898],[118.929337603,32.119166402],[118.929280301,32.119138801],[118.929221601,32.119226597],[118.929399298,32.119311603],[118.929372803,32.119351403],[118.929142402,32.119239701],[118.929107804,32.1192082],[118.929098499,32.119180003],[118.929190297,32.119046903]]],"type":"Polygon"},"id":"osm_way_225249421","properties":{"area_m2":376.897412,"asset_id":"osm_way_225249421","center":[390.922378,471.395168],"geometry_role":"mapped_vegetation_outline","id":"osm_way_225249421","map_feature_id":null,"name":"","osm_id":225249421,"osm_type":"way","osm_version":1,"source_timestamp":"2013-06-11T13:43:40Z","source_url":"https://www.openstreetmap.org/way/225249421","space_id":null,"tags":{"landuse":"grass"},"vegetation":"grass"},"type":"Feature"},{"geometry":{"coordinates":[[[118.9293451,32.119374599],[118.929322498,32.119408],[118.929299596,32.119441802],[118.929206299,32.119396404],[118.929146701,32.119484296],[118.929319,32.119568103],[118.929332899,32.119547696],[118.929499996,32.119629102],[118.929448096,32.119705602],[118.929018396,32.1194927],[118.928978803,32.119457497],[118.928964501,32.119420997],[118.928965798,32.119394496],[118.929025801,32.119295098],[118.929054502,32.119272996],[118.929096203,32.119265299],[118.929140603,32.119274101],[118.9293451,32.119374599]]],"type":"Polygon"},"id":"osm_way_225249422","properties":{"area_m2":894.416353,"asset_id":"osm_way_225249422","center":[386.408601,501.530596],"geometry_role":"mapped_vegetation_outline","id":"osm_way_225249422","map_feature_id":null,"name":"","osm_id":225249422,"osm_type":"way","osm_version":1,"source_timestamp":"2013-06-11T13:43:40Z","source_url":"https://www.openstreetmap.org/way/225249422","space_id":null,"tags":{"landuse":"grass"},"vegetation":"grass"},"type":"Feature"},{"geometry":{"coordinates":[[[118.929500295,32.119729402],[118.929552602,32.119654601],[118.929739595,32.119745696],[118.929725902,32.119765802],[118.929877901,32.119839797],[118.929938003,32.119751203],[118.929977201,32.119694099],[118.930017503,32.119717097],[118.930032304,32.119731997],[118.9300351,32.119745998],[118.929983402,32.119896003],[118.929965903,32.1199085],[118.929931997,32.119922501],[118.929886696,32.1199107],[118.929500295,32.119729402]]],"type":"Polygon"},"id":"osm_way_225249424","properties":{"area_m2":538.984172,"asset_id":"osm_way_225249424","center":[443.244065,539.395636],"geometry_role":"mapped_vegetation_outline","id":"osm_way_225249424","map_feature_id":null,"name":"","osm_id":225249424,"osm_type":"way","osm_version":1,"source_timestamp":"2013-06-11T13:43:40Z","source_url":"https://www.openstreetmap.org/way/225249424","space_id":null,"tags":{"landuse":"grass"},"vegetation":"grass"},"type":"Feature"},{"geometry":{"coordinates":[[[118.929987202,32.119650599],[118.930020003,32.119603298],[118.930077298,32.119520798],[118.930030598,32.119496896],[118.930068503,32.1194413],[118.930092203,32.119452998],[118.930127201,32.119471297],[118.930054705,32.119670901],[118.930044004,32.1196746],[118.930027504,32.119670603],[118.929987202,32.119650599]]],"type":"Polygon"},"id":"osm_way_225249426","properties":{"area_m2":133.596392,"asset_id":"osm_way_225249426","center":[468.649149,514.04315],"geometry_role":"mapped_vegetation_outline","id":"osm_way_225249426","map_feature_id":null,"name":"","osm_id":225249426,"osm_type":"way","osm_version":1,"source_timestamp":"2013-06-11T13:43:40Z","source_url":"https://www.openstreetmap.org/way/225249426","space_id":null,"tags":{"landuse":"grass"},"vegetation":"grass"},"type":"Feature"},{"geometry":{"coordinates":[[[118.930143105,32.119430304],[118.930116999,32.119416596],[118.930094297,32.119405497],[118.930145302,32.119330796],[118.9301232,32.119320003],[118.930158804,32.119267896],[118.930068296,32.119223602],[118.930092005,32.119188904],[118.930112597,32.119158203],[118.930201505,32.119200997],[118.930209198,32.119223104],[118.930209197,32.1192477],[118.930143105,32.119430304]]],"type":"Polygon"},"id":"osm_way_225249428","properties":{"area_m2":177.062738,"asset_id":"osm_way_225249428","center":[477.243522,482.441043],"geometry_role":"mapped_vegetation_outline","id":"osm_way_225249428","map_feature_id":null,"name":"","osm_id":225249428,"osm_type":"way","osm_version":1,"source_timestamp":"2013-06-11T13:43:40Z","source_url":"https://www.openstreetmap.org/way/225249428","space_id":null,"tags":{"landuse":"grass"},"vegetation":"grass"},"type":"Feature"},{"geometry":{"coordinates":[[[118.930081998,32.119103697],[118.930113803,32.119054904],[118.930168603,32.118971703],[118.930144303,32.118960204],[118.930196898,32.118878002],[118.9302582,32.118907796],[118.930285796,32.118932404],[118.930296501,32.118957098],[118.930290398,32.118986901],[118.930247102,32.119144301],[118.930223002,32.119159397],[118.930189205,32.1191569],[118.930081998,32.119103697]]],"type":"Polygon"},"id":"osm_way_225249429","properties":{"area_m2":368.163503,"asset_id":"osm_way_225249429","center":[482.952836,455.449686],"geometry_role":"mapped_vegetation_outline","id":"osm_way_225249429","map_feature_id":null,"name":"","osm_id":225249429,"osm_type":"way","osm_version":1,"source_timestamp":"2013-06-11T13:43:40Z","source_url":"https://www.openstreetmap.org/way/225249429","space_id":null,"tags":{"landuse":"grass"},"vegetation":"grass"},"type":"Feature"},{"geometry":{"coordinates":[[[118.9294082,32.119762798],[118.929373101,32.119821301],[118.929068996,32.119672696],[118.929048702,32.119705502],[118.928941798,32.119651599],[118.928878002,32.119743496],[118.928839302,32.119794098],[118.928767603,32.119756696],[118.928757205,32.119737499],[118.928763796,32.119712802],[118.928841197,32.119606601],[118.928883902,32.1195721],[118.9289305,32.119558898],[118.928990703,32.119562202],[118.9294082,32.119762798]]],"type":"Polygon"},"id":"osm_way_225251641","properties":{"area_m2":642.623804,"asset_id":"osm_way_225251641","center":[371.495815,525.709188],"geometry_role":"mapped_vegetation_outline","id":"osm_way_225251641","map_feature_id":null,"name":"","osm_id":225251641,"osm_type":"way","osm_version":2,"source_timestamp":"2013-06-11T14:04:44Z","source_url":"https://www.openstreetmap.org/way/225251641","space_id":null,"tags":{"landuse":"grass"},"vegetation":"grass"},"type":"Feature"},{"geometry":{"coordinates":[[[118.929747796,32.120008396],[118.929427801,32.119848598],[118.929462599,32.1197924],[118.929878098,32.119999699],[118.929913102,32.120029299],[118.929920898,32.120045704],[118.929917001,32.120078603],[118.929850699,32.120221597],[118.929823501,32.120243596],[118.929786303,32.120244704],[118.929733004,32.120219496],[118.929761103,32.120181402],[118.929827001,32.120096697],[118.929723201,32.120041304],[118.929747796,32.120008396]]],"type":"Polygon"},"id":"osm_way_225251642","properties":{"area_m2":580.643031,"asset_id":"osm_way_225251642","center":[436.570817,563.778684],"geometry_role":"mapped_vegetation_outline","id":"osm_way_225251642","map_feature_id":null,"name":"","osm_id":225251642,"osm_type":"way","osm_version":1,"source_timestamp":"2013-06-11T14:03:21Z","source_url":"https://www.openstreetmap.org/way/225251642","space_id":null,"tags":{"landuse":"grass"},"vegetation":"grass"},"type":"Feature"},{"geometry":{"coordinates":[[[118.929612699,32.120480096],[118.929670402,32.120394804],[118.929750199,32.120276597],[118.929769397,32.1202894],[118.929784401,32.120311404],[118.929783096,32.120337003],[118.929633098,32.120568599],[118.929567099,32.120536198],[118.929536905,32.120521099],[118.929576597,32.120464303],[118.929612699,32.120480096]]],"type":"Polygon"},"id":"osm_way_225251643","properties":{"area_m2":232.192096,"asset_id":"osm_way_225251643","center":[430.044204,610.700989],"geometry_role":"mapped_vegetation_outline","id":"osm_way_225251643","map_feature_id":null,"name":"","osm_id":225251643,"osm_type":"way","osm_version":1,"source_timestamp":"2013-06-11T14:03:21Z","source_url":"https://www.openstreetmap.org/way/225251643","space_id":null,"tags":{"landuse":"grass"},"vegetation":"grass"},"type":"Feature"},{"geometry":{"coordinates":[[[118.9295041,32.120569799],[118.929534604,32.120585497],[118.929598803,32.120617998],[118.929506296,32.120770303],[118.929481103,32.1207874],[118.9294458,32.120787397],[118.929413903,32.120775996],[118.929445802,32.1207331],[118.9295086,32.120641101],[118.929469396,32.120621901],[118.9295041,32.120569799]]],"type":"Polygon"},"id":"osm_way_225251644","properties":{"area_m2":179.737765,"asset_id":"osm_way_225251644","center":[414.230812,637.60022],"geometry_role":"mapped_vegetation_outline","id":"osm_way_225251644","map_feature_id":null,"name":"","osm_id":225251644,"osm_type":"way","osm_version":1,"source_timestamp":"2013-06-11T14:03:21Z","source_url":"https://www.openstreetmap.org/way/225251644","space_id":null,"tags":{"landuse":"grass"},"vegetation":"grass"},"type":"Feature"},{"geometry":{"coordinates":[[[118.929243,32.120969596],[118.9293022,32.120883902],[118.9293342,32.120900199],[118.929393902,32.1208096],[118.929428703,32.120828597],[118.929446105,32.120862299],[118.929437595,32.120887502],[118.929362499,32.121023604],[118.929337005,32.1210415],[118.929302405,32.121042703],[118.929266302,32.121036399],[118.9287967,32.120810702],[118.928847,32.120739701],[118.929097003,32.120863597],[118.929079703,32.120888601],[118.929243,32.120969596]]],"type":"Polygon"},"id":"osm_way_225251645","properties":{"area_m2":619.301073,"asset_id":"osm_way_225251645","center":[380.110675,661.315544],"geometry_role":"mapped_vegetation_outline","id":"osm_way_225251645","map_feature_id":null,"name":"","osm_id":225251645,"osm_type":"way","osm_version":1,"source_timestamp":"2013-06-11T14:03:22Z","source_url":"https://www.openstreetmap.org/way/225251645","space_id":null,"tags":{"landuse":"grass"},"vegetation":"grass"},"type":"Feature"},{"geometry":{"coordinates":[[[118.9285604,32.120597602],[118.928793599,32.120713204],[118.928749698,32.120783602],[118.928278303,32.120558201],[118.928253496,32.120537203],[118.9282445,32.120496996],[118.928255798,32.120470298],[118.928351703,32.1203313],[118.928376804,32.120316397],[118.928410701,32.120318604],[118.928495996,32.120358902],[118.928433396,32.120452296],[118.928373199,32.120539501],[118.928542597,32.120623399],[118.9285604,32.120597602]]],"type":"Polygon"},"id":"osm_way_225251646","properties":{"area_m2":718.960517,"asset_id":"osm_way_225251646","center":[316.127298,620.990104],"geometry_role":"mapped_vegetation_outline","id":"osm_way_225251646","map_feature_id":null,"name":"","osm_id":225251646,"osm_type":"way","osm_version":1,"source_timestamp":"2013-06-11T14:03:22Z","source_url":"https://www.openstreetmap.org/way/225251646","space_id":null,"tags":{"landuse":"grass"},"vegetation":"grass"},"type":"Feature"},{"geometry":{"coordinates":[[[118.928497802,32.120261898],[118.928536,32.120280599],[118.928506105,32.120327099],[118.928429504,32.120293],[118.928413202,32.1202707],[118.928413195,32.120245202],[118.928514805,32.120083704],[118.928592098,32.120121003],[118.928643203,32.1201462],[118.928601795,32.120206603],[118.928551998,32.120182603],[118.928497802,32.120261898]]],"type":"Polygon"},"id":"osm_way_225251647","properties":{"area_m2":258.062185,"asset_id":"osm_way_225251647","center":[321.12366,582.348223],"geometry_role":"mapped_vegetation_outline","id":"osm_way_225251647","map_feature_id":null,"name":"","osm_id":225251647,"osm_type":"way","osm_version":1,"source_timestamp":"2013-06-11T14:03:22Z","source_url":"https://www.openstreetmap.org/way/225251647","space_id":null,"tags":{"landuse":"grass"},"vegetation":"grass"},"type":"Feature"},{"geometry":{"coordinates":[[[118.926883504,32.120110902],[118.926850896,32.120166002],[118.926794604,32.120134001],[118.926804098,32.120087497],[118.926804104,32.120031297],[118.926779497,32.119979999],[118.9267454,32.119925401],[118.926796796,32.119847502],[118.926815395,32.119842899],[118.927433405,32.120141196],[118.927376998,32.120223699],[118.926949201,32.120014504],[118.926883504,32.120110902]]],"type":"Polygon"},"id":"osm_way_225253708","properties":{"area_m2":935.801439,"asset_id":"osm_way_225253708","center":[181.894216,561.49027],"geometry_role":"mapped_vegetation_outline","id":"osm_way_225253708","map_feature_id":null,"name":"","osm_id":225253708,"osm_type":"way","osm_version":1,"source_timestamp":"2013-06-11T14:23:18Z","source_url":"https://www.openstreetmap.org/way/225253708","space_id":null,"tags":{"landuse":"grass"},"vegetation":"grass"},"type":"Feature"},{"geometry":{"coordinates":[[[118.927965199,32.120511398],[118.927474004,32.120271098],[118.927530702,32.120187797],[118.9280563,32.120447298],[118.928088095,32.120482098],[118.928097403,32.120516996],[118.928091805,32.120558201],[118.927987195,32.120715199],[118.927920799,32.120677003],[118.927951902,32.120632],[118.927900398,32.120606502],[118.927965199,32.120511398]]],"type":"Polygon"},"id":"osm_way_225253709","properties":{"area_m2":878.948801,"asset_id":"osm_way_225253709","center":[257.154108,606.635876],"geometry_role":"mapped_vegetation_outline","id":"osm_way_225253709","map_feature_id":null,"name":"","osm_id":225253709,"osm_type":"way","osm_version":1,"source_timestamp":"2013-06-11T14:23:18Z","source_url":"https://www.openstreetmap.org/way/225253709","space_id":null,"tags":{"landuse":"grass"},"vegetation":"grass"},"type":"Feature"},{"geometry":{"coordinates":[[[118.926778496,32.120173896],[118.926847802,32.1202124],[118.926814305,32.120261001],[118.926786502,32.120247201],[118.926728196,32.120331698],[118.927752704,32.120839504],[118.927813203,32.120751997],[118.9278548,32.120772604],[118.927883404,32.120731202],[118.927949304,32.120767998],[118.927838297,32.120935304],[118.927812602,32.120949197],[118.927783805,32.120947101],[118.926521995,32.120305398],[118.926621399,32.120292403],[118.926682201,32.120266196],[118.926741105,32.120225298],[118.926778496,32.120173896]]],"type":"Polygon"},"id":"osm_way_225253710","properties":{"area_m2":1416.955055,"asset_id":"osm_way_225253710","center":[202.373649,626.087518],"geometry_role":"mapped_vegetation_outline","id":"osm_way_225253710","map_feature_id":null,"name":"","osm_id":225253710,"osm_type":"way","osm_version":1,"source_timestamp":"2013-06-11T14:23:18Z","source_url":"https://www.openstreetmap.org/way/225253710","space_id":null,"tags":{"landuse":"grass"},"vegetation":"grass"},"type":"Feature"},{"geometry":{"coordinates":[[[118.926526602,32.120461598],[118.926467096,32.120549],[118.926430499,32.120603899],[118.926312396,32.120546601],[118.926300098,32.120523698],[118.926419804,32.120345096],[118.926446597,32.120339096],[118.927059497,32.120638699],[118.9270153,32.120701101],[118.926526602,32.120461598]]],"type":"Polygon"},"id":"osm_way_225253713","properties":{"area_m2":822.369169,"asset_id":"osm_way_225253713","center":[141.903736,613.711502],"geometry_role":"mapped_vegetation_outline","id":"osm_way_225253713","map_feature_id":null,"name":"","osm_id":225253713,"osm_type":"way","osm_version":1,"source_timestamp":"2013-06-11T14:23:18Z","source_url":"https://www.openstreetmap.org/way/225253713","space_id":null,"tags":{"landuse":"grass"},"vegetation":"grass"},"type":"Feature"},{"geometry":{"coordinates":[[[118.927611795,32.120993501],[118.927105702,32.120745399],[118.927145195,32.120685603],[118.927751001,32.120973198],[118.927770597,32.1210004],[118.927770597,32.121036703],[118.927655302,32.121199202],[118.927563596,32.121152399],[118.927599801,32.121099499],[118.9275546,32.121077396],[118.927611795,32.120993501]]],"type":"Polygon"},"id":"osm_way_225253714","properties":{"area_m2":794.327077,"asset_id":"osm_way_225253714","center":[224.926762,662.582803],"geometry_role":"mapped_vegetation_outline","id":"osm_way_225253714","map_feature_id":null,"name":"","osm_id":225253714,"osm_type":"way","osm_version":1,"source_timestamp":"2013-06-11T14:23:18Z","source_url":"https://www.openstreetmap.org/way/225253714","space_id":null,"tags":{"landuse":"grass"},"vegetation":"grass"},"type":"Feature"},{"geometry":{"coordinates":[[[118.926405903,32.120644896],[118.926376301,32.120688198],[118.926314303,32.120779597],[118.927401904,32.121313504],[118.927458004,32.121231502],[118.927496503,32.121250398],[118.927529099,32.121202802],[118.927621498,32.121247304],[118.927498805,32.121437497],[118.927470999,32.121448302],[118.927438603,32.121444403],[118.926167305,32.120810904],[118.926148503,32.120780596],[118.926148496,32.120751996],[118.926263197,32.120587901],[118.9262948,32.120585796],[118.926405903,32.120644896]]],"type":"Polygon"},"id":"osm_way_225253715","properties":{"area_m2":2000.188373,"asset_id":"osm_way_225253715","center":[161.83136,674.950496],"geometry_role":"mapped_vegetation_outline","id":"osm_way_225253715","map_feature_id":null,"name":"","osm_id":225253715,"osm_type":"way","osm_version":1,"source_timestamp":"2013-06-11T14:23:19Z","source_url":"https://www.openstreetmap.org/way/225253715","space_id":null,"tags":{"landuse":"grass"},"vegetation":"grass"},"type":"Feature"},{"geometry":{"coordinates":[[[118.928033602,32.1209554],[118.927971602,32.121045601],[118.927907797,32.121011199],[118.927901502,32.120995096],[118.927948903,32.120923797],[118.927966804,32.120923804],[118.928033602,32.1209554]]],"type":"Polygon"},"id":"osm_way_225255208","properties":{"area_m2":96.10383,"asset_id":"osm_way_225255208","center":[267.853292,668.11397],"geometry_role":"mapped_vegetation_outline","id":"osm_way_225255208","map_feature_id":null,"name":"","osm_id":225255208,"osm_type":"way","osm_version":1,"source_timestamp":"2013-06-11T14:42:47Z","source_url":"https://www.openstreetmap.org/way/225255208","space_id":null,"tags":{"landuse":"grass"},"vegetation":"grass"},"type":"Feature"},{"geometry":{"coordinates":[[[118.928073997,32.1208967],[118.928047803,32.120934701],[118.927985696,32.120902402],[118.927974099,32.120888201],[118.927993797,32.120859797],[118.928016204,32.120865904],[118.928073997,32.1208967]]],"type":"Polygon"},"id":"osm_way_225255209","properties":{"area_m2":41.16917,"asset_id":"osm_way_225255209","center":[273.555283,658.772708],"geometry_role":"mapped_vegetation_outline","id":"osm_way_225255209","map_feature_id":null,"name":"","osm_id":225255209,"osm_type":"way","osm_version":1,"source_timestamp":"2013-06-11T14:42:47Z","source_url":"https://www.openstreetmap.org/way/225255209","space_id":null,"tags":{"landuse":"grass"},"vegetation":"grass"},"type":"Feature"},{"geometry":{"coordinates":[[[118.928136296,32.120806098],[118.928092201,32.120870303],[118.928030895,32.120838298],[118.928021503,32.120823099],[118.928050902,32.120777698],[118.928076196,32.120775004],[118.928136296,32.120806098]]],"type":"Polygon"},"id":"osm_way_225255210","properties":{"area_m2":67.560304,"asset_id":"osm_way_225255210","center":[278.793036,650.354152],"geometry_role":"mapped_vegetation_outline","id":"osm_way_225255210","map_feature_id":null,"name":"","osm_id":225255210,"osm_type":"way","osm_version":1,"source_timestamp":"2013-06-11T14:42:47Z","source_url":"https://www.openstreetmap.org/way/225255210","space_id":null,"tags":{"landuse":"grass"},"vegetation":"grass"},"type":"Feature"},{"geometry":{"coordinates":[[[118.928183099,32.1207381],[118.928150796,32.120784997],[118.928090702,32.120755202],[118.928077496,32.120738005],[118.928100804,32.120705396],[118.928120104,32.1207054],[118.928183099,32.1207381]]],"type":"Polygon"},"id":"osm_way_225255211","properties":{"area_m2":50.608156,"asset_id":"osm_way_225255211","center":[283.858948,641.927533],"geometry_role":"mapped_vegetation_outline","id":"osm_way_225255211","map_feature_id":null,"name":"","osm_id":225255211,"osm_type":"way","osm_version":1,"source_timestamp":"2013-06-11T14:42:47Z","source_url":"https://www.openstreetmap.org/way/225255211","space_id":null,"tags":{"landuse":"grass"},"vegetation":"grass"},"type":"Feature"},{"geometry":{"coordinates":[[[118.928239404,32.120656303],[118.928213396,32.120694102],[118.9281505,32.120661598],[118.928139302,32.1206487],[118.928170698,32.120601501],[118.928191004,32.120592903],[118.928216295,32.120594601],[118.928306501,32.120637602],[118.928278398,32.120675596],[118.928239404,32.120656303]]],"type":"Polygon"},"id":"osm_way_225255212","properties":{"area_m2":100.528027,"asset_id":"osm_way_225255212","center":[292.304142,630.760863],"geometry_role":"mapped_vegetation_outline","id":"osm_way_225255212","map_feature_id":null,"name":"","osm_id":225255212,"osm_type":"way","osm_version":1,"source_timestamp":"2013-06-11T14:42:47Z","source_url":"https://www.openstreetmap.org/way/225255212","space_id":null,"tags":{"landuse":"grass"},"vegetation":"grass"},"type":"Feature"},{"geometry":{"coordinates":[[[118.928312398,32.120743103],[118.928338499,32.120705202],[118.928364598,32.120665697],[118.928754504,32.1208594],[118.928726705,32.120899699],[118.928438098,32.120754897],[118.928411696,32.120792604],[118.928312398,32.120743103]]],"type":"Polygon"},"id":"osm_way_225255213","properties":{"area_m2":269.743105,"asset_id":"osm_way_225255213","center":[320.061088,646.35891],"geometry_role":"mapped_vegetation_outline","id":"osm_way_225255213","map_feature_id":null,"name":"","osm_id":225255213,"osm_type":"way","osm_version":1,"source_timestamp":"2013-06-11T14:42:47Z","source_url":"https://www.openstreetmap.org/way/225255213","space_id":null,"tags":{"landuse":"grass"},"vegetation":"grass"},"type":"Feature"},{"geometry":{"coordinates":[[[118.929094396,32.121084197],[118.928801396,32.1209372],[118.928828799,32.120896204],[118.929269799,32.121109403],[118.929283897,32.121139204],[118.929282098,32.121178602],[118.929202197,32.121301996],[118.929167595,32.121320202],[118.9291157,32.121311901],[118.929071101,32.121290204],[118.929100805,32.121244203],[118.929161404,32.121157496],[118.929073903,32.121113597],[118.929094396,32.121084197]]],"type":"Polygon"},"id":"osm_way_225255214","properties":{"area_m2":546.595326,"asset_id":"osm_way_225255214","center":[375.602709,685.56632],"geometry_role":"mapped_vegetation_outline","id":"osm_way_225255214","map_feature_id":null,"name":"","osm_id":225255214,"osm_type":"way","osm_version":2,"source_timestamp":"2013-06-13T03:45:29Z","source_url":"https://www.openstreetmap.org/way/225255214","space_id":null,"tags":{"landuse":"grass"},"vegetation":"grass"},"type":"Feature"},{"geometry":{"coordinates":[[[118.929038901,32.1214024],[118.929008401,32.1213869],[118.929049696,32.121322098],[118.929112996,32.121351105],[118.929136701,32.1213746],[118.9291393,32.121412496],[118.929026502,32.121586801],[118.928926103,32.121537398],[118.928880904,32.121514402],[118.928923002,32.121454999],[118.928980799,32.121484397],[118.929038901,32.1214024]]],"type":"Polygon"},"id":"osm_way_225255215","properties":{"area_m2":310.965977,"asset_id":"osm_way_225255215","center":[367.436645,723.191474],"geometry_role":"mapped_vegetation_outline","id":"osm_way_225255215","map_feature_id":null,"name":"","osm_id":225255215,"osm_type":"way","osm_version":1,"source_timestamp":"2013-06-11T14:42:47Z","source_url":"https://www.openstreetmap.org/way/225255215","space_id":null,"tags":{"landuse":"grass"},"vegetation":"grass"},"type":"Feature"},{"geometry":{"coordinates":[[[118.928852903,32.121560702],[118.928894598,32.121581902],[118.928991696,32.121635603],[118.928923202,32.121749101],[118.9288862,32.121769598],[118.928826298,32.1217696],[118.928762195,32.121738197],[118.928794803,32.121694199],[118.928817696,32.121705801],[118.928871399,32.121629301],[118.9288218,32.121604703],[118.928852903,32.121560702]]],"type":"Polygon"},"id":"osm_way_225255216","properties":{"area_m2":253.959128,"asset_id":"osm_way_225255216","center":[353.121108,747.068715],"geometry_role":"mapped_vegetation_outline","id":"osm_way_225255216","map_feature_id":null,"name":"","osm_id":225255216,"osm_type":"way","osm_version":1,"source_timestamp":"2013-06-11T14:42:47Z","source_url":"https://www.openstreetmap.org/way/225255216","space_id":null,"tags":{"landuse":"grass"},"vegetation":"grass"},"type":"Feature"},{"geometry":{"coordinates":[[[118.928635404,32.121929996],[118.928694896,32.121843],[118.928743605,32.121768398],[118.928831998,32.121811796],[118.928849104,32.121835996],[118.928850498,32.121864999],[118.9287693,32.121997802],[118.928737904,32.122018304],[118.928702298,32.122029101],[118.928663799,32.122024303],[118.928186298,32.1217961],[118.928181999,32.1217792],[118.928245599,32.121695],[118.928494698,32.121817098],[118.928472198,32.121849901],[118.928635404,32.121929996]]],"type":"Polygon"},"id":"osm_way_225255217","properties":{"area_m2":862.883135,"asset_id":"osm_way_225255217","center":[320.843597,767.650185],"geometry_role":"mapped_vegetation_outline","id":"osm_way_225255217","map_feature_id":null,"name":"","osm_id":225255217,"osm_type":"way","osm_version":1,"source_timestamp":"2013-06-11T14:42:47Z","source_url":"https://www.openstreetmap.org/way/225255217","space_id":null,"tags":{"landuse":"grass"},"vegetation":"grass"},"type":"Feature"},{"geometry":{"coordinates":[[[118.927969501,32.121559504],[118.928187501,32.121666401],[118.928130301,32.121748997],[118.928107795,32.121755798],[118.927631999,32.121526403],[118.927601103,32.121494602],[118.9276011,32.121449099],[118.927792901,32.121158396],[118.9278264,32.121159301],[118.927876802,32.121183301],[118.927702003,32.121437298],[118.9277963,32.121485802],[118.927780502,32.121511198],[118.9279468,32.121592798],[118.927969501,32.121559504]]],"type":"Polygon"},"id":"osm_way_225255218","properties":{"area_m2":900.999055,"asset_id":"osm_way_225255218","center":[255.887823,726.004273],"geometry_role":"mapped_vegetation_outline","id":"osm_way_225255218","map_feature_id":null,"name":"","osm_id":225255218,"osm_type":"way","osm_version":1,"source_timestamp":"2013-06-11T14:42:47Z","source_url":"https://www.openstreetmap.org/way/225255218","space_id":null,"tags":{"landuse":"grass"},"vegetation":"grass"},"type":"Feature"},{"geometry":{"coordinates":[[[118.927889597,32.121164797],[118.927830404,32.1211345],[118.9278237,32.121118602],[118.927854598,32.121070897],[118.9278801,32.121071996],[118.927935298,32.121098304],[118.927889597,32.121164797]]],"type":"Polygon"},"id":"osm_way_225255219","properties":{"area_m2":65.600441,"asset_id":"osm_way_225255219","center":[259.323932,682.718759],"geometry_role":"mapped_vegetation_outline","id":"osm_way_225255219","map_feature_id":null,"name":"","osm_id":225255219,"osm_type":"way","osm_version":1,"source_timestamp":"2013-06-11T14:42:47Z","source_url":"https://www.openstreetmap.org/way/225255219","space_id":null,"tags":{"landuse":"grass"},"vegetation":"grass"},"type":"Feature"},{"geometry":{"coordinates":[[[118.926325195,32.114967304],[118.926331005,32.114985597],[118.926325201,32.115003895],[118.926309299,32.115017297],[118.926287698,32.115022198],[118.926266103,32.115017296],[118.926250296,32.115003899],[118.926244497,32.114985597],[118.926250301,32.114967298],[118.926266096,32.114953898],[118.926287697,32.114948997],[118.926309303,32.114953899],[118.926325195,32.114967304]]],"type":"Polygon"},"id":"osm_way_225269029","properties":{"area_m2":49.687527,"asset_id":"osm_way_225269029","center":[121.540377,0.575095],"geometry_role":"mapped_vegetation_outline","id":"osm_way_225269029","map_feature_id":null,"name":"","osm_id":225269029,"osm_type":"way","osm_version":1,"source_timestamp":"2013-06-11T15:54:03Z","source_url":"https://www.openstreetmap.org/way/225269029","space_id":null,"tags":{"landuse":"grass"},"vegetation":"grass"},"type":"Feature"},{"geometry":{"coordinates":[[[118.928674201,32.1200942],[118.928624897,32.120070996],[118.928547401,32.120032103],[118.928690798,32.119809601],[118.928711699,32.119797098],[118.928739697,32.119789898],[118.928770201,32.1197981],[118.928793102,32.119812101],[118.928743698,32.119890403],[118.928662303,32.120014298],[118.928711405,32.120037496],[118.928674201,32.1200942]]],"type":"Polygon"},"id":"osm_way_225763938","properties":{"area_m2":314.015214,"asset_id":"osm_way_225763938","center":[336.432126,553.976269],"geometry_role":"mapped_vegetation_outline","id":"osm_way_225763938","map_feature_id":null,"name":"","osm_id":225763938,"osm_type":"way","osm_version":1,"source_timestamp":"2013-06-15T06:05:46Z","source_url":"https://www.openstreetmap.org/way/225763938","space_id":null,"tags":{"landuse":"grass"},"vegetation":"grass"},"type":"Feature"},{"geometry":{"coordinates":[[[118.923692602,32.109911101],[118.923692903,32.109842097],[118.923718397,32.109843],[118.923718102,32.109868304],[118.923783195,32.109869597],[118.923791701,32.109863902],[118.923779401,32.109848901],[118.923802499,32.109849199],[118.923811799,32.109857103],[118.923816197,32.109863701],[118.923816796,32.1098811],[118.923810003,32.109889203],[118.923791096,32.1098906],[118.923716898,32.109889202],[118.923718001,32.109912004],[118.923692602,32.109911101]]],"type":"Polygon"},"id":"osm_way_544009962","properties":{"area_m2":44.80603,"asset_id":"osm_way_544009962","center":[-108.218234,-570.225672],"geometry_role":"mapped_vegetation_outline","id":"osm_way_544009962","map_feature_id":null,"name":"","osm_id":544009962,"osm_type":"way","osm_version":1,"source_timestamp":"2017-12-02T02:04:40Z","source_url":"https://www.openstreetmap.org/way/544009962","space_id":null,"tags":{"natural":"scrub"},"vegetation":"scrub"},"type":"Feature"}],"name":"greens","type":"FeatureCollection"}
