{"features":[{"geometry":{"coordinates":[[118.92386880297991,32.113412298936154],[118.92618739993785,32.11339210285114],[118.92639760034261,32.11339209714211],[118.927568998296,32.113404598082525]],"type":"LineString"},"id":"osm_way_155412163_s0","properties":{"asset_id":"osm_way_155412163_s0","confidence":"mapped alignment; inferred width","geometry_role":"mapped_path_alignment","id":"osm_way_155412163_s0","length_m":349.234689,"map_feature_id":null,"name":"","osm_id":155412163,"osm_type":"way","osm_version":3,"source_timestamp":"2013-06-09T16:18:32Z","source_url":"https://www.openstreetmap.org/way/155412163","space_id":null,"tags":{"highway":"service"},"width":5.5,"width_source":"assumed highway class"},"type":"Feature"},{"geometry":{"coordinates":[[118.92844859564744,32.109515702646156],[118.92849840424707,32.109473499679595],[118.92858960116881,32.10945279984504],[118.9286807043793,32.10947350050265],[118.92874749860654,32.109529999722795],[118.9287718973503,32.10960730322565],[118.92874750526349,32.109684502248555]],"type":"LineString"},"id":"osm_way_155412170_s0","properties":{"asset_id":"osm_way_155412170_s0","confidence":"mapped alignment; inferred width","geometry_role":"mapped_path_alignment","id":"osm_way_155412170_s0","length_m":51.0697,"map_feature_id":null,"name":"","osm_id":155412170,"osm_type":"way","osm_version":6,"source_timestamp":"2013-06-23T10:48:46Z","source_url":"https://www.openstreetmap.org/way/155412170","space_id":null,"tags":{"highway":"service","lit":"yes"},"width":5.5,"width_source":"assumed highway class"},"type":"Feature"},{"geometry":{"coordinates":[[118.92874750526349,32.109684502248555],[118.92957109799138,32.11007699580964],[118.92991249677108,32.11025040324669]],"type":"LineString"},"id":"osm_way_155412172_s0","properties":{"asset_id":"osm_way_155412172_s0","confidence":"mapped alignment; inferred width","geometry_role":"mapped_path_alignment","id":"osm_way_155412172_s0","length_m":126.610094,"map_feature_id":null,"name":"","osm_id":155412172,"osm_type":"way","osm_version":4,"source_timestamp":"2013-06-09T05:58:00Z","source_url":"https://www.openstreetmap.org/way/155412172","space_id":null,"tags":{"highway":"service","lit":"yes"},"width":5.5,"width_source":"assumed highway class"},"type":"Feature"},{"geometry":{"coordinates":[[118.92640980342384,32.10873410184104],[118.92640609595458,32.111201601749045],[118.92640400090596,32.11263289838371],[118.92639920435495,32.113201095563426],[118.92639760034261,32.11339209714211],[118.92640319799165,32.11463359793863],[118.92618590333365,32.114629995672544],[118.92618739993785,32.11339210285114],[118.92618680246586,32.11277339781304],[118.92618809689552,32.1119369982555],[118.92618949478562,32.11126089920913],[118.92618930382213,32.11112819936263],[118.9261910028788,32.11049669670271],[118.92619090176636,32.10960490277369],[118.9261915955048,32.109522896636655],[118.92619190190553,32.1094951031298],[118.92619310159807,32.1087292996699]],"type":"LineString"},"id":"osm_way_155412175_s0","properties":{"asset_id":"osm_way_155412175_s0","confidence":"mapped alignment; inferred width","geometry_role":"mapped_path_alignment","id":"osm_way_155412175_s0","length_m":1329.034132,"map_feature_id":null,"name":"","osm_id":155412175,"osm_type":"way","osm_version":14,"source_timestamp":"2026-04-25T08:16:15Z","source_url":"https://www.openstreetmap.org/way/155412175","space_id":null,"tags":{"highway":"pedestrian"},"width":6.0,"width_source":"assumed highway class"},"type":"Feature"},{"geometry":{"coordinates":[[118.92641199934562,32.12022789943192],[118.92638470029536,32.120274900159025],[118.92604980517592,32.120792398304026],[118.92591659529128,32.12099419617562],[118.92585209491826,32.12109060294193],[118.92563129927537,32.12142559692005],[118.9256251017903,32.12143480081045],[118.9254707963294,32.121662696651356],[118.92531489788354,32.12189299767031],[118.9251129966023,32.122191201833495]],"type":"LineString"},"id":"osm_way_223699450_s0","properties":{"asset_id":"osm_way_223699450_s0","confidence":"mapped alignment; inferred width","geometry_role":"mapped_path_alignment","id":"osm_way_223699450_s0","length_m":249.866179,"map_feature_id":null,"name":"","osm_id":223699450,"osm_type":"way","osm_version":6,"source_timestamp":"2013-06-11T14:04:44Z","source_url":"https://www.openstreetmap.org/way/223699450","space_id":null,"tags":{"highway":"service","lit":"yes"},"width":5.5,"width_source":"assumed highway class"},"type":"Feature"},{"geometry":{"coordinates":[[118.92391470261691,32.11881240347057],[118.92351920351624,32.118563399168075],[118.92324969823974,32.11834380372261],[118.92318440196507,32.11828359905684],[118.92305580183117,32.11816519773585],[118.92295340477506,32.11802730409658],[118.92288960468836,32.117941398245414],[118.92271490285673,32.11767789792825],[118.92269710394746,32.117643804289465],[118.92256999828557,32.117400000739664],[118.92245490121074,32.11705159679959],[118.92244999866834,32.11703310026451],[118.9223919999626,32.11681340208352],[118.92237780200726,32.11668769753311],[118.92236589711295,32.116582396168525],[118.92237390033394,32.116241304322635],[118.92241019925824,32.11603919598778],[118.92248469986575,32.11579549614103],[118.92258580504806,32.115587397724745],[118.92275219494559,32.1153359974971],[118.9227734018037,32.11531329818527],[118.92294900089388,32.11512459615919],[118.92312609538865,32.11492840309961],[118.9232832025526,32.114728698264685],[118.92350850154071,32.114387903468206],[118.92368809679984,32.113973600032956],[118.92297313808855,32.11397124934335]],"type":"LineString"},"id":"osm_way_223699453_s0","properties":{"asset_id":"osm_way_223699453_s0","confidence":"mapped alignment; inferred width","geometry_role":"mapped_path_alignment","id":"osm_way_223699453_s0","length_m":687.35701,"map_feature_id":null,"name":"","osm_id":223699453,"osm_type":"way","osm_version":6,"source_timestamp":"2023-05-15T13:29:03Z","source_url":"https://www.openstreetmap.org/way/223699453","space_id":null,"tags":{"highway":"service","lit":"yes"},"width":5.5,"width_source":"assumed highway class"},"type":"Feature"},{"geometry":{"coordinates":[[118.92849840225543,32.10974099762066],[118.92824809540224,32.11016159771174],[118.92810770082885,32.11043809773765],[118.92798760311106,32.11071529868151],[118.92786149962546,32.111058198224434],[118.92784870027707,32.11109559823983],[118.92777079708333,32.11132380332051],[118.92770490309407,32.11158289737933],[118.92764489811333,32.111858497458925],[118.92759940264418,32.11217100049618],[118.92757329753077,32.11243700178769],[118.92756499761555,32.11279030146977],[118.927568998296,32.113404598082525],[118.92759449497704,32.11387440098776],[118.92764709921029,32.11432750200344],[118.92768480203499,32.11451940216654],[118.92779910105972,32.114856304458165],[118.9280297027342,32.11535160198017],[118.92818669708882,32.11577140032928],[118.92821630399744,32.11590630364466],[118.92824850344387,32.116154397139226],[118.92826170140404,32.11638990034902],[118.92825059903491,32.116686898262465],[118.92820159998364,32.11716939839961]],"type":"LineString"},"id":"osm_way_223699455_s0","properties":{"asset_id":"osm_way_223699455_s0","confidence":"mapped alignment; inferred width","geometry_role":"mapped_path_alignment","id":"osm_way_223699455_s0","length_m":847.988378,"map_feature_id":null,"name":"","osm_id":223699455,"osm_type":"way","osm_version":6,"source_timestamp":"2026-04-25T08:16:15Z","source_url":"https://www.openstreetmap.org/way/223699455","space_id":null,"tags":{"highway":"service","lit":"yes"},"width":5.5,"width_source":"assumed highway class"},"type":"Feature"},{"geometry":{"coordinates":[[118.92368809679984,32.113973600032956],[118.92379129988522,32.11367730395989],[118.92386880297991,32.113412298936154],[118.92392250366798,32.11309930248248],[118.92393739685066,32.11278380214265],[118.92393100095862,32.11192890290692],[118.92393310352982,32.11125579625242],[118.92393520314315,32.11113109782372],[118.92393269597778,32.11047010208742],[118.92393599901571,32.10959909980271],[118.92393359545346,32.1094814959169],[118.92393840460154,32.10889139881181]],"type":"LineString"},"id":"osm_way_223699457_s0","properties":{"asset_id":"osm_way_223699457_s0","confidence":"mapped alignment; inferred width","geometry_role":"mapped_path_alignment","id":"osm_way_223699457_s0","length_m":566.276843,"map_feature_id":null,"name":"","osm_id":223699457,"osm_type":"way","osm_version":9,"source_timestamp":"2013-06-10T15:34:11Z","source_url":"https://www.openstreetmap.org/way/223699457","space_id":null,"tags":{"highway":"service","lit":"yes"},"width":5.5,"width_source":"assumed highway class"},"type":"Feature"},{"geometry":{"coordinates":[[118.92657410309918,32.11503950438666],[118.92639939603363,32.11504229850683]],"type":"LineString"},"id":"osm_way_223699458_s0","properties":{"asset_id":"osm_way_223699458_s0","confidence":"mapped alignment; inferred width","geometry_role":"mapped_path_alignment","id":"osm_way_223699458_s0","length_m":16.491007,"map_feature_id":null,"name":"","osm_id":223699458,"osm_type":"way","osm_version":3,"source_timestamp":"2013-06-11T15:54:04Z","source_url":"https://www.openstreetmap.org/way/223699458","space_id":null,"tags":{"highway":"path"},"width":1.5,"width_source":"assumed highway class"},"type":"Feature"},{"geometry":{"coordinates":[[118.92636670434395,32.12019470286864],[118.92633619777484,32.12015109831145],[118.92632340204783,32.120101496884295],[118.92632989952043,32.12005109674995],[118.92635469515777,32.12000499999696],[118.92639379864562,32.11996900368996],[118.92644400453129,32.11994489734812],[118.9265003974595,32.11993480317659],[118.9265577964283,32.11993980117915],[118.92661059527097,32.11995939944315],[118.92665089936666,32.11998860413548],[118.92667979597121,32.120026199136774],[118.92669519817191,32.120069203738524],[118.92669560117506,32.12011409622369],[118.92668119478762,32.12015730201764],[118.92665310476653,32.12019540366293],[118.9266135001006,32.120225202323745],[118.92656550127859,32.12024439564092],[118.92651319977284,32.120251496264565],[118.92646059760129,32.12024580290056],[118.92641199934562,32.12022789943192],[118.92636670434395,32.12019470286864]],"type":"LineString"},"id":"osm_way_223699460_s0","properties":{"asset_id":"osm_way_223699460_s0","confidence":"mapped alignment; inferred width","geometry_role":"mapped_path_alignment","id":"osm_way_223699460_s0","length_m":110.241414,"map_feature_id":null,"name":"","osm_id":223699460,"osm_type":"way","osm_version":2,"source_timestamp":"2013-06-10T15:34:10Z","source_url":"https://www.openstreetmap.org/way/223699460","space_id":null,"tags":{"highway":"service","lit":"yes"},"width":5.5,"width_source":"assumed highway class"},"type":"Feature"},{"geometry":{"coordinates":[[118.92640980342384,32.10873410184104],[118.92619310159807,32.1087292996699],[118.92511930487382,32.10872170423329],[118.92414050504709,32.10872349724131]],"type":"LineString"},"id":"osm_way_223699461_s0","properties":{"asset_id":"osm_way_223699461_s0","confidence":"mapped alignment; inferred width","geometry_role":"mapped_path_alignment","id":"osm_way_223699461_s0","length_m":214.191841,"map_feature_id":null,"name":"","osm_id":223699461,"osm_type":"way","osm_version":6,"source_timestamp":"2026-04-25T08:16:15Z","source_url":"https://www.openstreetmap.org/way/223699461","space_id":null,"tags":{"highway":"service"},"width":5.5,"width_source":"assumed highway class"},"type":"Feature"},{"geometry":{"coordinates":[[118.92619310159807,32.1087292996699],[118.926194261927,32.10775473309405]],"type":"LineString"},"id":"osm_way_223699462_s0","properties":{"asset_id":"osm_way_223699462_s0","confidence":"mapped alignment; inferred width","geometry_role":"mapped_path_alignment","id":"osm_way_223699462_s0","length_m":108.069275,"map_feature_id":null,"name":"","osm_id":223699462,"osm_type":"way","osm_version":3,"source_timestamp":"2021-07-16T06:25:15Z","source_url":"https://www.openstreetmap.org/way/223699462","space_id":null,"tags":{"highway":"service","lit":"yes","oneway":"yes"},"width":5.5,"width_source":"assumed highway class"},"type":"Feature"},{"geometry":{"coordinates":[[118.92414050504709,32.10872349724131],[118.92411409604908,32.108809799666744],[118.92404430469675,32.10886890039719],[118.92393840460154,32.10889139881181],[118.92385389887608,32.108868898785985],[118.92378420294779,32.10880979829374],[118.92375859509313,32.10872920195785],[118.92378420003469,32.108648503863556],[118.92385389814096,32.108589503905584],[118.92394910110133,32.10856779949422],[118.92404430319218,32.10858949652272],[118.92411410295992,32.10864849608149],[118.92414050504709,32.10872349724131]],"type":"LineString"},"id":"osm_way_223699463_s0","properties":{"asset_id":"osm_way_223699463_s0","confidence":"mapped alignment; inferred width","geometry_role":"mapped_path_alignment","id":"osm_way_223699463_s0","length_m":111.501448,"map_feature_id":null,"name":"","osm_id":223699463,"osm_type":"way","osm_version":2,"source_timestamp":"2013-06-09T09:09:12Z","source_url":"https://www.openstreetmap.org/way/223699463","space_id":null,"tags":{"highway":"service","lit":"yes"},"width":5.5,"width_source":"assumed highway class"},"type":"Feature"},{"geometry":{"coordinates":[[118.92624230439047,32.11488730022056],[118.9262459019476,32.11467969967094]],"type":"LineString"},"id":"osm_way_223699464_s0","properties":{"asset_id":"osm_way_223699464_s0","confidence":"mapped alignment; inferred width","geometry_role":"mapped_path_alignment","id":"osm_way_223699464_s0","length_m":23.023252,"map_feature_id":null,"name":"","osm_id":223699464,"osm_type":"way","osm_version":3,"source_timestamp":"2013-06-11T15:54:04Z","source_url":"https://www.openstreetmap.org/way/223699464","space_id":null,"tags":{"highway":"steps"},"width":2.5,"width_source":"assumed highway class"},"type":"Feature"},{"geometry":{"coordinates":[[118.9281033985114,32.11745959653374],[118.92798789999934,32.11779260260617],[118.92780890437459,32.118121903601725],[118.92770480343731,32.11828989712108],[118.92769180474284,32.11831080364436],[118.9275760001157,32.11849730274013],[118.92753760234227,32.11855320350369],[118.92739670397243,32.118757997116454],[118.92725130496454,32.11898869971517],[118.92702970454297,32.11932829912778],[118.92674740237346,32.119763498935725],[118.92661059527097,32.11995939944315]],"type":"LineString"},"id":"osm_way_223699465_s0","properties":{"asset_id":"osm_way_223699465_s0","confidence":"mapped alignment; inferred width","geometry_role":"mapped_path_alignment","id":"osm_way_223699465_s0","length_m":311.806682,"map_feature_id":null,"name":"","osm_id":223699465,"osm_type":"way","osm_version":7,"source_timestamp":"2013-06-11T07:51:59Z","source_url":"https://www.openstreetmap.org/way/223699465","space_id":null,"tags":{"highway":"service","lit":"yes"},"width":5.5,"width_source":"assumed highway class"},"type":"Feature"},{"geometry":{"coordinates":[[118.92633230364835,32.11488750006532],[118.92633659641758,32.11467920346286]],"type":"LineString"},"id":"osm_way_223699466_s0","properties":{"asset_id":"osm_way_223699466_s0","confidence":"mapped alignment; inferred width","geometry_role":"mapped_path_alignment","id":"osm_way_223699466_s0","length_m":23.101487,"map_feature_id":null,"name":"","osm_id":223699466,"osm_type":"way","osm_version":3,"source_timestamp":"2013-06-11T15:54:04Z","source_url":"https://www.openstreetmap.org/way/223699466","space_id":null,"tags":{"highway":"steps"},"width":2.5,"width_source":"assumed highway class"},"type":"Feature"},{"geometry":{"coordinates":[[118.92641679707518,32.11498730387637],[118.92639939603363,32.11504229850683],[118.92635180090029,32.11508260000452],[118.92628679846187,32.11509739790398],[118.92622179958002,32.115082603010066],[118.92617430198429,32.115042296430374],[118.92615690045812,32.11498729924839],[118.92617429936536,32.11493219644717],[118.92622179915757,32.11489189646622],[118.92624230439047,32.11488730022056],[118.92628680354794,32.11487719778683],[118.92633230364835,32.11488750006532],[118.92635180039674,32.114891902487706],[118.92639940373851,32.114932198372884],[118.92641679707518,32.11498730387637]],"type":"LineString"},"id":"osm_way_223699467_s0","properties":{"asset_id":"osm_way_223699467_s0","confidence":"mapped alignment; inferred width","geometry_role":"mapped_path_alignment","id":"osm_way_223699467_s0","length_m":76.013572,"map_feature_id":null,"name":"","osm_id":223699467,"osm_type":"way","osm_version":3,"source_timestamp":"2013-06-11T15:54:04Z","source_url":"https://www.openstreetmap.org/way/223699467","space_id":null,"tags":{"highway":"path"},"width":1.5,"width_source":"assumed highway class"},"type":"Feature"},{"geometry":{"coordinates":[[118.9239822015842,32.11902549846967],[118.92340129900835,32.119924200644284],[118.92309339724075,32.120400504376065],[118.92249730385913,32.12127610020125]],"type":"LineString"},"id":"osm_way_223699469_s0","properties":{"asset_id":"osm_way_223699469_s0","confidence":"mapped alignment; inferred width","geometry_role":"mapped_path_alignment","id":"osm_way_223699469_s0","length_m":286.234872,"map_feature_id":null,"name":"","osm_id":223699469,"osm_type":"way","osm_version":5,"source_timestamp":"2023-05-15T13:14:14Z","source_url":"https://www.openstreetmap.org/way/223699469","space_id":null,"tags":{"highway":"service","lit":"yes"},"width":5.5,"width_source":"assumed highway class"},"type":"Feature"},{"geometry":{"coordinates":[[118.92394910110133,32.10856779949422],[118.92395959629374,32.10810680121438],[118.92420459568102,32.10810529649193]],"type":"LineString"},"id":"osm_way_223699471_s0","properties":{"asset_id":"osm_way_223699471_s0","confidence":"mapped alignment; inferred width","geometry_role":"mapped_path_alignment","id":"osm_way_223699471_s0","length_m":74.253735,"map_feature_id":null,"name":"","osm_id":223699471,"osm_type":"way","osm_version":1,"source_timestamp":"2013-05-30T15:49:29Z","source_url":"https://www.openstreetmap.org/way/223699471","space_id":null,"tags":{"highway":"service","lit":"yes"},"width":5.5,"width_source":"assumed highway class"},"type":"Feature"},{"geometry":{"coordinates":[[118.9242584036576,32.11889040110748],[118.92423370448256,32.1189683976838],[118.92416630135837,32.11902549603889],[118.92407419727857,32.119046396100096],[118.9239822015842,32.11902549846967],[118.92391470159124,32.11896840332731],[118.92389009851568,32.11889039854193],[118.92391470261691,32.11881240347057],[118.9239822031892,32.11875540298029],[118.9240742008684,32.11873449558959],[118.92416630242074,32.11875540057053],[118.92423370496516,32.11881239784809],[118.9242584036576,32.11889040110748]],"type":"LineString"},"id":"osm_way_223699473_s0","properties":{"asset_id":"osm_way_223699473_s0","confidence":"mapped alignment; inferred width","geometry_role":"mapped_path_alignment","id":"osm_way_223699473_s0","length_m":107.687522,"map_feature_id":null,"name":"","osm_id":223699473,"osm_type":"way","osm_version":2,"source_timestamp":"2013-06-11T15:37:11Z","source_url":"https://www.openstreetmap.org/way/223699473","space_id":null,"tags":{"highway":"service","lit":"yes"},"width":5.5,"width_source":"assumed highway class"},"type":"Feature"},{"geometry":{"coordinates":[[118.92834319569235,32.11731589931027],[118.92831850247538,32.11739399573276],[118.92825099925905,32.117451196929395],[118.92815869653705,32.11747210293781],[118.9281033985114,32.11745959653374],[118.92806650018423,32.117451202296756],[118.9279989967,32.117394001175384],[118.92797430384297,32.11731589939348],[118.92799899733942,32.117237803026676],[118.92806650265595,32.117180701144406],[118.92815869708184,32.117159697645],[118.92820159998364,32.11716939839961],[118.92825100118618,32.11718069579818],[118.92831850257018,32.1172377976052],[118.92834319569235,32.11731589931027]],"type":"LineString"},"id":"osm_way_223699474_s0","properties":{"asset_id":"osm_way_223699474_s0","confidence":"mapped alignment; inferred width","geometry_role":"mapped_path_alignment","id":"osm_way_223699474_s0","length_m":107.859989,"map_feature_id":null,"name":"","osm_id":223699474,"osm_type":"way","osm_version":4,"source_timestamp":"2013-06-09T08:55:57Z","source_url":"https://www.openstreetmap.org/way/223699474","space_id":null,"tags":{"highway":"service","lit":"yes"},"width":5.5,"width_source":"assumed highway class"},"type":"Feature"},{"geometry":{"coordinates":[[118.9270167993874,32.10882460076889],[118.92677960128309,32.10877180355717],[118.92659179978035,32.10874190311524],[118.92640980342384,32.10873410184104]],"type":"LineString"},"id":"osm_way_223699475_s0","properties":{"asset_id":"osm_way_223699475_s0","confidence":"mapped alignment; inferred width","geometry_role":"mapped_path_alignment","id":"osm_way_223699475_s0","length_m":58.371678,"map_feature_id":null,"name":"","osm_id":223699475,"osm_type":"way","osm_version":8,"source_timestamp":"2026-04-25T08:16:15Z","source_url":"https://www.openstreetmap.org/way/223699475","space_id":null,"tags":{"highway":"service","lit":"yes"},"width":5.5,"width_source":"assumed highway class"},"type":"Feature"},{"geometry":{"coordinates":[[118.92375859509313,32.10872920195785],[118.92358739752854,32.10872950333831],[118.9235403003191,32.108730300111446],[118.92310559869796,32.10872550360844]],"type":"LineString"},"id":"osm_way_223699476_s0","properties":{"asset_id":"osm_way_223699476_s0","confidence":"mapped alignment; inferred width","geometry_role":"mapped_path_alignment","id":"osm_way_223699476_s0","length_m":61.635495,"map_feature_id":null,"name":"","osm_id":223699476,"osm_type":"way","osm_version":5,"source_timestamp":"2013-06-09T15:22:20Z","source_url":"https://www.openstreetmap.org/way/223699476","space_id":null,"tags":{"highway":"service","lit":"yes"},"width":5.5,"width_source":"assumed highway class"},"type":"Feature"},{"geometry":{"coordinates":[[118.92423370448256,32.1189683976838],[118.92539179632163,32.11951060405864],[118.92582749500173,32.119725402343306],[118.92585300458211,32.11973800217135],[118.92625600016555,32.119936700780215],[118.92635469515777,32.12000499999696]],"type":"LineString"},"id":"osm_way_223699478_s0","properties":{"asset_id":"osm_way_223699478_s0","confidence":"mapped alignment; inferred width","geometry_role":"mapped_path_alignment","id":"osm_way_223699478_s0","length_m":230.996342,"map_feature_id":null,"name":"","osm_id":223699478,"osm_type":"way","osm_version":4,"source_timestamp":"2013-06-10T15:07:53Z","source_url":"https://www.openstreetmap.org/way/223699478","space_id":null,"tags":{"highway":"service","lit":"yes"},"width":5.5,"width_source":"assumed highway class"},"type":"Feature"},{"geometry":{"coordinates":[[118.92831850247538,32.11739399573276],[118.92947819960548,32.11794739645569],[118.92978019849923,32.118084803201796],[118.93010590485991,32.11824380093705],[118.93031649852222,32.11834450212891],[118.93032584007655,32.11834875212006]],"type":"LineString"},"id":"osm_way_223699479_s0","properties":{"asset_id":"osm_way_223699479_s0","confidence":"mapped alignment; inferred width","geometry_role":"mapped_path_alignment","id":"osm_way_223699479_s0","length_m":217.024034,"map_feature_id":null,"name":"","osm_id":223699479,"osm_type":"way","osm_version":7,"source_timestamp":"2020-11-24T14:58:35Z","source_url":"https://www.openstreetmap.org/way/223699479","space_id":null,"tags":{"highway":"service","lit":"yes"},"width":5.5,"width_source":"assumed highway class"},"type":"Feature"},{"geometry":{"coordinates":[[118.92737130420144,32.12006480011401],[118.92801099663396,32.119047599127406]],"type":"LineString"},"id":"osm_way_223859785_s0","properties":{"asset_id":"osm_way_223859785_s0","confidence":"mapped alignment; inferred width","geometry_role":"mapped_path_alignment","id":"osm_way_223859785_s0","length_m":127.935752,"map_feature_id":null,"name":"","osm_id":223859785,"osm_type":"way","osm_version":2,"source_timestamp":"2013-06-09T07:02:03Z","source_url":"https://www.openstreetmap.org/way/223859785","space_id":null,"tags":{"highway":"service","lit":"no"},"width":5.5,"width_source":"assumed highway class"},"type":"Feature"},{"geometry":{"coordinates":[[118.92640400090596,32.11263289838371],[118.92651850422057,32.1126509985981],[118.92658289651557,32.11268290343397],[118.92665180478649,32.11272950429351],[118.92672859525162,32.11278860331233],[118.92679210060723,32.11283729765436],[118.92682970291061,32.112891897098606],[118.9268618023748,32.11295090059144],[118.92688329594078,32.11301000237577],[118.92692080174245,32.11306000335455],[118.92696379651008,32.11310090135008],[118.92701200429777,32.11312359996548],[118.92707109557429,32.1131236023796],[118.92713539961575,32.113105396381684],[118.92721050281612,32.11307359603369],[118.92726419869653,32.113032696267325],[118.92728449902565,32.113009297497776],[118.92732320453649,32.112964603268644],[118.92735000399303,32.11292369806605],[118.92736609842646,32.11286910202018],[118.92737150329168,32.11281919647099],[118.92736609619783,32.11277370368097],[118.92741969843358,32.112769198625664],[118.92747339542515,32.11276920181337]],"type":"LineString"},"id":"osm_way_223859789_s0","properties":{"asset_id":"osm_way_223859789_s0","confidence":"mapped alignment; inferred width","geometry_role":"mapped_path_alignment","id":"osm_way_223859789_s0","length_m":151.406999,"map_feature_id":null,"name":"","osm_id":223859789,"osm_type":"way","osm_version":3,"source_timestamp":"2026-04-25T08:16:15Z","source_url":"https://www.openstreetmap.org/way/223859789","space_id":null,"tags":{"highway":"pedestrian"},"width":6.0,"width_source":"assumed highway class"},"type":"Feature"},{"geometry":{"coordinates":[[118.92824809540224,32.11016159771174],[118.92881990253785,32.1101520030579],[118.92887889632078,32.11015199713828],[118.92892710247428,32.11016560351113],[118.92897539660272,32.110211101181655],[118.92899150538688,32.11027010427411],[118.92900309616611,32.11102819897513]],"type":"LineString"},"id":"osm_way_223859799_s0","properties":{"asset_id":"osm_way_223859799_s0","confidence":"mapped alignment; inferred width","geometry_role":"mapped_path_alignment","id":"osm_way_223859799_s0","length_m":161.92778,"map_feature_id":null,"name":"","osm_id":223859799,"osm_type":"way","osm_version":2,"source_timestamp":"2013-06-09T06:37:39Z","source_url":"https://www.openstreetmap.org/way/223859799","space_id":null,"tags":{"highway":"service","lit":"no"},"width":5.5,"width_source":"assumed highway class"},"type":"Feature"},{"geometry":{"coordinates":[[118.92768480203499,32.11451940216654],[118.9274654982106,32.114578003514715],[118.92731769885103,32.11460850268824],[118.92685690243188,32.114633601515195],[118.92640319799165,32.11463359793863]],"type":"LineString"},"id":"osm_way_223859803_s0","properties":{"asset_id":"osm_way_223859803_s0","confidence":"mapped alignment; inferred width","geometry_role":"mapped_path_alignment","id":"osm_way_223859803_s0","length_m":122.442123,"map_feature_id":null,"name":"","osm_id":223859803,"osm_type":"way","osm_version":2,"source_timestamp":"2013-06-10T15:04:11Z","source_url":"https://www.openstreetmap.org/way/223859803","space_id":null,"tags":{"highway":"pedestrian"},"width":6.0,"width_source":"assumed highway class"},"type":"Feature"},{"geometry":{"coordinates":[[118.927568998296,32.113404598082525],[118.9285301994239,32.113407699484235],[118.92915269577395,32.1134072970672]],"type":"LineString"},"id":"osm_way_223859804_s0","properties":{"asset_id":"osm_way_223859804_s0","confidence":"mapped alignment; inferred width","geometry_role":"mapped_path_alignment","id":"osm_way_223859804_s0","length_m":149.465959,"map_feature_id":null,"name":"","osm_id":223859804,"osm_type":"way","osm_version":2,"source_timestamp":"2013-06-09T06:37:14Z","source_url":"https://www.openstreetmap.org/way/223859804","space_id":null,"tags":{"highway":"service","lit":"no"},"width":5.5,"width_source":"assumed highway class"},"type":"Feature"},{"geometry":{"coordinates":[[118.92786149962546,32.111058198224434],[118.92900309616611,32.11102819897513],[118.92906639630422,32.11103490091676],[118.929104198639,32.11104709636517],[118.92915239609667,32.11106530267271],[118.92921039501401,32.1111021019384],[118.92924020107137,32.111152796812185],[118.92925360384294,32.11121110150197],[118.92925440348901,32.11127429737293],[118.92924359776835,32.111346996179925],[118.92923069866823,32.11148390002101],[118.92917949507435,32.11179329762848],[118.92911389746122,32.11217359970406],[118.92910109802374,32.11237519825791],[118.92909340169702,32.112540803737424],[118.92909340316979,32.11271919868847],[118.9290987969627,32.11292370383704],[118.92911840512272,32.113161102628794],[118.92915269577395,32.1134072970672],[118.92920549786047,32.11368510201144],[118.92924720355207,32.11385959632364],[118.92928299808948,32.11400850244084],[118.92934849560339,32.11423789602793],[118.92940199504746,32.11441179561828],[118.92942730448554,32.11450760186638],[118.92980859824151,32.11572679668062],[118.92979239951,32.11576430280571],[118.92975209730777,32.11577240331885],[118.92947330475475,32.11577500259257],[118.92818669708882,32.11577140032928]],"type":"LineString"},"id":"osm_way_223859805_s0","properties":{"asset_id":"osm_way_223859805_s0","confidence":"mapped alignment; inferred width","geometry_role":"mapped_path_alignment","id":"osm_way_223859805_s0","length_m":807.84401,"map_feature_id":null,"name":"","osm_id":223859805,"osm_type":"way","osm_version":6,"source_timestamp":"2013-06-10T12:03:47Z","source_url":"https://www.openstreetmap.org/way/223859805","space_id":null,"tags":{"highway":"service","lit":"no"},"width":5.5,"width_source":"assumed highway class"},"type":"Feature"},{"geometry":{"coordinates":[[118.92701200429777,32.11312359996548],[118.92693690067102,32.11316900148604],[118.92691010174002,32.11322809876282],[118.92690480463502,32.11327810186921],[118.92690109620277,32.113297297521406]],"type":"LineString"},"id":"osm_way_223859806_s0","properties":{"asset_id":"osm_way_223859806_s0","confidence":"mapped alignment; inferred width","geometry_role":"mapped_path_alignment","id":"osm_way_223859806_s0","length_m":23.443045,"map_feature_id":null,"name":"","osm_id":223859806,"osm_type":"way","osm_version":2,"source_timestamp":"2013-06-09T17:11:18Z","source_url":"https://www.openstreetmap.org/way/223859806","space_id":null,"tags":{"highway":"pedestrian"},"width":6.0,"width_source":"assumed highway class"},"type":"Feature"},{"geometry":{"coordinates":[[118.92674740237346,32.119763498935725],[118.92737130420144,32.12006480011401],[118.92819720097414,32.12046530119963]],"type":"LineString"},"id":"osm_way_223859808_s0","properties":{"asset_id":"osm_way_223859808_s0","confidence":"mapped alignment; inferred width","geometry_role":"mapped_path_alignment","id":"osm_way_223859808_s0","length_m":157.402697,"map_feature_id":null,"name":"","osm_id":223859808,"osm_type":"way","osm_version":2,"source_timestamp":"2013-06-09T07:02:11Z","source_url":"https://www.openstreetmap.org/way/223859808","space_id":null,"tags":{"highway":"service","lit":"no"},"width":5.5,"width_source":"assumed highway class"},"type":"Feature"},{"geometry":{"coordinates":[[118.92798789999934,32.11779260260617],[118.92949929824739,32.11851330408054],[118.93021459982405,32.11884390002303],[118.93026819548052,32.11888019756104],[118.930300404895,32.118911995835184],[118.93032729599108,32.11896200420435],[118.9303112027027,32.119030201805366],[118.93028970314946,32.11910740203806],[118.92998230245502,32.1199958015153],[118.92989859749866,32.12017349729528],[118.92978539976778,32.120379503611915],[118.92934190530298,32.121113201221526],[118.92877039751089,32.1220292993516],[118.92871229979484,32.12206419683284],[118.92863959677594,32.12204970110685],[118.92749469521767,32.12150920105612]],"type":"LineString"},"id":"osm_way_223859825_s0","properties":{"asset_id":"osm_way_223859825_s0","confidence":"mapped alignment; inferred width","geometry_role":"mapped_path_alignment","id":"osm_way_223859825_s0","length_m":767.007933,"map_feature_id":null,"name":"","osm_id":223859825,"osm_type":"way","osm_version":4,"source_timestamp":"2013-06-10T15:34:10Z","source_url":"https://www.openstreetmap.org/way/223859825","space_id":null,"tags":{"highway":"service","lit":"no"},"width":5.5,"width_source":"assumed highway class"},"type":"Feature"},{"geometry":{"coordinates":[[118.92617430198429,32.115042296430374],[118.92599160412234,32.115036002752575],[118.92604300068088,32.11509089761262],[118.9261058052895,32.115131900334646],[118.92618509884626,32.11516679852057],[118.92628900253375,32.11517809716141],[118.92631290070055,32.115175595892985],[118.92633940183688,32.11517290167892],[118.92639809590025,32.115161500859564],[118.92648139932786,32.11511789597213],[118.92653079812564,32.11507870342297],[118.92657410309918,32.11503950438666]],"type":"LineString"},"id":"osm_way_223859830_s0","properties":{"asset_id":"osm_way_223859830_s0","confidence":"mapped alignment; inferred width","geometry_role":"mapped_path_alignment","id":"osm_way_223859830_s0","length_m":82.86325,"map_feature_id":null,"name":"","osm_id":223859830,"osm_type":"way","osm_version":2,"source_timestamp":"2013-06-11T15:54:04Z","source_url":"https://www.openstreetmap.org/way/223859830","space_id":null,"tags":{"highway":"path"},"width":1.5,"width_source":"assumed highway class"},"type":"Feature"},{"geometry":{"coordinates":[[118.92511930487382,32.10872170423329],[118.92511840399081,32.108679795633975],[118.92511299926396,32.108629801958806],[118.92511299999047,32.1085525956481],[118.92512379730186,32.10848439791843],[118.92516670459929,32.10842989946568],[118.92521499475525,32.10836629971438],[118.92525790105171,32.10831630194191],[118.925284699503,32.108248104388245],[118.92527399639516,32.10817539919996],[118.92525789863639,32.108107195567435],[118.92523110095837,32.10805730173557],[118.92517739517312,32.107989101768375],[118.92510229594899,32.10793460289911],[118.92501650406737,32.10790279710135],[118.92493599909047,32.10786640114374],[118.92481800457158,32.107830097090755],[118.92471070042777,32.1077937025565],[118.92461950445063,32.10776189746533],[118.92450690269408,32.10775280392885],[118.92441569685226,32.10774830065314],[118.92429229721706,32.10775740089947],[118.92419039824904,32.107757398337846],[118.92405619915536,32.10775279962718],[118.92393820349126,32.10774369736329],[118.92382019744043,32.107734604165984],[118.92371290471873,32.107734602006595],[118.92360560165432,32.10775280112727],[118.92356509534042,32.1077864006432],[118.92355739662212,32.10783009951208],[118.92354529822654,32.10823850281825]],"type":"LineString"},"id":"osm_way_223859831_s0","properties":{"asset_id":"osm_way_223859831_s0","confidence":"mapped alignment; inferred width","geometry_role":"mapped_path_alignment","id":"osm_way_223859831_s0","length_m":298.384472,"map_feature_id":null,"name":"","osm_id":223859831,"osm_type":"way","osm_version":4,"source_timestamp":"2013-06-09T15:22:20Z","source_url":"https://www.openstreetmap.org/way/223859831","space_id":null,"tags":{"highway":"pedestrian"},"width":6.0,"width_source":"assumed highway class"},"type":"Feature"},{"geometry":{"coordinates":[[118.92739670397243,32.118757997116454],[118.92801099663396,32.119047599127406],[118.92886270291723,32.11945360163151],[118.92998230245502,32.1199958015153]],"type":"LineString"},"id":"osm_way_223859833_s0","properties":{"asset_id":"osm_way_223859833_s0","confidence":"mapped alignment; inferred width","geometry_role":"mapped_path_alignment","id":"osm_way_223859833_s0","length_m":279.966164,"map_feature_id":null,"name":"","osm_id":223859833,"osm_type":"way","osm_version":2,"source_timestamp":"2013-06-09T07:02:03Z","source_url":"https://www.openstreetmap.org/way/223859833","space_id":null,"tags":{"highway":"service","lit":"no"},"width":5.5,"width_source":"assumed highway class"},"type":"Feature"},{"geometry":{"coordinates":[[118.92604980517592,32.120792398304026],[118.92749469521767,32.12150920105612]],"type":"LineString"},"id":"osm_way_223859835_s0","properties":{"asset_id":"osm_way_223859835_s0","confidence":"mapped alignment; inferred width","geometry_role":"mapped_path_alignment","id":"osm_way_223859835_s0","length_m":157.829921,"map_feature_id":null,"name":"","osm_id":223859835,"osm_type":"way","osm_version":3,"source_timestamp":"2013-06-10T14:42:45Z","source_url":"https://www.openstreetmap.org/way/223859835","space_id":null,"tags":{"highway":"service","lit":"no"},"width":5.5,"width_source":"assumed highway class"},"type":"Feature"},{"geometry":{"coordinates":[[118.92787569938233,32.11067910327854],[118.92780600006736,32.110665399897584],[118.92771480209467,32.110647297672074],[118.92758600330058,32.11064270175582],[118.9274733989535,32.11063820187913],[118.92740360437456,32.11062449972455],[118.92733930135178,32.11061090333324],[118.92724810170911,32.11057910029386],[118.92718370141519,32.1105517957841],[118.92711400486051,32.1105245989217],[118.92703890207133,32.11048370263879],[118.92696379963384,32.11045189788037],[118.92687789728134,32.110406403627806],[118.92680819946,32.11037459768651],[118.92671700041004,32.1103428032635],[118.92661509987558,32.11032470076787],[118.9265346030151,32.1103200992448]],"type":"LineString"},"id":"osm_way_223859838_s0","properties":{"asset_id":"osm_way_223859838_s0","confidence":"mapped alignment; inferred width","geometry_role":"mapped_path_alignment","id":"osm_way_223859838_s0","length_m":134.823665,"map_feature_id":null,"name":"","osm_id":223859838,"osm_type":"way","osm_version":2,"source_timestamp":"2013-06-09T17:11:18Z","source_url":"https://www.openstreetmap.org/way/223859838","space_id":null,"tags":{"highway":"pedestrian"},"width":6.0,"width_source":"assumed highway class"},"type":"Feature"},{"geometry":{"coordinates":[[118.92768480203499,32.11451940216654],[118.92854150419635,32.11451809657658],[118.92942730448554,32.11450760186638]],"type":"LineString"},"id":"osm_way_223859841_s0","properties":{"asset_id":"osm_way_223859841_s0","confidence":"mapped alignment; inferred width","geometry_role":"mapped_path_alignment","id":"osm_way_223859841_s0","length_m":164.459147,"map_feature_id":null,"name":"","osm_id":223859841,"osm_type":"way","osm_version":2,"source_timestamp":"2013-06-09T06:36:51Z","source_url":"https://www.openstreetmap.org/way/223859841","space_id":null,"tags":{"highway":"service","lit":"no"},"width":5.5,"width_source":"assumed highway class"},"type":"Feature"},{"geometry":{"coordinates":[[118.92755199773761,32.11167980327555],[118.92743579641747,32.11166960377588],[118.92731240031986,32.11164229563549],[118.92720519928409,32.111615101603654],[118.92711929650402,32.11158779972586],[118.92702279859355,32.1115605959334],[118.9269446994938,32.111511799121054],[118.92688399480807,32.11145059735972],[118.92685219704462,32.11140289960859],[118.92682759623327,32.11135879928873],[118.92679150498529,32.1112852991721],[118.92673370083213,32.11123150322524],[118.92667559628511,32.11120880176461],[118.92652540046558,32.111206704112014],[118.92640609595458,32.111201601749045]],"type":"LineString"},"id":"osm_way_223859842_s0","properties":{"asset_id":"osm_way_223859842_s0","confidence":"mapped alignment; inferred width","geometry_role":"mapped_path_alignment","id":"osm_way_223859842_s0","length_m":129.787222,"map_feature_id":null,"name":"","osm_id":223859842,"osm_type":"way","osm_version":5,"source_timestamp":"2026-04-25T08:16:15Z","source_url":"https://www.openstreetmap.org/way/223859842","space_id":null,"tags":{"highway":"track"},"width":2.5,"width_source":"assumed highway class"},"type":"Feature"},{"geometry":{"coordinates":[[118.92736609619783,32.11277370368097],[118.92727640013597,32.11276060214056],[118.9271675961567,32.11276460362248],[118.92705010497016,32.11276520164191],[118.92697880357797,32.11275349748382],[118.92688600226838,32.11275399911845],[118.9267909956851,32.112747895958684],[118.92665180478649,32.11272950429351]],"type":"LineString"},"id":"osm_way_223859844_s0","properties":{"asset_id":"osm_way_223859844_s0","confidence":"mapped alignment; inferred width","geometry_role":"mapped_path_alignment","id":"osm_way_223859844_s0","length_m":67.854034,"map_feature_id":null,"name":"","osm_id":223859844,"osm_type":"way","osm_version":2,"source_timestamp":"2013-06-11T08:05:40Z","source_url":"https://www.openstreetmap.org/way/223859844","space_id":null,"tags":{"highway":"track"},"width":2.5,"width_source":"assumed highway class"},"type":"Feature"},{"geometry":{"coordinates":[[118.92854150419635,32.11451809657658],[118.9285301994239,32.113407699484235]],"type":"LineString"},"id":"osm_way_223859845_s0","properties":{"asset_id":"osm_way_223859845_s0","confidence":"mapped alignment; inferred width","geometry_role":"mapped_path_alignment","id":"osm_way_223859845_s0","length_m":123.136249,"map_feature_id":null,"name":"","osm_id":223859845,"osm_type":"way","osm_version":2,"source_timestamp":"2013-06-09T06:37:01Z","source_url":"https://www.openstreetmap.org/way/223859845","space_id":null,"tags":{"highway":"service"},"width":5.5,"width_source":"assumed highway class"},"type":"Feature"},{"geometry":{"coordinates":[[118.92978019849923,32.118084803201796],[118.92949929824739,32.11851330408054],[118.92886270291723,32.11945360163151],[118.92819720097414,32.12046530119963],[118.92817080118664,32.12054040207832],[118.92785070139084,32.12099899912099],[118.92749469521767,32.12150920105612],[118.92730329897734,32.121792501842165]],"type":"LineString"},"id":"osm_way_223859848_s0","properties":{"asset_id":"osm_way_223859848_s0","confidence":"mapped alignment; inferred width","geometry_role":"mapped_path_alignment","id":"osm_way_223859848_s0","length_m":473.197797,"map_feature_id":null,"name":"","osm_id":223859848,"osm_type":"way","osm_version":5,"source_timestamp":"2013-06-11T14:04:44Z","source_url":"https://www.openstreetmap.org/way/223859848","space_id":null,"tags":{"highway":"service","lit":"no"},"width":5.5,"width_source":"assumed highway class"},"type":"Feature"},{"geometry":{"coordinates":[[118.92759940264418,32.11217100049618],[118.92911389746122,32.11217359970406]],"type":"LineString"},"id":"osm_way_223859849_s0","properties":{"asset_id":"osm_way_223859849_s0","confidence":"mapped alignment; inferred width","geometry_role":"mapped_path_alignment","id":"osm_way_223859849_s0","length_m":142.936336,"map_feature_id":null,"name":"","osm_id":223859849,"osm_type":"way","osm_version":4,"source_timestamp":"2013-06-11T07:09:41Z","source_url":"https://www.openstreetmap.org/way/223859849","space_id":null,"tags":{"highway":"service","lit":"no"},"width":5.5,"width_source":"assumed highway class"},"type":"Feature"},{"geometry":{"coordinates":[[118.92164939994474,32.11999790012959],[118.92157569749261,32.120088798362865],[118.9214257954888,32.12030570012345],[118.92127830212493,32.12052529804027],[118.92123700207567,32.120537000776444],[118.92065200252293,32.12024790426853],[118.92007549917,32.1199620042414],[118.91965140215238,32.11975559639329],[118.91963580034398,32.11971960197385],[118.91965210064838,32.11968519819886],[118.91978390456939,32.11949209560445],[118.91989369984631,32.119324499921845]],"type":"LineString"},"id":"osm_way_223859850_s0","properties":{"asset_id":"osm_way_223859850_s0","confidence":"mapped alignment; inferred width","geometry_role":"mapped_path_alignment","id":"osm_way_223859850_s0","length_m":299.62779,"map_feature_id":null,"name":"","osm_id":223859850,"osm_type":"way","osm_version":13,"source_timestamp":"2023-05-15T13:14:14Z","source_url":"https://www.openstreetmap.org/way/223859850","space_id":null,"tags":{"highway":"service"},"width":5.5,"width_source":"assumed highway class"},"type":"Feature"},{"geometry":{"coordinates":[[118.92817080118664,32.12054040207832],[118.92934190530298,32.121113201221526]],"type":"LineString"},"id":"osm_way_223859851_s0","properties":{"asset_id":"osm_way_223859851_s0","confidence":"mapped alignment; inferred width","geometry_role":"mapped_path_alignment","id":"osm_way_223859851_s0","length_m":127.46946,"map_feature_id":null,"name":"","osm_id":223859851,"osm_type":"way","osm_version":2,"source_timestamp":"2013-06-09T07:02:21Z","source_url":"https://www.openstreetmap.org/way/223859851","space_id":null,"tags":{"highway":"service","lit":"no"},"width":5.5,"width_source":"assumed highway class"},"type":"Feature"},{"geometry":{"coordinates":[[118.92728449902565,32.113009297497776],[118.92720760439458,32.112972496416226]],"type":"LineString"},"id":"osm_way_223859853_s0","properties":{"asset_id":"osm_way_223859853_s0","confidence":"mapped alignment; inferred width","geometry_role":"mapped_path_alignment","id":"osm_way_223859853_s0","length_m":8.325839,"map_feature_id":null,"name":"","osm_id":223859853,"osm_type":"way","osm_version":2,"source_timestamp":"2013-06-09T17:11:18Z","source_url":"https://www.openstreetmap.org/way/223859853","space_id":null,"tags":{"highway":"pedestrian"},"width":6.0,"width_source":"assumed highway class"},"type":"Feature"},{"geometry":{"coordinates":[[118.92720760439458,32.112972496416226],[118.92715649719747,32.11297420345954],[118.92715709692938,32.11292659886452],[118.92720879822207,32.11292240243737],[118.92720760439458,32.112972496416226]],"type":"LineString"},"id":"osm_way_223859853_s1","properties":{"asset_id":"osm_way_223859853_s1","confidence":"mapped alignment; inferred width","geometry_role":"mapped_path_alignment","id":"osm_way_223859853_s1","length_m":20.563902,"map_feature_id":null,"name":"","osm_id":223859853,"osm_type":"way","osm_version":2,"source_timestamp":"2013-06-09T17:11:18Z","source_url":"https://www.openstreetmap.org/way/223859853","space_id":null,"tags":{"highway":"pedestrian"},"width":6.0,"width_source":"assumed highway class"},"type":"Feature"},{"geometry":{"coordinates":[[118.92748049661617,32.112230796839235],[118.9273947962346,32.11223080288148],[118.92732080194264,32.1122044021779],[118.92725850419484,32.11215819710682],[118.92720010356955,32.11212850134608],[118.92711829521996,32.11211199652834],[118.92704819891583,32.11210869818842],[118.92700050118405,32.112105203168966],[118.92691679695675,32.112094797147606],[118.92685029783111,32.1120781042224],[118.92689460331324,32.111994802947386],[118.92695619959254,32.1119092992886],[118.9269859982985,32.11185580249496],[118.92699810188682,32.11178829731058],[118.9270052973822,32.11167180119557],[118.92701500051473,32.111587899166466],[118.92702279859355,32.1115605959334],[118.9270688991256,32.11146490165246],[118.92708420193314,32.11137969675498],[118.92708490093105,32.11129999954331],[118.92705680355041,32.11119389888854],[118.92706589986345,32.11111390247876],[118.927084198424,32.11102350188724],[118.92709030231639,32.11097710326895],[118.92712380205215,32.11091769650229],[118.92718469551414,32.11083509867395],[118.92724570272254,32.110768003469005],[118.92729750398958,32.1106829013158],[118.92733930135178,32.11061090333324]],"type":"LineString"},"id":"osm_way_224937776_s0","properties":{"asset_id":"osm_way_224937776_s0","confidence":"mapped alignment; inferred width","geometry_role":"mapped_path_alignment","id":"osm_way_224937776_s0","length_m":237.53385,"map_feature_id":null,"name":"","osm_id":224937776,"osm_type":"way","osm_version":3,"source_timestamp":"2013-06-11T08:05:41Z","source_url":"https://www.openstreetmap.org/way/224937776","space_id":null,"tags":{"bicycle":"no","foot":"yes","highway":"track","horse":"no","motor_vehicle":"no"},"width":2.5,"width_source":"assumed highway class"},"type":"Feature"},{"geometry":{"coordinates":[[118.92708490093105,32.11129999954331],[118.92716499799255,32.11129360308908],[118.92724599791487,32.1112747009438],[118.92730840422058,32.111242399365054],[118.92743040150978,32.11118099577845],[118.927522003084,32.11114870055918],[118.92763640453383,32.11109700007489],[118.9277165034891,32.11107759724611],[118.92784870027707,32.11109559823983]],"type":"LineString"},"id":"osm_way_224937848_s0","properties":{"asset_id":"osm_way_224937848_s0","confidence":"mapped alignment; inferred width","geometry_role":"mapped_path_alignment","id":"osm_way_224937848_s0","length_m":77.867724,"map_feature_id":null,"name":"","osm_id":224937848,"osm_type":"way","osm_version":3,"source_timestamp":"2026-04-25T08:16:15Z","source_url":"https://www.openstreetmap.org/way/224937848","space_id":null,"tags":{"bicycle":"no","foot":"yes","highway":"track","horse":"no","motor_vehicle":"no"},"width":2.5,"width_source":"assumed highway class"},"type":"Feature"},{"geometry":{"coordinates":[[118.92957109799138,32.11007699580964],[118.92967060084118,32.1099065996281],[118.92970279877865,32.1098513970694],[118.92981649642586,32.10965660335709],[118.92987170385594,32.109549197387025],[118.92992959530022,32.109549198771106]],"type":"LineString"},"id":"osm_way_224939806_s0","properties":{"asset_id":"osm_way_224939806_s0","confidence":"mapped alignment; inferred width","geometry_role":"mapped_path_alignment","id":"osm_way_224939806_s0","length_m":70.517762,"map_feature_id":null,"name":"","osm_id":224939806,"osm_type":"way","osm_version":3,"source_timestamp":"2013-06-09T05:58:54Z","source_url":"https://www.openstreetmap.org/way/224939806","space_id":null,"tags":{"highway":"service"},"width":5.5,"width_source":"assumed highway class"},"type":"Feature"},{"geometry":{"coordinates":[[118.92967060084118,32.1099065996281],[118.92953520191703,32.10984109895052],[118.9295683004658,32.109787397959316],[118.92970279877865,32.1098513970694]],"type":"LineString"},"id":"osm_way_224939821_s0","properties":{"asset_id":"osm_way_224939821_s0","confidence":"mapped alignment; inferred width","geometry_role":"mapped_path_alignment","id":"osm_way_224939821_s0","length_m":35.966798,"map_feature_id":null,"name":"","osm_id":224939821,"osm_type":"way","osm_version":2,"source_timestamp":"2013-06-09T05:59:04Z","source_url":"https://www.openstreetmap.org/way/224939821","space_id":null,"tags":{"highway":"service"},"width":5.5,"width_source":"assumed highway class"},"type":"Feature"},{"geometry":{"coordinates":[[118.92585209491826,32.12109060294193],[118.92711410331448,32.121701102721936],[118.92730329897734,32.121792501842165]],"type":"LineString"},"id":"osm_way_224941251_s0","properties":{"asset_id":"osm_way_224941251_s0","confidence":"mapped alignment; inferred width","geometry_role":"mapped_path_alignment","id":"osm_way_224941251_s0","length_m":157.521459,"map_feature_id":null,"name":"","osm_id":224941251,"osm_type":"way","osm_version":3,"source_timestamp":"2013-06-10T14:38:27Z","source_url":"https://www.openstreetmap.org/way/224941251","space_id":null,"tags":{"highway":"service"},"width":5.5,"width_source":"assumed highway class"},"type":"Feature"},{"geometry":{"coordinates":[[118.92539179632163,32.11951060405864],[118.92511809619981,32.119932402007315],[118.92489360159631,32.12027849978867],[118.92508910128953,32.1204719964382],[118.92518489548003,32.120664601130045],[118.92524840009713,32.12090630248793],[118.92524209567004,32.12109410135453],[118.9252104016035,32.12121749997134],[118.92563129927537,32.12142559692005]],"type":"LineString"},"id":"osm_way_224941275_s0","properties":{"asset_id":"osm_way_224941275_s0","confidence":"mapped alignment; inferred width","geometry_role":"mapped_path_alignment","id":"osm_way_224941275_s0","length_m":256.999527,"map_feature_id":null,"name":"","osm_id":224941275,"osm_type":"way","osm_version":2,"source_timestamp":"2013-06-10T14:45:37Z","source_url":"https://www.openstreetmap.org/way/224941275","space_id":null,"tags":{"highway":"pedestrian"},"width":6.0,"width_source":"assumed highway class"},"type":"Feature"},{"geometry":{"coordinates":[[118.92489360159631,32.12027849978867],[118.92480490487632,32.12023559937232],[118.9245642007911,32.12018729863992],[118.92426010204528,32.12019269773338],[118.9240837045968,32.12024520254061],[118.92376870017476,32.12031020418552],[118.92363859583983,32.12039959770744],[118.92355050439673,32.12042340382364],[118.92340479919271,32.12042339923643],[118.92329709821789,32.120439502936165],[118.92325880315553,32.12049439974948],[118.92321479811751,32.12055750078626],[118.92326679485392,32.12064850132336],[118.92333919975232,32.120769100112256],[118.92334620287136,32.120937196788105],[118.92332280191859,32.121261502733],[118.92332949659249,32.121385598356994]],"type":"LineString"},"id":"osm_way_224941322_s0","properties":{"asset_id":"osm_way_224941322_s0","confidence":"mapped alignment; inferred width","geometry_role":"mapped_path_alignment","id":"osm_way_224941322_s0","length_m":268.377748,"map_feature_id":null,"name":"","osm_id":224941322,"osm_type":"way","osm_version":3,"source_timestamp":"2013-06-10T14:07:28Z","source_url":"https://www.openstreetmap.org/way/224941322","space_id":null,"tags":{"highway":"pedestrian"},"width":6.0,"width_source":"assumed highway class"},"type":"Feature"},{"geometry":{"coordinates":[[118.92325880315553,32.12049439974948],[118.92309339724075,32.120400504376065]],"type":"LineString"},"id":"osm_way_224941330_s0","properties":{"asset_id":"osm_way_224941330_s0","confidence":"mapped alignment; inferred width","geometry_role":"mapped_path_alignment","id":"osm_way_224941330_s0","length_m":18.763314,"map_feature_id":null,"name":"","osm_id":224941330,"osm_type":"way","osm_version":1,"source_timestamp":"2013-06-09T06:35:27Z","source_url":"https://www.openstreetmap.org/way/224941330","space_id":null,"tags":{"highway":"pedestrian"},"width":6.0,"width_source":"assumed highway class"},"type":"Feature"},{"geometry":{"coordinates":[[118.9252104016035,32.12121749997134],[118.92513959509911,32.12136289653906],[118.92503969945602,32.12150140270776],[118.92490790503047,32.121636001468644],[118.92474890330585,32.12173220330777],[118.92464449592848,32.121774495567486],[118.92451730138107,32.121705203316594]],"type":"LineString"},"id":"osm_way_224941334_s0","properties":{"asset_id":"osm_way_224941334_s0","confidence":"mapped alignment; inferred width","geometry_role":"mapped_path_alignment","id":"osm_way_224941334_s0","length_m":98.476722,"map_feature_id":null,"name":"","osm_id":224941334,"osm_type":"way","osm_version":1,"source_timestamp":"2013-06-09T06:35:54Z","source_url":"https://www.openstreetmap.org/way/224941334","space_id":null,"tags":{"highway":"pedestrian"},"width":6.0,"width_source":"assumed highway class"},"type":"Feature"},{"geometry":{"coordinates":[[118.92013750021825,32.11875829627392],[118.92078639676689,32.119067197614704],[118.92131670362724,32.11932550181218],[118.92188440157207,32.11960189716377]],"type":"LineString"},"id":"osm_way_224941984_s0","properties":{"asset_id":"osm_way_224941984_s0","confidence":"mapped alignment; inferred width","geometry_role":"mapped_path_alignment","id":"osm_way_224941984_s0","length_m":189.551084,"map_feature_id":null,"name":"","osm_id":224941984,"osm_type":"way","osm_version":2,"source_timestamp":"2013-06-09T06:58:18Z","source_url":"https://www.openstreetmap.org/way/224941984","space_id":null,"tags":{"highway":"service"},"width":5.5,"width_source":"assumed highway class"},"type":"Feature"},{"geometry":{"coordinates":[[118.92168239521185,32.11990400309231],[118.92112340505453,32.11961989839724],[118.9205904008468,32.11935330040628],[118.92002659590769,32.11908339717724]],"type":"LineString"},"id":"osm_way_224941985_s0","properties":{"asset_id":"osm_way_224941985_s0","confidence":"mapped alignment; inferred width","geometry_role":"mapped_path_alignment","id":"osm_way_224941985_s0","length_m":180.834999,"map_feature_id":null,"name":"","osm_id":224941985,"osm_type":"way","osm_version":4,"source_timestamp":"2013-06-09T06:58:02Z","source_url":"https://www.openstreetmap.org/way/224941985","space_id":null,"tags":{"highway":"service"},"width":5.5,"width_source":"assumed highway class"},"type":"Feature"},{"geometry":{"coordinates":[[118.9205904008468,32.11935330040628],[118.92078639676689,32.119067197614704],[118.92095549599432,32.11881510007898]],"type":"LineString"},"id":"osm_way_224941996_s0","properties":{"asset_id":"osm_way_224941996_s0","confidence":"mapped alignment; inferred width","geometry_role":"mapped_path_alignment","id":"osm_way_224941996_s0","length_m":68.912994,"map_feature_id":null,"name":"","osm_id":224941996,"osm_type":"way","osm_version":3,"source_timestamp":"2013-06-11T15:43:21Z","source_url":"https://www.openstreetmap.org/way/224941996","space_id":null,"tags":{"highway":"service"},"width":5.5,"width_source":"assumed highway class"},"type":"Feature"},{"geometry":{"coordinates":[[118.92112340505453,32.11961989839724],[118.92131670362724,32.11932550181218],[118.92148359631547,32.119068296024224]],"type":"LineString"},"id":"osm_way_224942000_s0","properties":{"asset_id":"osm_way_224942000_s0","confidence":"mapped alignment; inferred width","geometry_role":"mapped_path_alignment","id":"osm_way_224942000_s0","length_m":69.977498,"map_feature_id":null,"name":"","osm_id":224942000,"osm_type":"way","osm_version":3,"source_timestamp":"2013-06-11T15:43:21Z","source_url":"https://www.openstreetmap.org/way/224942000","space_id":null,"tags":{"highway":"service"},"width":5.5,"width_source":"assumed highway class"},"type":"Feature"},{"geometry":{"coordinates":[[118.91978390456939,32.11949209560445],[118.92024859510894,32.11971839738555],[118.9202605017862,32.11972419663147],[118.92049980138238,32.11984220200358],[118.92081990398256,32.12000529546512],[118.9214257954888,32.12030570012345]],"type":"LineString"},"id":"osm_way_224942025_s0","properties":{"asset_id":"osm_way_224942025_s0","confidence":"mapped alignment; inferred width","geometry_role":"mapped_path_alignment","id":"osm_way_224942025_s0","length_m":179.302563,"map_feature_id":null,"name":"","osm_id":224942025,"osm_type":"way","osm_version":6,"source_timestamp":"2013-06-11T15:43:21Z","source_url":"https://www.openstreetmap.org/way/224942025","space_id":null,"tags":{"highway":"service"},"width":5.5,"width_source":"assumed highway class"},"type":"Feature"},{"geometry":{"coordinates":[[118.92049980138238,32.11984220200358],[118.92063179678522,32.119656798248776],[118.92068069753955,32.11964570193702],[118.92157569749261,32.120088798362865]],"type":"LineString"},"id":"osm_way_224942030_s0","properties":{"asset_id":"osm_way_224942030_s0","confidence":"mapped alignment; inferred width","geometry_role":"mapped_path_alignment","id":"osm_way_224942030_s0","length_m":126.528291,"map_feature_id":null,"name":"","osm_id":224942030,"osm_type":"way","osm_version":1,"source_timestamp":"2013-06-09T06:59:08Z","source_url":"https://www.openstreetmap.org/way/224942030","space_id":null,"tags":{"highway":"service"},"width":5.5,"width_source":"assumed highway class"},"type":"Feature"},{"geometry":{"coordinates":[[118.92007549917,32.1199620042414],[118.92024859510894,32.11971839738555]],"type":"LineString"},"id":"osm_way_224942035_s0","properties":{"asset_id":"osm_way_224942035_s0","confidence":"mapped alignment; inferred width","geometry_role":"mapped_path_alignment","id":"osm_way_224942035_s0","length_m":31.568372,"map_feature_id":null,"name":"","osm_id":224942035,"osm_type":"way","osm_version":1,"source_timestamp":"2013-06-09T06:59:38Z","source_url":"https://www.openstreetmap.org/way/224942035","space_id":null,"tags":{"highway":"service"},"width":5.5,"width_source":"assumed highway class"},"type":"Feature"},{"geometry":{"coordinates":[[118.92065200252293,32.12024790426853],[118.92081990398256,32.12000529546512]],"type":"LineString"},"id":"osm_way_224942039_s0","properties":{"asset_id":"osm_way_224942039_s0","confidence":"mapped alignment; inferred width","geometry_role":"mapped_path_alignment","id":"osm_way_224942039_s0","length_m":31.222094,"map_feature_id":null,"name":"","osm_id":224942039,"osm_type":"way","osm_version":2,"source_timestamp":"2013-06-09T06:59:58Z","source_url":"https://www.openstreetmap.org/way/224942039","space_id":null,"tags":{"highway":"service"},"width":5.5,"width_source":"assumed highway class"},"type":"Feature"},{"geometry":{"coordinates":[[118.92354529822654,32.10823850281825],[118.92350349911464,32.10819379721527],[118.9234033046246,32.10817049799924],[118.92333060005313,32.10814929749817],[118.92330050094604,32.1080920033374],[118.92330299818694,32.10799430298551],[118.92333059868,32.107936998120316],[118.92340080141453,32.10790510315951]],"type":"LineString"},"id":"osm_way_224952400_s0","properties":{"asset_id":"osm_way_224952400_s0","confidence":"mapped alignment; inferred width","geometry_role":"mapped_path_alignment","id":"osm_way_224952400_s0","length_m":55.566906,"map_feature_id":null,"name":"","osm_id":224952400,"osm_type":"way","osm_version":4,"source_timestamp":"2013-12-01T12:15:40Z","source_url":"https://www.openstreetmap.org/way/224952400","space_id":null,"tags":{"highway":"service"},"width":5.5,"width_source":"assumed highway class"},"type":"Feature"},{"geometry":{"coordinates":[[118.92358739752854,32.10872950333831],[118.92359369986394,32.10841460237608],[118.9236187977716,32.10835519787222],[118.92365389881027,32.108316999383014],[118.9236965019791,32.108299999805794]],"type":"LineString"},"id":"osm_way_224952411_s0","properties":{"asset_id":"osm_way_224952411_s0","confidence":"mapped alignment; inferred width","geometry_role":"mapped_path_alignment","id":"osm_way_224952411_s0","length_m":51.742975,"map_feature_id":null,"name":"","osm_id":224952411,"osm_type":"way","osm_version":1,"source_timestamp":"2013-06-09T09:07:08Z","source_url":"https://www.openstreetmap.org/way/224952411","space_id":null,"tags":{"highway":"service"},"width":5.5,"width_source":"assumed highway class"},"type":"Feature"},{"geometry":{"coordinates":[[118.92511930487382,32.10872170423329],[118.92512379842101,32.109188697912806],[118.92512030359038,32.10948160281834],[118.92511899820695,32.109595096071246]],"type":"LineString"},"id":"osm_way_224953924_s0","properties":{"asset_id":"osm_way_224953924_s0","confidence":"mapped alignment; inferred width","geometry_role":"mapped_path_alignment","id":"osm_way_224953924_s0","length_m":96.853985,"map_feature_id":null,"name":"","osm_id":224953924,"osm_type":"way","osm_version":3,"source_timestamp":"2013-06-09T09:33:38Z","source_url":"https://www.openstreetmap.org/way/224953924","space_id":null,"tags":{"highway":"service"},"width":5.5,"width_source":"assumed highway class"},"type":"Feature"},{"geometry":{"coordinates":[[118.92393599901571,32.10959909980271],[118.92496339562311,32.10959629865314],[118.92511899820695,32.109595096071246],[118.92527339844617,32.10959769974185],[118.92619090176636,32.10960490277369]],"type":"LineString"},"id":"osm_way_224953943_s0","properties":{"asset_id":"osm_way_224953943_s0","confidence":"mapped alignment; inferred width","geometry_role":"mapped_path_alignment","id":"osm_way_224953943_s0","length_m":212.828105,"map_feature_id":null,"name":"","osm_id":224953943,"osm_type":"way","osm_version":3,"source_timestamp":"2013-06-09T09:32:45Z","source_url":"https://www.openstreetmap.org/way/224953943","space_id":null,"tags":{"highway":"service"},"width":5.5,"width_source":"assumed highway class"},"type":"Feature"},{"geometry":{"coordinates":[[118.92393359545346,32.1094814959169],[118.92496310325127,32.109481395602856],[118.92512030359038,32.10948160281834],[118.92527460393575,32.10948349547641],[118.92541330019287,32.10948160260386]],"type":"LineString"},"id":"osm_way_224953960_s0","properties":{"asset_id":"osm_way_224953960_s0","confidence":"mapped alignment; inferred width","geometry_role":"mapped_path_alignment","id":"osm_way_224953960_s0","length_m":139.659698,"map_feature_id":null,"name":"","osm_id":224953960,"osm_type":"way","osm_version":4,"source_timestamp":"2021-08-06T12:18:26Z","source_url":"https://www.openstreetmap.org/way/224953960","space_id":null,"tags":{"highway":"service"},"width":5.5,"width_source":"assumed highway class"},"type":"Feature"},{"geometry":{"coordinates":[[118.92512379842101,32.109188697912806],[118.92538649736235,32.10918869850999]],"type":"LineString"},"id":"osm_way_224954177_s0","properties":{"asset_id":"osm_way_224954177_s0","confidence":"mapped alignment; inferred width","geometry_role":"mapped_path_alignment","id":"osm_way_224954177_s0","length_m":24.793958,"map_feature_id":null,"name":"","osm_id":224954177,"osm_type":"way","osm_version":1,"source_timestamp":"2013-06-09T09:33:38Z","source_url":"https://www.openstreetmap.org/way/224954177","space_id":null,"tags":{"highway":"service"},"width":5.5,"width_source":"assumed highway class"},"type":"Feature"},{"geometry":{"coordinates":[[118.92393269597778,32.11047010208742],[118.9261910028788,32.11049669670271]],"type":"LineString"},"id":"osm_way_224954286_s0","properties":{"asset_id":"osm_way_224954286_s0","confidence":"mapped alignment; inferred width","geometry_role":"mapped_path_alignment","id":"osm_way_224954286_s0","length_m":213.160091,"map_feature_id":null,"name":"","osm_id":224954286,"osm_type":"way","osm_version":1,"source_timestamp":"2013-06-09T09:34:24Z","source_url":"https://www.openstreetmap.org/way/224954286","space_id":null,"tags":{"highway":"pedestrian"},"width":6.0,"width_source":"assumed highway class"},"type":"Feature"},{"geometry":{"coordinates":[[118.92393310352982,32.11125579625242],[118.92618949478562,32.11126089920913]],"type":"LineString"},"id":"osm_way_224954305_s0","properties":{"asset_id":"osm_way_224954305_s0","confidence":"mapped alignment; inferred width","geometry_role":"mapped_path_alignment","id":"osm_way_224954305_s0","length_m":212.957842,"map_feature_id":null,"name":"","osm_id":224954305,"osm_type":"way","osm_version":1,"source_timestamp":"2013-06-09T09:35:19Z","source_url":"https://www.openstreetmap.org/way/224954305","space_id":null,"tags":{"highway":"service"},"width":5.5,"width_source":"assumed highway class"},"type":"Feature"},{"geometry":{"coordinates":[[118.92393520314315,32.11113109782372],[118.92618930382213,32.11112819936263]],"type":"LineString"},"id":"osm_way_224954306_s0","properties":{"asset_id":"osm_way_224954306_s0","confidence":"mapped alignment; inferred width","geometry_role":"mapped_path_alignment","id":"osm_way_224954306_s0","length_m":212.741448,"map_feature_id":null,"name":"","osm_id":224954306,"osm_type":"way","osm_version":1,"source_timestamp":"2013-06-09T09:35:19Z","source_url":"https://www.openstreetmap.org/way/224954306","space_id":null,"tags":{"highway":"service"},"width":5.5,"width_source":"assumed highway class"},"type":"Feature"},{"geometry":{"coordinates":[[118.92393739685066,32.11278380214265],[118.9245304991813,32.112781695630076],[118.92551170401218,32.11277680441881],[118.92618680246586,32.11277339781304]],"type":"LineString"},"id":"osm_way_224954736_s0","properties":{"asset_id":"osm_way_224954736_s0","confidence":"mapped alignment; inferred width","geometry_role":"mapped_path_alignment","id":"osm_way_224954736_s0","length_m":212.297463,"map_feature_id":null,"name":"","osm_id":224954736,"osm_type":"way","osm_version":4,"source_timestamp":"2013-06-09T15:18:32Z","source_url":"https://www.openstreetmap.org/way/224954736","space_id":null,"tags":{"highway":"service"},"width":5.5,"width_source":"assumed highway class"},"type":"Feature"},{"geometry":{"coordinates":[[118.92393100095862,32.11192890290692],[118.92445809940679,32.11192939639757],[118.92450400061088,32.111939197211676],[118.92453670020912,32.111966795605426],[118.92457469518622,32.111980603959964],[118.92493109841105,32.11198389786323],[118.92495239891944,32.11199500158186]],"type":"LineString"},"id":"osm_way_224995051_s0","properties":{"asset_id":"osm_way_224995051_s0","confidence":"mapped alignment; inferred width","geometry_role":"mapped_path_alignment","id":"osm_way_224995051_s0","length_m":98.455014,"map_feature_id":null,"name":"","osm_id":224995051,"osm_type":"way","osm_version":2,"source_timestamp":"2013-06-09T15:18:05Z","source_url":"https://www.openstreetmap.org/way/224995051","space_id":null,"tags":{"highway":"service"},"width":5.5,"width_source":"assumed highway class"},"type":"Feature"},{"geometry":{"coordinates":[[118.92445809940679,32.11192939639757],[118.92503739982303,32.11193189893118],[118.92519210325818,32.11193260391817],[118.92549929503252,32.11193400191902],[118.92618809689552,32.1119369982555]],"type":"LineString"},"id":"osm_way_224995052_s0","properties":{"asset_id":"osm_way_224995052_s0","confidence":"mapped alignment; inferred width","geometry_role":"mapped_path_alignment","id":"osm_way_224995052_s0","length_m":163.2773,"map_feature_id":null,"name":"","osm_id":224995052,"osm_type":"way","osm_version":2,"source_timestamp":"2013-06-09T15:17:20Z","source_url":"https://www.openstreetmap.org/way/224995052","space_id":null,"tags":{"highway":"pedestrian"},"width":6.0,"width_source":"assumed highway class"},"type":"Feature"},{"geometry":{"coordinates":[[118.92479269536085,32.112161502253215],[118.92477249526208,32.11214880337805],[118.92474079987413,32.11212159565501],[118.92471360454408,32.11210430400702],[118.9246812979887,32.11208129959254],[118.92462870247813,32.112045399193605],[118.92460329487791,32.11202239810387],[118.92459900514977,32.11200179981978]],"type":"LineString"},"id":"osm_way_224995721_s0","properties":{"asset_id":"osm_way_224995721_s0","confidence":"mapped alignment; inferred width","geometry_role":"mapped_path_alignment","id":"osm_way_224995721_s0","length_m":25.981582,"map_feature_id":null,"name":"","osm_id":224995721,"osm_type":"way","osm_version":2,"source_timestamp":"2013-06-09T15:17:20Z","source_url":"https://www.openstreetmap.org/way/224995721","space_id":null,"tags":{"highway":"pedestrian"},"width":6.0,"width_source":"assumed highway class"},"type":"Feature"},{"geometry":{"coordinates":[[118.92414450131604,32.11220399746133],[118.92414119536781,32.112162603451225],[118.92412780304883,32.112119802387234],[118.92412610190043,32.11207559698158],[118.9241344981051,32.112041402994535],[118.92412779511265,32.111997201458045],[118.92412939643219,32.111951800389164]],"type":"LineString"},"id":"osm_way_224995747_s0","properties":{"asset_id":"osm_way_224995747_s0","confidence":"mapped alignment; inferred width","geometry_role":"mapped_path_alignment","id":"osm_way_224995747_s0","length_m":28.269483,"map_feature_id":null,"name":"","osm_id":224995747,"osm_type":"way","osm_version":1,"source_timestamp":"2013-06-09T15:07:19Z","source_url":"https://www.openstreetmap.org/way/224995747","space_id":null,"tags":{"highway":"pedestrian"},"width":6.0,"width_source":"assumed highway class"},"type":"Feature"},{"geometry":{"coordinates":[[118.92551170401218,32.11277680441881],[118.92550259497607,32.11216030314714],[118.92549929503252,32.11193400191902]],"type":"LineString"},"id":"osm_way_224996490_s0","properties":{"asset_id":"osm_way_224996490_s0","confidence":"mapped alignment; inferred width","geometry_role":"mapped_path_alignment","id":"osm_way_224996490_s0","length_m":93.465332,"map_feature_id":null,"name":"","osm_id":224996490,"osm_type":"way","osm_version":1,"source_timestamp":"2013-06-09T15:17:20Z","source_url":"https://www.openstreetmap.org/way/224996490","space_id":null,"tags":{"highway":"pedestrian"},"width":6.0,"width_source":"assumed highway class"},"type":"Feature"},{"geometry":{"coordinates":[[118.92479409810853,32.11220409770202],[118.92479269536085,32.112161502253215],[118.92504039919191,32.11216110000386],[118.92519369571107,32.112160897373634],[118.92550259497607,32.11216030314714]],"type":"LineString"},"id":"osm_way_224996491_s0","properties":{"asset_id":"osm_way_224996491_s0","confidence":"mapped alignment; inferred width","geometry_role":"mapped_path_alignment","id":"osm_way_224996491_s0","length_m":71.724695,"map_feature_id":null,"name":"","osm_id":224996491,"osm_type":"way","osm_version":1,"source_timestamp":"2013-06-09T15:17:20Z","source_url":"https://www.openstreetmap.org/way/224996491","space_id":null,"tags":{"highway":"pedestrian"},"width":6.0,"width_source":"assumed highway class"},"type":"Feature"},{"geometry":{"coordinates":[[118.92504039919191,32.11216110000386],[118.92503739982303,32.11193189893118]],"type":"LineString"},"id":"osm_way_224996492_s0","properties":{"asset_id":"osm_way_224996492_s0","confidence":"mapped alignment; inferred width","geometry_role":"mapped_path_alignment","id":"osm_way_224996492_s0","length_m":25.417575,"map_feature_id":null,"name":"","osm_id":224996492,"osm_type":"way","osm_version":1,"source_timestamp":"2013-06-09T15:17:20Z","source_url":"https://www.openstreetmap.org/way/224996492","space_id":null,"tags":{"highway":"pedestrian"},"width":6.0,"width_source":"assumed highway class"},"type":"Feature"},{"geometry":{"coordinates":[[118.92519369571107,32.112160897373634],[118.92519210325818,32.11193260391817]],"type":"LineString"},"id":"osm_way_224996493_s0","properties":{"asset_id":"osm_way_224996493_s0","confidence":"mapped alignment; inferred width","geometry_role":"mapped_path_alignment","id":"osm_way_224996493_s0","length_m":25.315801,"map_feature_id":null,"name":"","osm_id":224996493,"osm_type":"way","osm_version":1,"source_timestamp":"2013-06-09T15:17:20Z","source_url":"https://www.openstreetmap.org/way/224996493","space_id":null,"tags":{"highway":"pedestrian"},"width":6.0,"width_source":"assumed highway class"},"type":"Feature"},{"geometry":{"coordinates":[[118.9245304991813,32.112781695630076],[118.9245818974348,32.112767096468495],[118.92460939953676,32.11274850420887],[118.92464799910475,32.11273909636391],[118.92489199511814,32.11274069893623],[118.92492680431631,32.11273600266377]],"type":"LineString"},"id":"osm_way_224996566_s0","properties":{"asset_id":"osm_way_224996566_s0","confidence":"mapped alignment; inferred width","geometry_role":"mapped_path_alignment","id":"osm_way_224996566_s0","length_m":38.572787,"map_feature_id":null,"name":"","osm_id":224996566,"osm_type":"way","osm_version":1,"source_timestamp":"2013-06-09T15:18:32Z","source_url":"https://www.openstreetmap.org/way/224996566","space_id":null,"tags":{"highway":"service"},"width":5.5,"width_source":"assumed highway class"},"type":"Feature"},{"geometry":{"coordinates":[[118.9235403003191,32.108730300111446],[118.92354529822654,32.10823850281825]],"type":"LineString"},"id":"osm_way_224996916_s0","properties":{"asset_id":"osm_way_224996916_s0","confidence":"mapped alignment; inferred width","geometry_role":"mapped_path_alignment","id":"osm_way_224996916_s0","length_m":54.537147,"map_feature_id":null,"name":"","osm_id":224996916,"osm_type":"way","osm_version":1,"source_timestamp":"2013-06-09T15:22:19Z","source_url":"https://www.openstreetmap.org/way/224996916","space_id":null,"tags":{"highway":"service"},"width":5.5,"width_source":"assumed highway class"},"type":"Feature"},{"geometry":{"coordinates":[[118.92663640272683,32.11329270374296],[118.92651879528324,32.1132076005406],[118.92639920435495,32.113201095563426]],"type":"LineString"},"id":"osm_way_225009121_s0","properties":{"asset_id":"osm_way_225009121_s0","confidence":"mapped alignment; inferred width","geometry_role":"mapped_path_alignment","id":"osm_way_225009121_s0","length_m":25.878769,"map_feature_id":null,"name":"","osm_id":225009121,"osm_type":"way","osm_version":2,"source_timestamp":"2026-04-25T08:16:15Z","source_url":"https://www.openstreetmap.org/way/225009121","space_id":null,"tags":{"highway":"pedestrian"},"width":6.0,"width_source":"assumed highway class"},"type":"Feature"},{"geometry":{"coordinates":[[118.92947819960548,32.11794739645569],[118.92947789827663,32.1177956044515],[118.92947330475475,32.11577500259257]],"type":"LineString"},"id":"osm_way_225092939_s0","properties":{"asset_id":"osm_way_225092939_s0","confidence":"mapped alignment; inferred width","geometry_role":"mapped_path_alignment","id":"osm_way_225092939_s0","length_m":240.8968,"map_feature_id":null,"name":"","osm_id":225092939,"osm_type":"way","osm_version":3,"source_timestamp":"2013-06-10T13:11:49Z","source_url":"https://www.openstreetmap.org/way/225092939","space_id":null,"tags":{"highway":"pedestrian"},"width":6.0,"width_source":"assumed highway class"},"type":"Feature"},{"geometry":{"coordinates":[[118.92685029783111,32.1120781042224],[118.92681590420224,32.112130299972016],[118.92677159479997,32.11217609853602],[118.92669530189816,32.11220319956417],[118.92661400212985,32.112221997706555],[118.92652479732917,32.11222619640646]],"type":"LineString"},"id":"osm_way_225093475_s0","properties":{"asset_id":"osm_way_225093475_s0","confidence":"mapped alignment; inferred width","geometry_role":"mapped_path_alignment","id":"osm_way_225093475_s0","length_m":37.40016,"map_feature_id":null,"name":"","osm_id":225093475,"osm_type":"way","osm_version":2,"source_timestamp":"2013-06-11T08:05:41Z","source_url":"https://www.openstreetmap.org/way/225093475","space_id":null,"tags":{"highway":"track"},"width":2.5,"width_source":"assumed highway class"},"type":"Feature"},{"geometry":{"coordinates":[[118.92708490093105,32.11129999954331],[118.92699379617423,32.11130249574661],[118.9269346047929,32.11131229890184],[118.92686809669065,32.1113354990022],[118.92682759623327,32.11135879928873]],"type":"LineString"},"id":"osm_way_225093538_s0","properties":{"asset_id":"osm_way_225093538_s0","confidence":"mapped alignment; inferred width","geometry_role":"mapped_path_alignment","id":"osm_way_225093538_s0","length_m":25.691615,"map_feature_id":null,"name":"","osm_id":225093538,"osm_type":"way","osm_version":2,"source_timestamp":"2013-06-11T08:05:41Z","source_url":"https://www.openstreetmap.org/way/225093538","space_id":null,"tags":{"highway":"track"},"width":2.5,"width_source":"assumed highway class"},"type":"Feature"},{"geometry":{"coordinates":[[118.92844789549449,32.117729702143876],[118.92838970310041,32.11751460091452]],"type":"LineString"},"id":"osm_way_225094821_s0","properties":{"asset_id":"osm_way_225094821_s0","confidence":"mapped alignment; inferred width","geometry_role":"mapped_path_alignment","id":"osm_way_225094821_s0","length_m":24.476579,"map_feature_id":null,"name":"","osm_id":225094821,"osm_type":"way","osm_version":3,"source_timestamp":"2013-06-11T08:05:40Z","source_url":"https://www.openstreetmap.org/way/225094821","space_id":null,"tags":{"highway":"track"},"width":2.5,"width_source":"assumed highway class"},"type":"Feature"},{"geometry":{"coordinates":[[118.92947789827663,32.1177956044515],[118.93029250107885,32.11779920319154],[118.93030419577056,32.117806998004916],[118.9303294006684,32.117906801172474],[118.93031560413647,32.1179678023479],[118.93050269553986,32.118066200922286]],"type":"LineString"},"id":"osm_way_225100414_s0","properties":{"asset_id":"osm_way_225100414_s0","confidence":"mapped alignment; inferred width","geometry_role":"mapped_path_alignment","id":"osm_way_225100414_s0","length_m":117.243688,"map_feature_id":null,"name":"","osm_id":225100414,"osm_type":"way","osm_version":1,"source_timestamp":"2013-06-10T13:11:49Z","source_url":"https://www.openstreetmap.org/way/225100414","space_id":null,"tags":{"highway":"pedestrian"},"width":6.0,"width_source":"assumed highway class"},"type":"Feature"},{"geometry":{"coordinates":[[118.93031560413647,32.1179678023479],[118.93029499897948,32.117957103878894],[118.93010590485991,32.11824380093705]],"type":"LineString"},"id":"osm_way_225100415_s0","properties":{"asset_id":"osm_way_225100415_s0","confidence":"mapped alignment; inferred width","geometry_role":"mapped_path_alignment","id":"osm_way_225100415_s0","length_m":38.735724,"map_feature_id":null,"name":"","osm_id":225100415,"osm_type":"way","osm_version":1,"source_timestamp":"2013-06-10T13:11:49Z","source_url":"https://www.openstreetmap.org/way/225100415","space_id":null,"tags":{"highway":"pedestrian"},"width":6.0,"width_source":"assumed highway class"},"type":"Feature"},{"geometry":{"coordinates":[[118.9291653968991,32.118067098468856],[118.92931170096462,32.11796279598691]],"type":"LineString"},"id":"osm_way_225102231_s0","properties":{"asset_id":"osm_way_225102231_s0","confidence":"mapped alignment; inferred width","geometry_role":"mapped_path_alignment","id":"osm_way_225102231_s0","length_m":18.011403,"map_feature_id":null,"name":"","osm_id":225102231,"osm_type":"way","osm_version":2,"source_timestamp":"2013-06-11T08:05:40Z","source_url":"https://www.openstreetmap.org/way/225102231","space_id":null,"tags":{"highway":"track"},"width":2.5,"width_source":"assumed highway class"},"type":"Feature"},{"geometry":{"coordinates":[[118.92704180331096,32.121771797240676],[118.92711410331448,32.121701102721936]],"type":"LineString"},"id":"osm_way_225107325_s0","properties":{"asset_id":"osm_way_225107325_s0","confidence":"mapped alignment; inferred width","geometry_role":"mapped_path_alignment","id":"osm_way_225107325_s0","length_m":10.392598,"map_feature_id":null,"name":"","osm_id":225107325,"osm_type":"way","osm_version":1,"source_timestamp":"2013-06-10T14:38:26Z","source_url":"https://www.openstreetmap.org/way/225107325","space_id":null,"tags":{"highway":"pedestrian"},"width":6.0,"width_source":"assumed highway class"},"type":"Feature"},{"geometry":{"coordinates":[[118.92511809619981,32.119932402007315],[118.9254179995236,32.120077995537166]],"type":"LineString"},"id":"osm_way_225108277_s0","properties":{"asset_id":"osm_way_225108277_s0","confidence":"mapped alignment; inferred width","geometry_role":"mapped_path_alignment","id":"osm_way_225108277_s0","length_m":32.583124,"map_feature_id":null,"name":"","osm_id":225108277,"osm_type":"way","osm_version":1,"source_timestamp":"2013-06-10T14:45:37Z","source_url":"https://www.openstreetmap.org/way/225108277","space_id":null,"tags":{"highway":"pedestrian"},"width":6.0,"width_source":"assumed highway class"},"type":"Feature"},{"geometry":{"coordinates":[[118.9256251017903,32.12143480081045],[118.92570189681557,32.12147259630911]],"type":"LineString"},"id":"osm_way_225109875_s0","properties":{"asset_id":"osm_way_225109875_s0","confidence":"mapped alignment; inferred width","geometry_role":"mapped_path_alignment","id":"osm_way_225109875_s0","length_m":8.371717,"map_feature_id":null,"name":"","osm_id":225109875,"osm_type":"way","osm_version":1,"source_timestamp":"2013-06-10T14:58:33Z","source_url":"https://www.openstreetmap.org/way/225109875","space_id":null,"tags":{"highway":"pedestrian"},"width":6.0,"width_source":"assumed highway class"},"type":"Feature"},{"geometry":{"coordinates":[[118.9254707963294,32.121662696651356],[118.92554339731723,32.1216981027641]],"type":"LineString"},"id":"osm_way_225109876_s0","properties":{"asset_id":"osm_way_225109876_s0","confidence":"mapped alignment; inferred width","geometry_role":"mapped_path_alignment","id":"osm_way_225109876_s0","length_m":7.896499,"map_feature_id":null,"name":"","osm_id":225109876,"osm_type":"way","osm_version":1,"source_timestamp":"2013-06-10T14:58:33Z","source_url":"https://www.openstreetmap.org/way/225109876","space_id":null,"tags":{"highway":"pedestrian"},"width":6.0,"width_source":"assumed highway class"},"type":"Feature"},{"geometry":{"coordinates":[[118.92531489788354,32.12189299767031],[118.9253941031985,32.12193149627553]],"type":"LineString"},"id":"osm_way_225109877_s0","properties":{"asset_id":"osm_way_225109877_s0","confidence":"mapped alignment; inferred width","geometry_role":"mapped_path_alignment","id":"osm_way_225109877_s0","length_m":8.607741,"map_feature_id":null,"name":"","osm_id":225109877,"osm_type":"way","osm_version":1,"source_timestamp":"2013-06-10T14:58:33Z","source_url":"https://www.openstreetmap.org/way/225109877","space_id":null,"tags":{"highway":"pedestrian"},"width":6.0,"width_source":"assumed highway class"},"type":"Feature"},{"geometry":{"coordinates":[[118.92569600291432,32.119916603101025],[118.92582749500173,32.119725402343306]],"type":"LineString"},"id":"osm_way_225109878_s0","properties":{"asset_id":"osm_way_225109878_s0","confidence":"mapped alignment; inferred width","geometry_role":"mapped_path_alignment","id":"osm_way_225109878_s0","length_m":24.566569,"map_feature_id":null,"name":"","osm_id":225109878,"osm_type":"way","osm_version":3,"source_timestamp":"2015-03-27T16:56:23Z","source_url":"https://www.openstreetmap.org/way/225109878","space_id":null,"tags":{"highway":"pedestrian"},"width":6.0,"width_source":"assumed highway class"},"type":"Feature"},{"geometry":{"coordinates":[[118.92612509561503,32.12012859653742],[118.92625600016555,32.119936700780215]],"type":"LineString"},"id":"osm_way_225109879_s0","properties":{"asset_id":"osm_way_225109879_s0","confidence":"mapped alignment; inferred width","geometry_role":"mapped_path_alignment","id":"osm_way_225109879_s0","length_m":24.60522,"map_feature_id":null,"name":"","osm_id":225109879,"osm_type":"way","osm_version":1,"source_timestamp":"2013-06-10T14:58:33Z","source_url":"https://www.openstreetmap.org/way/225109879","space_id":null,"tags":{"highway":"pedestrian"},"width":6.0,"width_source":"assumed highway class"},"type":"Feature"},{"geometry":{"coordinates":[[118.92585300458211,32.11973800217135],[118.92599100244688,32.11954019927169]],"type":"LineString"},"id":"osm_way_225110408_s0","properties":{"asset_id":"osm_way_225110408_s0","confidence":"mapped alignment; inferred width","geometry_role":"mapped_path_alignment","id":"osm_way_225110408_s0","length_m":25.509053,"map_feature_id":null,"name":"","osm_id":225110408,"osm_type":"way","osm_version":5,"source_timestamp":"2013-06-11T07:51:59Z","source_url":"https://www.openstreetmap.org/way/225110408","space_id":null,"tags":{"highway":"service"},"width":5.5,"width_source":"assumed highway class"},"type":"Feature"},{"geometry":{"coordinates":[[118.92599100244688,32.11954019927169],[118.92636319701069,32.11972719903933],[118.92639220361251,32.11973069906689],[118.92642819914005,32.11972030204139],[118.92678029739437,32.1192036955754],[118.92699719768538,32.1188854990383],[118.9270150046704,32.11887350271395],[118.92704210312512,32.11885430273474],[118.92731539689335,32.11844550399798],[118.9265722957473,32.118086497410594],[118.92653920284559,32.11808470113791],[118.92650599816612,32.11810229829417],[118.9262010044139,32.118549504386635],[118.92565709529775,32.11934689758696],[118.92565879789757,32.119366398713126],[118.92566780499213,32.119384498937094],[118.92599100244688,32.11954019927169]],"type":"LineString"},"id":"osm_way_225110408_s1","properties":{"asset_id":"osm_way_225110408_s1","confidence":"mapped alignment; inferred width","geometry_role":"mapped_path_alignment","id":"osm_way_225110408_s1","length_m":498.221209,"map_feature_id":null,"name":"","osm_id":225110408,"osm_type":"way","osm_version":5,"source_timestamp":"2013-06-11T07:51:59Z","source_url":"https://www.openstreetmap.org/way/225110408","space_id":null,"tags":{"highway":"service"},"width":5.5,"width_source":"assumed highway class"},"type":"Feature"},{"geometry":{"coordinates":[[118.9262010044139,32.118549504386635],[118.92642120383964,32.1186560999586],[118.92645219637528,32.1186582980195],[118.92649449627557,32.11864230319344],[118.92653269530167,32.118645500941],[118.9270150046704,32.11887350271395],[118.92725130496454,32.11898869971517]],"type":"LineString"},"id":"osm_way_225112716_s0","properties":{"asset_id":"osm_way_225112716_s0","confidence":"mapped alignment; inferred width","geometry_role":"mapped_path_alignment","id":"osm_way_225112716_s0","length_m":112.599444,"map_feature_id":null,"name":"","osm_id":225112716,"osm_type":"way","osm_version":1,"source_timestamp":"2013-06-10T15:25:25Z","source_url":"https://www.openstreetmap.org/way/225112716","space_id":null,"tags":{"highway":"service"},"width":5.5,"width_source":"assumed highway class"},"type":"Feature"},{"geometry":{"coordinates":[[118.92678029739437,32.1192036955754],[118.92702970454297,32.11932829912778]],"type":"LineString"},"id":"osm_way_225112725_s0","properties":{"asset_id":"osm_way_225112725_s0","confidence":"mapped alignment; inferred width","geometry_role":"mapped_path_alignment","id":"osm_way_225112725_s0","length_m":27.292884,"map_feature_id":null,"name":"","osm_id":225112725,"osm_type":"way","osm_version":1,"source_timestamp":"2013-06-10T15:25:45Z","source_url":"https://www.openstreetmap.org/way/225112725","space_id":null,"tags":{"highway":"service"},"width":5.5,"width_source":"assumed highway class"},"type":"Feature"},{"geometry":{"coordinates":[[118.92770480343731,32.11828989712108],[118.92790080299037,32.11837959548906],[118.92798980274675,32.11842029742067]],"type":"LineString"},"id":"osm_way_225199796_s0","properties":{"asset_id":"osm_way_225199796_s0","confidence":"mapped alignment; inferred width","geometry_role":"mapped_path_alignment","id":"osm_way_225199796_s0","length_m":30.536706,"map_feature_id":null,"name":"","osm_id":225199796,"osm_type":"way","osm_version":1,"source_timestamp":"2013-06-11T06:34:38Z","source_url":"https://www.openstreetmap.org/way/225199796","space_id":null,"tags":{"highway":"pedestrian"},"width":6.0,"width_source":"assumed highway class"},"type":"Feature"},{"geometry":{"coordinates":[[118.92784939871107,32.11863090150214],[118.92780940470486,32.11860030346964],[118.92780169631354,32.11855830023089],[118.9278170037928,32.118522701994465],[118.92790080299037,32.11837959548906],[118.92802300480152,32.11821259784665],[118.92804780085312,32.11819480367933],[118.92809159669932,32.118189996668065],[118.92813550188767,32.11820449852945]],"type":"LineString"},"id":"osm_way_225199797_s0","properties":{"asset_id":"osm_way_225199797_s0","confidence":"mapped alignment; inferred width","geometry_role":"mapped_path_alignment","id":"osm_way_225199797_s0","length_m":65.211962,"map_feature_id":null,"name":"","osm_id":225199797,"osm_type":"way","osm_version":1,"source_timestamp":"2013-06-11T06:34:38Z","source_url":"https://www.openstreetmap.org/way/225199797","space_id":null,"tags":{"highway":"pedestrian"},"width":6.0,"width_source":"assumed highway class"},"type":"Feature"},{"geometry":{"coordinates":[[118.9286243039631,32.11974709994804],[118.92861970262892,32.11966490406185],[118.92861659595165,32.11957969997737],[118.92860239840668,32.11951439933929],[118.92855360055094,32.11943310233071],[118.92852320011258,32.119410196234796]],"type":"LineString"},"id":"osm_way_225204143_s0","properties":{"asset_id":"osm_way_225204143_s0","confidence":"mapped alignment; inferred width","geometry_role":"mapped_path_alignment","id":"osm_way_225204143_s0","length_m":39.896831,"map_feature_id":null,"name":"","osm_id":225204143,"osm_type":"way","osm_version":2,"source_timestamp":"2013-06-11T08:05:40Z","source_url":"https://www.openstreetmap.org/way/225204143","space_id":null,"tags":{"highway":"track"},"width":2.5,"width_source":"assumed highway class"},"type":"Feature"},{"geometry":{"coordinates":[[118.92731539689335,32.11844550399798],[118.92753760234227,32.11855320350369]],"type":"LineString"},"id":"osm_way_225205498_s0","properties":{"asset_id":"osm_way_225205498_s0","confidence":"mapped alignment; inferred width","geometry_role":"mapped_path_alignment","id":"osm_way_225205498_s0","length_m":24.132361,"map_feature_id":null,"name":"","osm_id":225205498,"osm_type":"way","osm_version":1,"source_timestamp":"2013-06-11T07:51:58Z","source_url":"https://www.openstreetmap.org/way/225205498","space_id":null,"tags":{"highway":"service"},"width":5.5,"width_source":"assumed highway class"},"type":"Feature"},{"geometry":{"coordinates":[[118.92638470029536,32.120274900159025],[118.92785070139084,32.12099899912099]],"type":"LineString"},"id":"osm_way_225251712_s0","properties":{"asset_id":"osm_way_225251712_s0","confidence":"mapped alignment; inferred width","geometry_role":"mapped_path_alignment","id":"osm_way_225251712_s0","length_m":159.959512,"map_feature_id":null,"name":"","osm_id":225251712,"osm_type":"way","osm_version":1,"source_timestamp":"2013-06-11T14:04:44Z","source_url":"https://www.openstreetmap.org/way/225251712","space_id":null,"tags":{"highway":"service"},"width":5.5,"width_source":"assumed highway class"},"type":"Feature"},{"geometry":{"coordinates":[[118.92002659590769,32.11908339717724],[118.91999590463556,32.11906319921617],[118.91997470141715,32.11903199794068],[118.91999359551261,32.118982798999475],[118.92013750021825,32.11875829627392],[118.92029849759143,32.118514503097565],[118.92095549599432,32.11881510007898],[118.92148359631547,32.119068296024224],[118.92205759843723,32.11934820270243],[118.92188440157207,32.11960189716377],[118.92168239521185,32.11990400309231],[118.92164549825111,32.11995940133887],[118.92164000343152,32.119980400797466],[118.92164939994474,32.11999790012959]],"type":"LineString"},"id":"osm_way_225267147_s0","properties":{"asset_id":"osm_way_225267147_s0","confidence":"mapped alignment; inferred width","geometry_role":"mapped_path_alignment","id":"osm_way_225267147_s0","length_m":345.455848,"map_feature_id":null,"name":"","osm_id":225267147,"osm_type":"way","osm_version":2,"source_timestamp":"2023-05-15T13:14:14Z","source_url":"https://www.openstreetmap.org/way/225267147","space_id":null,"tags":{"highway":"service"},"width":5.5,"width_source":"assumed highway class"},"type":"Feature"},{"geometry":{"coordinates":[[118.9204253956503,32.11950850282544],[118.92044700341695,32.11950739932008],[118.92047359963863,32.11951170393449],[118.92050410452602,32.119523498496775],[118.92064279786497,32.119596101967744]],"type":"LineString"},"id":"osm_way_225267149_s0","properties":{"asset_id":"osm_way_225267149_s0","confidence":"mapped alignment; inferred width","geometry_role":"mapped_path_alignment","id":"osm_way_225267149_s0","length_m":23.126152,"map_feature_id":null,"name":"","osm_id":225267149,"osm_type":"way","osm_version":1,"source_timestamp":"2013-06-11T15:33:03Z","source_url":"https://www.openstreetmap.org/way/225267149","space_id":null,"tags":{"highway":"track"},"width":2.5,"width_source":"assumed highway class"},"type":"Feature"},{"geometry":{"coordinates":[[118.92064279786497,32.119596101967744],[118.92066520214851,32.11955359620217],[118.9206765990269,32.1195214043115],[118.92069170202892,32.11944049639036]],"type":"LineString"},"id":"osm_way_225267150_s0","properties":{"asset_id":"osm_way_225267150_s0","confidence":"mapped alignment; inferred width","geometry_role":"mapped_path_alignment","id":"osm_way_225267150_s0","length_m":17.978517,"map_feature_id":null,"name":"","osm_id":225267150,"osm_type":"way","osm_version":1,"source_timestamp":"2013-06-11T15:33:04Z","source_url":"https://www.openstreetmap.org/way/225267150","space_id":null,"tags":{"highway":"track"},"width":2.5,"width_source":"assumed highway class"},"type":"Feature"},{"geometry":{"coordinates":[[118.92039240323322,32.11949229940759],[118.92040000419934,32.119466595979794],[118.92041519643512,32.11943799939499],[118.9204576999719,32.11937600440224],[118.92048229499497,32.119337902985556]],"type":"LineString"},"id":"osm_way_225267152_s0","properties":{"asset_id":"osm_way_225267152_s0","confidence":"mapped alignment; inferred width","geometry_role":"mapped_path_alignment","id":"osm_way_225267152_s0","length_m":19.199033,"map_feature_id":null,"name":"","osm_id":225267152,"osm_type":"way","osm_version":1,"source_timestamp":"2013-06-11T15:33:04Z","source_url":"https://www.openstreetmap.org/way/225267152","space_id":null,"tags":{"highway":"track"},"width":2.5,"width_source":"assumed highway class"},"type":"Feature"},{"geometry":{"coordinates":[[118.92040119864151,32.11951349690493],[118.9202605017862,32.11972419663147]],"type":"LineString"},"id":"osm_way_225268089_s0","properties":{"asset_id":"osm_way_225268089_s0","confidence":"mapped alignment; inferred width","geometry_role":"mapped_path_alignment","id":"osm_way_225268089_s0","length_m":26.873597,"map_feature_id":null,"name":"","osm_id":225268089,"osm_type":"way","osm_version":1,"source_timestamp":"2013-06-11T15:43:20Z","source_url":"https://www.openstreetmap.org/way/225268089","space_id":null,"tags":{"highway":"service"},"width":5.5,"width_source":"assumed highway class"},"type":"Feature"},{"geometry":{"coordinates":[[118.92795280075767,32.10921509655831],[118.92768669801734,32.10907130238043],[118.92756289769828,32.10901249571023],[118.92741510264035,32.10895050057428],[118.92727359999307,32.10890049549404],[118.9270167993874,32.10882460076889]],"type":"LineString"},"id":"osm_way_226966740_s0","properties":{"asset_id":"osm_way_226966740_s0","confidence":"mapped alignment; inferred width","geometry_role":"mapped_path_alignment","id":"osm_way_226966740_s0","length_m":98.799273,"map_feature_id":null,"name":"","osm_id":226966740,"osm_type":"way","osm_version":2,"source_timestamp":"2013-06-23T10:48:46Z","source_url":"https://www.openstreetmap.org/way/226966740","space_id":null,"tags":{"bridge":"yes","highway":"service"},"width":5.5,"width_source":"assumed highway class"},"type":"Feature"},{"geometry":{"coordinates":[[118.92874750526349,32.109684502248555],[118.92868070291964,32.109740998423064],[118.92858960108148,32.109761696880255],[118.92849840225543,32.10974099762066],[118.9284317033566,32.10968449681848],[118.92840720121112,32.109607303052634],[118.9284316974215,32.109530003288576],[118.92844859564744,32.109515702646156],[118.92795280075767,32.10921509655831]],"type":"LineString"},"id":"osm_way_226967003_s0","properties":{"asset_id":"osm_way_226967003_s0","confidence":"mapped alignment; inferred width","geometry_role":"mapped_path_alignment","id":"osm_way_226967003_s0","length_m":113.024313,"map_feature_id":null,"name":"","osm_id":226967003,"osm_type":"way","osm_version":3,"source_timestamp":"2013-12-01T12:15:40Z","source_url":"https://www.openstreetmap.org/way/226967003","space_id":null,"tags":{"highway":"service","lit":"yes"},"width":5.5,"width_source":"assumed highway class"},"type":"Feature"},{"geometry":{"coordinates":[[118.92641487140811,32.107824605129636],[118.92640980342384,32.10873410184104]],"type":"LineString"},"id":"osm_way_673044223_s0","properties":{"asset_id":"osm_way_673044223_s0","confidence":"mapped alignment; inferred width","geometry_role":"mapped_path_alignment","id":"osm_way_673044223_s0","length_m":100.854798,"map_feature_id":null,"name":"","osm_id":673044223,"osm_type":"way","osm_version":3,"source_timestamp":"2026-04-25T08:16:15Z","source_url":"https://www.openstreetmap.org/way/673044223","space_id":null,"tags":{"highway":"service","lit":"yes","oneway":"yes"},"width":5.5,"width_source":"assumed highway class"},"type":"Feature"},{"geometry":{"coordinates":[[118.92599809480832,32.109487102182754],[118.92619190190553,32.1094951031298]],"type":"LineString"},"id":"osm_way_970894655_s0","properties":{"asset_id":"osm_way_970894655_s0","confidence":"mapped alignment; inferred width","geometry_role":"mapped_path_alignment","id":"osm_way_970894655_s0","length_m":18.313283,"map_feature_id":null,"name":"","osm_id":970894655,"osm_type":"way","osm_version":1,"source_timestamp":"2021-08-06T12:18:26Z","source_url":"https://www.openstreetmap.org/way/970894655","space_id":null,"tags":{"highway":"service"},"width":5.5,"width_source":"assumed highway class"},"type":"Feature"},{"geometry":{"coordinates":[[118.92541330019287,32.10948160260386],[118.92599809480832,32.109487102182754]],"type":"LineString"},"id":"osm_way_970894656_s0","properties":{"asset_id":"osm_way_970894656_s0","confidence":"mapped alignment; inferred width","geometry_role":"mapped_path_alignment","id":"osm_way_970894656_s0","length_m":55.197079,"map_feature_id":null,"name":"","osm_id":970894656,"osm_type":"way","osm_version":1,"source_timestamp":"2021-08-06T12:18:26Z","source_url":"https://www.openstreetmap.org/way/970894656","space_id":null,"tags":{"covered":"yes","highway":"service"},"width":5.5,"width_source":"assumed highway class"},"type":"Feature"},{"geometry":{"coordinates":[[118.92295340477506,32.11802730409658],[118.9220909981615,32.11929890046052],[118.92205759843723,32.11934820270243]],"type":"LineString"},"id":"osm_way_1173057037_s0","properties":{"asset_id":"osm_way_1173057037_s0","confidence":"mapped alignment; inferred width","geometry_role":"mapped_path_alignment","id":"osm_way_1173057037_s0","length_m":169.119452,"map_feature_id":null,"name":"","osm_id":1173057037,"osm_type":"way","osm_version":1,"source_timestamp":"2023-05-15T13:14:14Z","source_url":"https://www.openstreetmap.org/way/1173057037","space_id":null,"tags":{"highway":"service"},"width":5.5,"width_source":"assumed highway class"},"type":"Feature"},{"geometry":{"coordinates":[[118.92029849759143,32.118514503097565],[118.9203670003677,32.118399503393185],[118.92051200162852,32.118156096951694],[118.92058730432075,32.11802980085642],[118.92070740387933,32.117828099042946],[118.92076320128,32.11780630024557],[118.92235960414503,32.11858050127363]],"type":"LineString"},"id":"osm_way_1173057038_s0","properties":{"asset_id":"osm_way_1173057038_s0","confidence":"mapped alignment; inferred width","geometry_role":"mapped_path_alignment","id":"osm_way_1173057038_s0","length_m":264.532504,"map_feature_id":null,"name":"","osm_id":1173057038,"osm_type":"way","osm_version":1,"source_timestamp":"2023-05-15T13:14:14Z","source_url":"https://www.openstreetmap.org/way/1173057038","space_id":null,"tags":{"highway":"service"},"width":5.5,"width_source":"assumed highway class"},"type":"Feature"},{"geometry":{"coordinates":[[118.92051200162852,32.118156096951694],[118.92074720153296,32.11826830154547],[118.92110110124256,32.11843720421533],[118.92120109916773,32.11848499569197],[118.9216645977887,32.118706097202406],[118.92201850078604,32.11887499716442],[118.92209790337792,32.11874819601071],[118.92186969898505,32.118639703006785],[118.92175059624635,32.11858300231645],[118.92155260192342,32.118488896029596],[118.9211841984525,32.118313702759274],[118.92105519482809,32.118252299212884],[118.92069459660563,32.11808080122491],[118.92058730432075,32.11802980085642]],"type":"LineString"},"id":"osm_way_1173057039_s0","properties":{"asset_id":"osm_way_1173057039_s0","confidence":"mapped alignment; inferred width","geometry_role":"mapped_path_alignment","id":"osm_way_1173057039_s0","length_m":342.235266,"map_feature_id":null,"name":"","osm_id":1173057039,"osm_type":"way","osm_version":2,"source_timestamp":"2026-08-04T08:40:04Z","source_url":"https://www.openstreetmap.org/way/1173057039","space_id":null,"tags":{"highway":"service"},"width":5.5,"width_source":"assumed highway class"},"type":"Feature"},{"geometry":{"coordinates":[[118.92074720153296,32.11826830154547],[118.92069459660563,32.11808080122491]],"type":"LineString"},"id":"osm_way_1173057040_s0","properties":{"asset_id":"osm_way_1173057040_s0","confidence":"mapped alignment; inferred width","geometry_role":"mapped_path_alignment","id":"osm_way_1173057040_s0","length_m":21.376267,"map_feature_id":null,"name":"","osm_id":1173057040,"osm_type":"way","osm_version":1,"source_timestamp":"2023-05-15T13:14:14Z","source_url":"https://www.openstreetmap.org/way/1173057040","space_id":null,"tags":{"highway":"path"},"width":1.5,"width_source":"assumed highway class"},"type":"Feature"},{"geometry":{"coordinates":[[118.92105519482809,32.118252299212884],[118.9211374040667,32.11838330334493],[118.92120109916773,32.11848499569197]],"type":"LineString"},"id":"osm_way_1173057041_s0","properties":{"asset_id":"osm_way_1173057041_s0","confidence":"mapped alignment; inferred width","geometry_role":"mapped_path_alignment","id":"osm_way_1173057041_s0","length_m":29.247537,"map_feature_id":null,"name":"","osm_id":1173057041,"osm_type":"way","osm_version":2,"source_timestamp":"2026-08-04T08:40:04Z","source_url":"https://www.openstreetmap.org/way/1173057041","space_id":null,"tags":{"highway":"path"},"width":1.5,"width_source":"assumed highway class"},"type":"Feature"},{"geometry":{"coordinates":[[118.92155260192342,32.118488896029596],[118.9216645977887,32.118706097202406]],"type":"LineString"},"id":"osm_way_1173057042_s0","properties":{"asset_id":"osm_way_1173057042_s0","confidence":"mapped alignment; inferred width","geometry_role":"mapped_path_alignment","id":"osm_way_1173057042_s0","length_m":26.302318,"map_feature_id":null,"name":"","osm_id":1173057042,"osm_type":"way","osm_version":1,"source_timestamp":"2023-05-15T13:14:14Z","source_url":"https://www.openstreetmap.org/way/1173057042","space_id":null,"tags":{"highway":"path"},"width":1.5,"width_source":"assumed highway class"},"type":"Feature"},{"geometry":{"coordinates":[[118.9216645977887,32.118706097202406],[118.92186969898505,32.118639703006785]],"type":"LineString"},"id":"osm_way_1173057043_s0","properties":{"asset_id":"osm_way_1173057043_s0","confidence":"mapped alignment; inferred width","geometry_role":"mapped_path_alignment","id":"osm_way_1173057043_s0","length_m":20.708706,"map_feature_id":null,"name":"","osm_id":1173057043,"osm_type":"way","osm_version":1,"source_timestamp":"2023-05-15T13:14:14Z","source_url":"https://www.openstreetmap.org/way/1173057043","space_id":null,"tags":{"highway":"path"},"width":1.5,"width_source":"assumed highway class"},"type":"Feature"},{"geometry":{"coordinates":[[118.9203670003677,32.118399503393185],[118.92094429949742,32.11867830101889],[118.92150759728284,32.118950300370464],[118.9220131047385,32.11919440269862]],"type":"LineString"},"id":"osm_way_1173057044_s0","properties":{"asset_id":"osm_way_1173057044_s0","confidence":"mapped alignment; inferred width","geometry_role":"mapped_path_alignment","id":"osm_way_1173057044_s0","length_m":178.61111,"map_feature_id":null,"name":"","osm_id":1173057044,"osm_type":"way","osm_version":1,"source_timestamp":"2023-05-15T13:14:14Z","source_url":"https://www.openstreetmap.org/way/1173057044","space_id":null,"tags":{"highway":"service"},"width":5.5,"width_source":"assumed highway class"},"type":"Feature"},{"geometry":{"coordinates":[[118.92094429949742,32.11867830101889],[118.92110110124256,32.11843720421533]],"type":"LineString"},"id":"osm_way_1173057045_s0","properties":{"asset_id":"osm_way_1173057045_s0","confidence":"mapped alignment; inferred width","geometry_role":"mapped_path_alignment","id":"osm_way_1173057045_s0","length_m":30.557095,"map_feature_id":null,"name":"","osm_id":1173057045,"osm_type":"way","osm_version":1,"source_timestamp":"2023-05-15T13:14:14Z","source_url":"https://www.openstreetmap.org/way/1173057045","space_id":null,"tags":{"highway":"service"},"width":5.5,"width_source":"assumed highway class"},"type":"Feature"},{"geometry":{"coordinates":[[118.92150759728284,32.118950300370464],[118.9216645977887,32.118706097202406]],"type":"LineString"},"id":"osm_way_1173057046_s0","properties":{"asset_id":"osm_way_1173057046_s0","confidence":"mapped alignment; inferred width","geometry_role":"mapped_path_alignment","id":"osm_way_1173057046_s0","length_m":30.867911,"map_feature_id":null,"name":"","osm_id":1173057046,"osm_type":"way","osm_version":1,"source_timestamp":"2023-05-15T13:14:14Z","source_url":"https://www.openstreetmap.org/way/1173057046","space_id":null,"tags":{"highway":"service"},"width":5.5,"width_source":"assumed highway class"},"type":"Feature"},{"geometry":{"coordinates":[[118.9216645977887,32.118706097202406],[118.92175059624635,32.11858300231645],[118.92187379948398,32.11840659691056]],"type":"LineString"},"id":"osm_way_1173057047_s0","properties":{"asset_id":"osm_way_1173057047_s0","confidence":"mapped alignment; inferred width","geometry_role":"mapped_path_alignment","id":"osm_way_1173057047_s0","length_m":38.636454,"map_feature_id":null,"name":"","osm_id":1173057047,"osm_type":"way","osm_version":2,"source_timestamp":"2026-08-04T08:40:04Z","source_url":"https://www.openstreetmap.org/way/1173057047","space_id":null,"tags":{"highway":"service"},"width":5.5,"width_source":"assumed highway class"},"type":"Feature"},{"geometry":{"coordinates":[[118.92110110124256,32.11843720421533],[118.9211374040667,32.11838330334493],[118.9211841984525,32.118313702759274],[118.92130939508326,32.118127698015485]],"type":"LineString"},"id":"osm_way_1173057048_s0","properties":{"asset_id":"osm_way_1173057048_s0","confidence":"mapped alignment; inferred width","geometry_role":"mapped_path_alignment","id":"osm_way_1173057048_s0","length_m":39.551638,"map_feature_id":null,"name":"","osm_id":1173057048,"osm_type":"way","osm_version":2,"source_timestamp":"2026-08-04T08:40:04Z","source_url":"https://www.openstreetmap.org/way/1173057048","space_id":null,"tags":{"highway":"service"},"width":5.5,"width_source":"assumed highway class"},"type":"Feature"},{"geometry":{"coordinates":[[118.9220909981615,32.11929890046052],[118.92340129900835,32.119924200644284],[118.92375280265009,32.1200894971717]],"type":"LineString"},"id":"osm_way_1173057049_s0","properties":{"asset_id":"osm_way_1173057049_s0","confidence":"mapped alignment; inferred width","geometry_role":"mapped_path_alignment","id":"osm_way_1173057049_s0","length_m":179.667334,"map_feature_id":null,"name":"","osm_id":1173057049,"osm_type":"way","osm_version":2,"source_timestamp":"2026-04-25T08:16:15Z","source_url":"https://www.openstreetmap.org/way/1173057049","space_id":null,"tags":{"highway":"service"},"width":5.5,"width_source":"assumed highway class"},"type":"Feature"},{"geometry":{"coordinates":[[118.92375280265009,32.1200894971717],[118.9240837045968,32.12024520254061],[118.92413200198538,32.12016800175623],[118.92381810313083,32.12002710050424],[118.92375280265009,32.1200894971717]],"type":"LineString"},"id":"osm_way_1173057049_s1","properties":{"asset_id":"osm_way_1173057049_s1","confidence":"mapped alignment; inferred width","geometry_role":"mapped_path_alignment","id":"osm_way_1173057049_s1","length_m":88.137604,"map_feature_id":null,"name":"","osm_id":1173057049,"osm_type":"way","osm_version":2,"source_timestamp":"2026-04-25T08:16:15Z","source_url":"https://www.openstreetmap.org/way/1173057049","space_id":null,"tags":{"highway":"service"},"width":5.5,"width_source":"assumed highway class"},"type":"Feature"},{"geometry":{"coordinates":[[118.92312609538865,32.11492840309961],[118.92326979857826,32.11499909679623],[118.92375749752236,32.11523929628415],[118.92446560114415,32.11523570350992],[118.92451750269417,32.11527430225683],[118.92455359919624,32.11530110034917],[118.92455359612545,32.11564579557452],[118.9245536019922,32.116144398019394],[118.92455360204399,32.11621710355695],[118.92437180156,32.11649149631981],[118.92427480121637,32.11663800318744],[118.92412989569178,32.11685659982746],[118.92404420170688,32.116985896981134],[118.92373710360262,32.117449400413825],[118.92334630177653,32.118039301433036],[118.92318440196507,32.11828359905684]],"type":"LineString"},"id":"osm_way_1173059695_s0","properties":{"asset_id":"osm_way_1173059695_s0","confidence":"mapped alignment; inferred width","geometry_role":"mapped_path_alignment","id":"osm_way_1173059695_s0","length_m":511.345905,"map_feature_id":null,"name":"","osm_id":1173059695,"osm_type":"way","osm_version":1,"source_timestamp":"2023-05-15T13:29:03Z","source_url":"https://www.openstreetmap.org/way/1173059695","space_id":null,"tags":{"highway":"service"},"width":5.5,"width_source":"assumed highway class"},"type":"Feature"},{"geometry":{"coordinates":[[118.92326979857826,32.11499909679623],[118.9229852020767,32.11542220132703],[118.92277550098274,32.115733796951716],[118.9226823029949,32.11587219957153],[118.92251510081562,32.11612079799203],[118.92260740237661,32.11629339883567],[118.92288319950012,32.11642629581727],[118.92340079565962,32.1166758013288],[118.92404420170688,32.116985896981134]],"type":"LineString"},"id":"osm_way_1173059696_s0","properties":{"asset_id":"osm_way_1173059696_s0","confidence":"mapped alignment; inferred width","geometry_role":"mapped_path_alignment","id":"osm_way_1173059696_s0","length_m":320.192989,"map_feature_id":null,"name":"","osm_id":1173059696,"osm_type":"way","osm_version":1,"source_timestamp":"2023-05-15T13:29:03Z","source_url":"https://www.openstreetmap.org/way/1173059696","space_id":null,"tags":{"highway":"service"},"width":5.5,"width_source":"assumed highway class"},"type":"Feature"},{"geometry":{"coordinates":[[118.92340079565962,32.1166758013288],[118.92373710360262,32.117449400413825]],"type":"LineString"},"id":"osm_way_1173059697_s0","properties":{"asset_id":"osm_way_1173059697_s0","confidence":"mapped alignment; inferred width","geometry_role":"mapped_path_alignment","id":"osm_way_1173059697_s0","length_m":91.467144,"map_feature_id":null,"name":"","osm_id":1173059697,"osm_type":"way","osm_version":1,"source_timestamp":"2023-05-15T13:29:03Z","source_url":"https://www.openstreetmap.org/way/1173059697","space_id":null,"tags":{"highway":"service"},"width":5.5,"width_source":"assumed highway class"},"type":"Feature"},{"geometry":{"coordinates":[[118.9229852020767,32.11542220132703],[118.92363629821482,32.115721999599955],[118.92393060028486,32.11585749931648],[118.92413240215532,32.1159503986475],[118.9245536019922,32.116144398019394]],"type":"LineString"},"id":"osm_way_1173059698_s0","properties":{"asset_id":"osm_way_1173059698_s0","confidence":"mapped alignment; inferred width","geometry_role":"mapped_path_alignment","id":"osm_way_1173059698_s0","length_m":168.293232,"map_feature_id":null,"name":"","osm_id":1173059698,"osm_type":"way","osm_version":1,"source_timestamp":"2023-05-15T13:29:03Z","source_url":"https://www.openstreetmap.org/way/1173059698","space_id":null,"tags":{"highway":"service"},"width":5.5,"width_source":"assumed highway class"},"type":"Feature"},{"geometry":{"coordinates":[[118.92393060028486,32.11585749931648],[118.92372040287064,32.1161822001803],[118.92362700102971,32.11632649624503],[118.92340079565962,32.1166758013288]],"type":"LineString"},"id":"osm_way_1173059699_s0","properties":{"asset_id":"osm_way_1173059699_s0","confidence":"mapped alignment; inferred width","geometry_role":"mapped_path_alignment","id":"osm_way_1173059699_s0","length_m":103.604759,"map_feature_id":null,"name":"","osm_id":1173059699,"osm_type":"way","osm_version":2,"source_timestamp":"2026-08-04T08:40:04Z","source_url":"https://www.openstreetmap.org/way/1173059699","space_id":null,"tags":{"highway":"service"},"width":5.5,"width_source":"assumed highway class"},"type":"Feature"},{"geometry":{"coordinates":[[118.92277550098274,32.115733796951716],[118.9229762051532,32.11582899675155],[118.92307529637993,32.115876097066014],[118.92343800091945,32.11604819678934],[118.92372040287064,32.1161822001803],[118.92400670305211,32.116318100881614],[118.92437180156,32.11649149631981]],"type":"LineString"},"id":"osm_way_1173059700_s0","properties":{"asset_id":"osm_way_1173059700_s0","confidence":"mapped alignment; inferred width","geometry_role":"mapped_path_alignment","id":"osm_way_1173059700_s0","length_m":172.496189,"map_feature_id":null,"name":"","osm_id":1173059700,"osm_type":"way","osm_version":2,"source_timestamp":"2026-08-04T08:40:04Z","source_url":"https://www.openstreetmap.org/way/1173059700","space_id":null,"tags":{"highway":"path"},"width":1.5,"width_source":"assumed highway class"},"type":"Feature"},{"geometry":{"coordinates":[[118.9226823029949,32.11587219957153],[118.92288499494715,32.11596969632838],[118.92309350078371,32.11606999965781],[118.92362700102971,32.11632649624503],[118.92401309505006,32.11651210164852],[118.92427480121637,32.11663800318744]],"type":"LineString"},"id":"osm_way_1173059701_s0","properties":{"asset_id":"osm_way_1173059701_s0","confidence":"mapped alignment; inferred width","geometry_role":"mapped_path_alignment","id":"osm_way_1173059701_s0","length_m":172.622981,"map_feature_id":null,"name":"","osm_id":1173059701,"osm_type":"way","osm_version":2,"source_timestamp":"2026-08-04T08:40:04Z","source_url":"https://www.openstreetmap.org/way/1173059701","space_id":null,"tags":{"highway":"path"},"width":1.5,"width_source":"assumed highway class"},"type":"Feature"},{"geometry":{"coordinates":[[118.9229762051532,32.11582899675155],[118.92288499494715,32.11596969632838]],"type":"LineString"},"id":"osm_way_1173059702_s0","properties":{"asset_id":"osm_way_1173059702_s0","confidence":"mapped alignment; inferred width","geometry_role":"mapped_path_alignment","id":"osm_way_1173059702_s0","length_m":17.819151,"map_feature_id":null,"name":"","osm_id":1173059702,"osm_type":"way","osm_version":1,"source_timestamp":"2023-05-15T13:29:03Z","source_url":"https://www.openstreetmap.org/way/1173059702","space_id":null,"tags":{"highway":"path"},"width":1.5,"width_source":"assumed highway class"},"type":"Feature"},{"geometry":{"coordinates":[[118.92307529637993,32.115876097066014],[118.92309350078371,32.11606999965781],[118.92343800091945,32.11604819678934]],"type":"LineString"},"id":"osm_way_1173059703_s0","properties":{"asset_id":"osm_way_1173059703_s0","confidence":"mapped alignment; inferred width","geometry_role":"mapped_path_alignment","id":"osm_way_1173059703_s0","length_m":54.172085,"map_feature_id":null,"name":"","osm_id":1173059703,"osm_type":"way","osm_version":1,"source_timestamp":"2023-05-15T13:29:03Z","source_url":"https://www.openstreetmap.org/way/1173059703","space_id":null,"tags":{"highway":"path"},"width":1.5,"width_source":"assumed highway class"},"type":"Feature"},{"geometry":{"coordinates":[[118.92400670305211,32.116318100881614],[118.92401309505006,32.11651210164852]],"type":"LineString"},"id":"osm_way_1173059704_s0","properties":{"asset_id":"osm_way_1173059704_s0","confidence":"mapped alignment; inferred width","geometry_role":"mapped_path_alignment","id":"osm_way_1173059704_s0","length_m":21.521114,"map_feature_id":null,"name":"","osm_id":1173059704,"osm_type":"way","osm_version":1,"source_timestamp":"2023-05-15T13:29:03Z","source_url":"https://www.openstreetmap.org/way/1173059704","space_id":null,"tags":{"highway":"path"},"width":1.5,"width_source":"assumed highway class"},"type":"Feature"},{"geometry":{"coordinates":[[118.9229852020767,32.11542220132703],[118.9229276024036,32.11544640055222],[118.9228445996961,32.115405901464534],[118.92284819817647,32.11535160398621],[118.92290680287685,32.1153157003572],[118.92298080266319,32.11535240370204],[118.9229852020767,32.11542220132703]],"type":"LineString"},"id":"osm_way_1173059705_s0","properties":{"asset_id":"osm_way_1173059705_s0","confidence":"mapped alignment; inferred width","geometry_role":"mapped_path_alignment","id":"osm_way_1173059705_s0","length_m":43.771142,"map_feature_id":null,"name":"","osm_id":1173059705,"osm_type":"way","osm_version":1,"source_timestamp":"2023-05-15T13:29:03Z","source_url":"https://www.openstreetmap.org/way/1173059705","space_id":null,"tags":{"highway":"service"},"width":5.5,"width_source":"assumed highway class"},"type":"Feature"},{"geometry":{"coordinates":[[118.92284819817647,32.11535160398621],[118.9227734018037,32.11531329818527]],"type":"LineString"},"id":"osm_way_1173059706_s0","properties":{"asset_id":"osm_way_1173059706_s0","confidence":"mapped alignment; inferred width","geometry_role":"mapped_path_alignment","id":"osm_way_1173059706_s0","length_m":8.238413,"map_feature_id":null,"name":"","osm_id":1173059706,"osm_type":"way","osm_version":1,"source_timestamp":"2023-05-15T13:29:03Z","source_url":"https://www.openstreetmap.org/way/1173059706","space_id":null,"tags":{"highway":"service"},"width":5.5,"width_source":"assumed highway class"},"type":"Feature"},{"geometry":{"coordinates":[[118.92244999866834,32.11703310026451],[118.92254269729143,32.11702849950602],[118.922575501253,32.11703220432265],[118.92263840020777,32.1170393033189],[118.9226564999135,32.11704529690223],[118.92272899902589,32.11706950419067],[118.92279540197234,32.11711279894118],[118.922841301016,32.11715269813889],[118.92288719972281,32.117213296896885],[118.92290760484026,32.117271604145124],[118.92292039907453,32.11733640373849],[118.92291660042522,32.11739479906271],[118.92289490019674,32.11745210439798],[118.9228566007104,32.11753100183648],[118.92282219939166,32.117570903206776],[118.92277369559179,32.117604398531405],[118.92273159662508,32.117631500994136],[118.92269710394746,32.117643804289465]],"type":"LineString"},"id":"osm_way_1173059707_s0","properties":{"asset_id":"osm_way_1173059707_s0","confidence":"mapped alignment; inferred width","geometry_role":"mapped_path_alignment","id":"osm_way_1173059707_s0","length_m":105.692181,"map_feature_id":null,"name":"","osm_id":1173059707,"osm_type":"way","osm_version":1,"source_timestamp":"2023-05-15T13:29:03Z","source_url":"https://www.openstreetmap.org/way/1173059707","space_id":null,"tags":{"highway":"service"},"width":5.5,"width_source":"assumed highway class"},"type":"Feature"},{"geometry":{"coordinates":[[118.92412989569178,32.11685659982746],[118.92493199473307,32.117269499042614],[118.92503689588384,32.11729639609852],[118.9251671950208,32.11738259728934],[118.9257361024683,32.117768100970025],[118.92587569731344,32.11784269629718],[118.9260551029537,32.11788270055485],[118.92622349970125,32.117898095753624],[118.92639950308217,32.11794059555056],[118.92649819578754,32.11800989591207],[118.92653920284559,32.11808470113791]],"type":"LineString"},"id":"osm_way_1173059718_s0","properties":{"asset_id":"osm_way_1173059718_s0","confidence":"mapped alignment; inferred width","geometry_role":"mapped_path_alignment","id":"osm_way_1173059718_s0","length_m":270.546189,"map_feature_id":null,"name":"","osm_id":1173059718,"osm_type":"way","osm_version":1,"source_timestamp":"2023-05-15T13:29:03Z","source_url":"https://www.openstreetmap.org/way/1173059718","space_id":null,"tags":{"highway":"path"},"width":1.5,"width_source":"assumed highway class"},"type":"Feature"},{"geometry":{"coordinates":[[118.92599160412234,32.115036002752575],[118.92592739472147,32.11505979880002],[118.92525149777804,32.11505979820074],[118.9250691007675,32.115074396608385],[118.92488030135554,32.115107103891326],[118.9247043962071,32.11516339905336],[118.92457510145634,32.115230899987],[118.92451750269417,32.11527430225683]],"type":"LineString"},"id":"osm_way_1173059719_s0","properties":{"asset_id":"osm_way_1173059719_s0","confidence":"mapped alignment; inferred width","geometry_role":"mapped_path_alignment","id":"osm_way_1173059719_s0","length_m":145.182291,"map_feature_id":null,"name":"","osm_id":1173059719,"osm_type":"way","osm_version":1,"source_timestamp":"2023-05-15T13:29:03Z","source_url":"https://www.openstreetmap.org/way/1173059719","space_id":null,"tags":{"highway":"path"},"width":1.5,"width_source":"assumed highway class"},"type":"Feature"},{"geometry":{"coordinates":[[118.92455359612545,32.11564579557452],[118.92430530129029,32.11564979580523],[118.92367759603505,32.11565979642103],[118.92363629821482,32.115721999599955]],"type":"LineString"},"id":"osm_way_1173059721_s0","properties":{"asset_id":"osm_way_1173059721_s0","confidence":"mapped alignment; inferred width","geometry_role":"mapped_path_alignment","id":"osm_way_1173059721_s0","length_m":90.609682,"map_feature_id":null,"name":"","osm_id":1173059721,"osm_type":"way","osm_version":1,"source_timestamp":"2023-05-15T13:29:03Z","source_url":"https://www.openstreetmap.org/way/1173059721","space_id":null,"tags":{"highway":"path"},"width":1.5,"width_source":"assumed highway class"},"type":"Feature"},{"geometry":{"coordinates":[[118.92430530129029,32.11564979580523],[118.92413240215532,32.1159503986475]],"type":"LineString"},"id":"osm_way_1173059722_s0","properties":{"asset_id":"osm_way_1173059722_s0","confidence":"mapped alignment; inferred width","geometry_role":"mapped_path_alignment","id":"osm_way_1173059722_s0","length_m":37.113225,"map_feature_id":null,"name":"","osm_id":1173059722,"osm_type":"way","osm_version":1,"source_timestamp":"2023-05-15T13:29:03Z","source_url":"https://www.openstreetmap.org/way/1173059722","space_id":null,"tags":{"highway":"path"},"width":1.5,"width_source":"assumed highway class"},"type":"Feature"},{"geometry":{"coordinates":[[118.92269899529741,32.1197052993751],[118.922346804591,32.12022830021567]],"type":"LineString"},"id":"osm_way_1173064916_s0","properties":{"asset_id":"osm_way_1173064916_s0","confidence":"mapped alignment; inferred width","geometry_role":"mapped_path_alignment","id":"osm_way_1173064916_s0","length_m":66.843962,"map_feature_id":null,"name":"","osm_id":1173064916,"osm_type":"way","osm_version":1,"source_timestamp":"2023-05-15T13:49:03Z","source_url":"https://www.openstreetmap.org/way/1173064916","space_id":null,"tags":{"highway":"service"},"width":5.5,"width_source":"assumed highway class"},"type":"Feature"},{"geometry":{"coordinates":[[118.92393520314315,32.11113109782372],[118.92318750247036,32.11110460434011]],"type":"LineString"},"id":"osm_way_1443621025_s0","properties":{"asset_id":"osm_way_1443621025_s0","confidence":"mapped alignment; inferred width","geometry_role":"mapped_path_alignment","id":"osm_way_1443621025_s0","length_m":70.62881,"map_feature_id":null,"name":"","osm_id":1443621025,"osm_type":"way","osm_version":1,"source_timestamp":"2025-10-21T03:39:44Z","source_url":"https://www.openstreetmap.org/way/1443621025","space_id":null,"tags":{"highway":"service"},"width":5.5,"width_source":"assumed highway class"},"type":"Feature"},{"geometry":{"coordinates":[[118.92249730385913,32.12127610020125],[118.92249192378337,32.12128386646192]],"type":"LineString"},"id":"osm_way_1539473117_s0","properties":{"asset_id":"osm_way_1539473117_s0","confidence":"mapped alignment; inferred width","geometry_role":"mapped_path_alignment","id":"osm_way_1539473117_s0","length_m":0.999716,"map_feature_id":null,"name":"","osm_id":1539473117,"osm_type":"way","osm_version":1,"source_timestamp":"2026-07-15T14:39:32Z","source_url":"https://www.openstreetmap.org/way/1539473117","space_id":null,"tags":{"highway":"service"},"width":5.5,"width_source":"assumed highway class"},"type":"Feature"}],"name":"roads","type":"FeatureCollection"}
