{"features":[{"geometry":{"coordinates":[[[118.92486749920084,32.110959798309494],[118.9241512960967,32.11095610169683],[118.92415329554451,32.11083219849843],[118.92415450399352,32.11064130199651],[118.92415540264352,32.110511399566086],[118.92475339554497,32.11051580220152],[118.92479729943858,32.110515802119814],[118.9253931967078,32.1105167971897],[118.92543920516283,32.11051760368329],[118.92599429900562,32.110519901982784],[118.92599159674793,32.11093820078723],[118.92599100260117,32.11103000048893],[118.9253892040129,32.111027203990105],[118.92539030403485,32.11085650368163],[118.92487089716651,32.110854102116654],[118.92486749920084,32.110959798309494]],[[118.92428698183373,32.11063336260325],[118.92428580226617,32.11084077323127],[118.92469902122647,32.11084246467119],[118.92470019985866,32.1106350540756],[118.92428698183373,32.11063336260325]],[[118.92556484144548,32.11064311919666],[118.92556337035892,32.11090464172451],[118.9258494444654,32.11090581899746],[118.92585091473545,32.11064429649797],[118.92556484144548,32.11064311919666]]],"type":"Polygon"},"id":"osm_way_155434036","properties":{"area_m2":6708.963328,"asset_id":"osm_way_155434036","base_z":0.0,"center":[17.879,-472.217],"confidence":{"appearance":"photo_informed_unmeasured","footprint":"inferred_photo_plan","height":"inferred","levels":"inferred"},"courtyard_area_m2":1680.0,"geometry_role":"plan_outline_with_courtyards","height":18.5,"height_source":"Approximate 3.7m storey height; height unmeasured","id":"osm_way_155434036","is_part":false,"levels":5.0,"levels_source":"Photographed evacuation plans: courtyard wings end at 5F; 6F central teaching block","map_feature_id":"map-feature-5545b5b75d4497faa106","maximum_levels":6,"min_height":0.0,"name":"教3","osm_id":155434036,"osm_type":"way","osm_version":7,"parent_id":null,"reason":"Visible internal courtyard(s) absent from simple OSM footprint; schematic proportions fitted inside mapped exterior. Meter sizes require field verification.","roof_style_hint":"courtyard wings have upper roof perimeter on 6F plan; central block has occupied sixth floor","source_ids":["gallery-02","guide-2020-21","guide-2020-22","guide-2020-23","guide-2020-24","guide-2020-25","guide-2020-26","guide-2020-27","guide-2020-28","guide-2020-page","local-jiao-3","map-2017","plan-xianlin-jiao-3-floor-01-evacuation-plan","plan-xianlin-jiao-3-floor-02-evacuation-plan","plan-xianlin-jiao-3-floor-03-evacuation-plan","plan-xianlin-jiao-3-floor-04-evacuation-plan","plan-xianlin-jiao-3-floor-05-evacuation-plan","plan-xianlin-jiao-3-floor-06-evacuation-plan"],"source_timestamp":"2024-05-21T02:58:50Z","source_url":"https://www.openstreetmap.org/way/155434036","space_id":"building-a1c72817545eb5fac453","spatial_signature":"1452796ff0ca5389f1eb7ef28cb9d0fa5d9048336380d540ec76872f06571ea7","storey_height_assumption_m":3.6,"style_hint":"academic","tags":{"building":"yes","building:levels":"6","name":"教3","name:zh":"教3"},"underground":false},"type":"Feature"},{"geometry":{"coordinates":[[[118.92541899583567,32.10920120124269],[118.9254226989665,32.109017698813645],[118.92600490050773,32.10902399550043],[118.92600379670834,32.10909960409285],[118.92600120019259,32.10917679575436],[118.92600060102141,32.10936019683055],[118.92599809480832,32.109487102182754],[118.92599749572433,32.109516099726704],[118.92541280114565,32.109507802606004],[118.92541330019287,32.10948160260386],[118.92541729741258,32.10927980431309],[118.92541899583567,32.10920120124269]],[[118.92581935488819,32.10915906998421],[118.9255121285257,32.10915507547293],[118.92550823690354,32.10937148362861],[118.92581546399214,32.109375478121095],[118.92581935488819,32.10915906998421]]],"type":"Polygon"},"id":"osm_way_223699451","properties":{"area_m2":2303.170614,"asset_id":"osm_way_223699451","base_z":0.0,"center":[78.319,-634.47],"confidence":{"appearance":"photo_informed_unmeasured","footprint":"inferred_photo_plan","height":"inferred_photo_plan","levels":"local_floorplan_record"},"courtyard_area_m2":696.0,"geometry_role":"plan_outline_with_courtyards","height":18.5,"height_source":"Five floors confirmed by local evacuation plans; 18.5 m body height is the current photo/plan reconstruction, with storey height inferred, not measured.","id":"osm_way_223699451","is_part":false,"levels":5.0,"levels_source":"Five local evacuation floor plans; observed floor count, not inferred from OSM footprint.","map_feature_id":"map-feature-5d691c59864f954a13e9","maximum_levels":5,"min_height":0.0,"name":"教1","osm_id":223699451,"osm_type":"way","osm_version":10,"parent_id":null,"reason":"Visible internal courtyard(s) absent from simple OSM footprint; schematic proportions fitted inside mapped exterior. Meter sizes require field verification.","source_ids":["gallery-02","guide-2020-18","guide-2020-20","local-jiao-1","map-2017","plan-xianlin-jiao-1-floor-01-evacuation-plan","plan-xianlin-jiao-1-floor-02-evacuation-plan","plan-xianlin-jiao-1-floor-03-evacuation-plan","plan-xianlin-jiao-1-floor-04-evacuation-plan","plan-xianlin-jiao-1-floor-05-evacuation-plan"],"source_timestamp":"2025-11-27T07:05:56Z","source_url":"https://www.openstreetmap.org/way/223699451","space_id":"building-a064affcc7dfa4184db2","spatial_signature":"b4fa37e65c1140c8154306e6d940b23ac978f65dfdafb9fefc85eeed2cec71a7","storey_height_assumption_m":3.7,"style_hint":"academic","tags":{"building":"yes","height":"18","name":"教1","name:zh":"教1"},"underground":false},"type":"Feature"},{"geometry":{"coordinates":[[[118.92487510511789,32.11183509898733],[118.92416079981273,32.1118348011152],[118.9241608047475,32.11173099646983],[118.92416099960329,32.11149230342072],[118.92416100492026,32.111376899782464],[118.9248713008588,32.11137719556428],[118.92487120481923,32.11160889701847],[118.92536989659273,32.111609196335046],[118.92537009518311,32.11133549891494],[118.92539869703559,32.11133549683814],[118.92597549935434,32.111335796339],[118.92597539908414,32.111504596346336],[118.92597519735482,32.11174929632592],[118.92597519788329,32.111835603162035],[118.92537279983414,32.111835296171435],[118.92487510511789,32.11183509898733]],[[118.92552198977234,32.111459370385525],[118.92552160099429,32.1117118750401],[118.92582887596447,32.111712224739136],[118.92582926389596,32.11145972011646],[118.92552198977234,32.111459370385525]],[[118.9243122294412,32.11148961687821],[118.92431186149004,32.111724082439046],[118.92471449299163,32.11172453666046],[118.92471485991273,32.11149007113838],[118.9243122294412,32.11148961687821]]],"type":"Polygon"},"id":"osm_way_223699452","properties":{"area_m2":5950.993377,"asset_id":"osm_way_223699452","base_z":0.0,"center":[14.313,-375.129],"confidence":{"appearance":"photo_informed_unmeasured","footprint":"inferred_photo_plan","height":"inferred","levels":"inferred"},"courtyard_area_m2":1800.0,"geometry_role":"plan_outline_with_courtyards","height":18.5,"height_source":"Approximate 3.7m storey height; height unmeasured","id":"osm_way_223699452","is_part":false,"levels":5.0,"levels_source":"Photographed evacuation plans: courtyard wings end at 5F; 6F central teaching block","map_feature_id":"map-feature-7d9e7021cfc3bc8fcc95","maximum_levels":6,"min_height":0.0,"name":"教4","osm_id":223699452,"osm_type":"way","osm_version":5,"parent_id":null,"reason":"Visible internal courtyard(s) absent from simple OSM footprint; schematic proportions fitted inside mapped exterior. Meter sizes require field verification.","roof_style_hint":"courtyard wings have upper roof perimeter on 6F plan; central block has occupied sixth floor","source_ids":["gallery-02","guide-2020-29","guide-2020-30","guide-2020-31","local-jiao-4","map-2017","plan-xianlin-jiao-4-floor-01-evacuation-plan","plan-xianlin-jiao-4-floor-02-evacuation-plan","plan-xianlin-jiao-4-floor-03-evacuation-plan","plan-xianlin-jiao-4-floor-04-evacuation-plan","plan-xianlin-jiao-4-floor-05-evacuation-plan","plan-xianlin-jiao-4-floor-06-evacuation-plan"],"source_timestamp":"2018-11-11T07:47:11Z","source_url":"https://www.openstreetmap.org/way/223699452","space_id":"building-b04baa9765764dff30a8","spatial_signature":"89a71376bfe89ba1219f184eb9423422e63b3a21edd29e607c63e3d9020936ec","storey_height_assumption_m":3.6,"style_hint":"academic","tags":{"building":"yes","building:levels":"6","name":"教4","name:zh":"教4"},"underground":false},"type":"Feature"},{"geometry":{"coordinates":[[[118.92485760213282,32.11269000059451],[118.92414170257445,32.112690304255615],[118.92414259942021,32.112568402118896],[118.92414449886547,32.112316000719865],[118.92414450131604,32.11220399746133],[118.92477389962247,32.11220409815149],[118.92479409810853,32.11220409770202],[118.92482179748295,32.11220400123813],[118.92497469567742,32.112203498267846],[118.92524959879101,32.11220340356171],[118.9254058011347,32.11220330079078],[118.92540630366993,32.11233019641784],[118.92540649725487,32.1123702036299],[118.92540699740516,32.11247679657146],[118.92485580516819,32.11248020005952],[118.92485750387146,32.112526795628696],[118.92485760213282,32.11269000059451]],[[118.92468801282425,32.11232649877466],[118.92429597603775,32.11232604583343],[118.92429558548709,32.11256953113568],[118.92468762331512,32.11256998403775],[118.92468801282425,32.11232649877466]]],"type":"Polygon"},"id":"osm_way_223699454","properties":{"area_m2":4213.301744,"asset_id":"osm_way_223699454","base_z":0.0,"center":[-23.976,-287.115],"confidence":{"appearance":"photo_informed_unmeasured","footprint":"inferred_photo_plan","height":"inferred","levels":"inferred"},"courtyard_area_m2":999.0,"geometry_role":"plan_outline_with_courtyards","height":22.2,"height_source":"osm:building:levels × assumed storey","id":"osm_way_223699454","is_part":false,"levels":6.0,"levels_source":"osm:building:levels","map_feature_id":"map-feature-249122c09b02c295b06c","min_height":0.0,"name":"教5","osm_id":223699454,"osm_type":"way","osm_version":7,"parent_id":null,"reason":"Visible internal courtyard(s) absent from simple OSM footprint; schematic proportions fitted inside mapped exterior. Meter sizes require field verification.","source_ids":["gallery-02","guide-2020-32","guide-2020-33","guide-2020-34","guide-2020-35","guide-2020-36","guide-2020-37","map-2017"],"source_timestamp":"2018-11-11T07:47:11Z","source_url":"https://www.openstreetmap.org/way/223699454","space_id":null,"spatial_signature":"b6db6d73c0683e6046394ad09bea839e5b890c5c877eea117f2b6c95fb7044fa","storey_height_assumption_m":3.6,"style_hint":"academic","tags":{"building":"yes","building:levels":"6","name":"教5","name:zh":"教5"},"underground":false},"type":"Feature"},{"geometry":{"coordinates":[[[118.924749995636,32.11021950260928],[118.9241741014559,32.11021619811854],[118.92417519854374,32.110080096317965],[118.92417450260092,32.109864596684154],[118.92417539483006,32.10971569942193],[118.92487649832539,32.10971890415862],[118.92487510085311,32.109939603715304],[118.92537870225571,32.10994200224281],[118.92538040119278,32.10968019660228],[118.9259866014906,32.10968309775572],[118.92598530053935,32.109867898487394],[118.92598389898926,32.1100907987903],[118.92598299735808,32.110226996783204],[118.92544180025683,32.11022429762541],[118.92539660126442,32.1102256975967],[118.92479140457833,32.11022080318541],[118.924749995636,32.11021950260928]],[[118.92428898612538,32.109841534648666],[118.92428754437523,32.11009402838361],[118.92469016210723,32.11009568264418],[118.92469160274791,32.1098431889477],[118.92428898612538,32.109841534648666]],[[118.92555196006552,32.10981613469178],[118.92555037996188,32.11009568873834],[118.92584704959049,32.110096912363474],[118.92584862878904,32.10981735834832],[118.92555196006552,32.10981613469178]]],"type":"Polygon"},"id":"osm_way_223699456","properties":{"area_m2":6680.18924,"asset_id":"osm_way_223699456","base_z":0.0,"center":[18.67,-556.216],"confidence":{"appearance":"photo_informed_unmeasured","footprint":"inferred_photo_plan","height":"inferred","levels":"inferred"},"courtyard_area_m2":1932.0,"geometry_role":"plan_outline_with_courtyards","height":18.5,"height_source":"Approximate 3.7m storey height; height unmeasured","id":"osm_way_223699456","is_part":false,"levels":5.0,"levels_source":"Photographed evacuation plans: courtyard wings end at 5F; 6F central teaching block","map_feature_id":"map-feature-2d5449f0be4d933ec523","maximum_levels":6,"min_height":0.0,"name":"教2","osm_id":223699456,"osm_type":"way","osm_version":6,"parent_id":null,"reason":"Visible internal courtyard(s) absent from simple OSM footprint; schematic proportions fitted inside mapped exterior. Meter sizes require field verification.","roof_style_hint":"courtyard wings have upper roof perimeter on 6F plan; central block has occupied sixth floor","source_ids":["gallery-02","guide-2020-21","guide-2020-22","guide-2020-23","guide-2020-24","guide-2020-25","guide-2020-26","guide-2020-27","guide-2020-28","guide-2020-page","local-jiao-2","map-2017","plan-xianlin-jiao-2-floor-01-evacuation-plan","plan-xianlin-jiao-2-floor-02-evacuation-plan","plan-xianlin-jiao-2-floor-03-evacuation-plan","plan-xianlin-jiao-2-floor-04-evacuation-plan","plan-xianlin-jiao-2-floor-05-evacuation-plan","plan-xianlin-jiao-2-floor-06-evacuation-plan"],"source_timestamp":"2024-05-21T02:58:50Z","source_url":"https://www.openstreetmap.org/way/223699456","space_id":"building-f738015d8236f0af54ff","spatial_signature":"28a4b0fe6b0e2573057be6f48a20dc2cfac761d911c1403eba0ebb7f2c754698","storey_height_assumption_m":3.6,"style_hint":"academic","tags":{"building":"yes","building:levels":"6","name":"教2","name:zh":"教2"},"underground":false},"type":"Feature"},{"geometry":{"coordinates":[[[118.92901600175685,32.1153049988022],[118.92901800473275,32.11520979546438],[118.92939260014471,32.11520979579729],[118.92939309660444,32.11523540335253],[118.92948170141206,32.11523529750233],[118.92948199816952,32.11531990405426],[118.9292897985003,32.115321399432254],[118.9292900979093,32.11530440230175],[118.92901600175685,32.1153049988022]]],"type":"Polygon"},"id":"osm_way_223859783","properties":{"area_m2":469.918385,"asset_id":"osm_way_223859783","base_z":0.0,"center":[400.419,36.312],"confidence":{"appearance":"requires_photo_evidence","footprint":"mapped_unverified","height":"inferred","levels":"community_record"},"geometry_role":"mapped_building_outline","height":19.2,"height_source":"osm:building:levels × assumed storey","id":"osm_way_223859783","is_part":false,"levels":6.0,"levels_source":"osm:building:levels","map_feature_id":"map-feature-753b167d8de24fedb42e","min_height":0.0,"name":"19","osm_id":223859783,"osm_type":"way","osm_version":3,"parent_id":null,"source_ids":["gallery-02","map-2017"],"source_timestamp":"2024-05-21T02:58:50Z","source_url":"https://www.openstreetmap.org/way/223859783","space_id":null,"spatial_signature":"e7df709a59b88cfc1698c4a197ccd6e61b879e8b31d5add6901164a450fd220f","storey_height_assumption_m":3.1,"style_hint":"dormitory","tags":{"building":"residential","building:levels":"6","name":"19"},"underground":false},"type":"Feature"},{"geometry":{"coordinates":[[[118.9279686998524,32.11444829888034],[118.92796670175532,32.11413150436683],[118.9279657952496,32.113826301199964],[118.92796410169795,32.113475598040026],[118.92805500035973,32.113475295944745],[118.92810800477557,32.11347510195512],[118.92840610510743,32.11347379914747],[118.92840909571393,32.11396369714524],[118.92840930274683,32.11400730285351],[118.92841040011139,32.11444949892445],[118.92812619652676,32.11445010309971],[118.92806860291742,32.11444979878591],[118.9279686998524,32.11444829888034]]],"type":"Polygon"},"id":"osm_way_223859784","properties":{"area_m2":4514.129298,"asset_id":"osm_way_223859784","base_z":0.0,"center":[302.84,-109.682],"confidence":{"appearance":"requires_photo_evidence","footprint":"mapped_unverified","height":"inferred","levels":"community_record"},"geometry_role":"mapped_building_outline","height":12.6,"height_source":"osm:building:levels × assumed storey","id":"osm_way_223859784","is_part":false,"levels":3.0,"levels_source":"osm:building:levels","map_feature_id":"map-feature-aee2202d3ffe84bd2faf","min_height":0.0,"name":"南邮仙林二食堂","osm_id":223859784,"osm_type":"way","osm_version":7,"parent_id":null,"source_ids":["guide-2020-02","guide-2020-05","guide-2020-08","guide-2020-page","map-2017"],"source_timestamp":"2024-05-22T05:35:31Z","source_url":"https://www.openstreetmap.org/way/223859784","space_id":null,"spatial_signature":"629ad4dddf37707da6fbce66d9f554230d19a0535fedcdbb277bf4b0841573c6","storey_height_assumption_m":4.0,"style_hint":"dining","tags":{"amenity":"restaurant","building":"yes","building:levels":"3","cuisine":"chinese","fast_food":"cafeteria","name":"南邮仙林二食堂","name:zh":"南邮仙林二食堂"},"underground":false},"type":"Feature"},{"geometry":{"coordinates":[[[118.92791589929095,32.11326869620424],[118.92791640250108,32.11316409940211],[118.92804470333031,32.113164499433175],[118.92804289953541,32.11311449621116],[118.92891639775685,32.11311680190352],[118.92891640028458,32.11316679647102],[118.92897419673858,32.11316569931768],[118.9290425036009,32.11316449609191],[118.92904090139307,32.113272203273795],[118.92888850002649,32.11326970016809],[118.92888850204037,32.11322999668191],[118.92851920296033,32.11323000417242],[118.92844010366325,32.113230000575705],[118.92809420354463,32.11323000212554],[118.92809279609148,32.113268401172164],[118.92803600021944,32.11326769684076],[118.92791589929095,32.11326869620424]]],"type":"Polygon"},"id":"osm_way_223859786","properties":{"area_m2":1352.927279,"asset_id":"osm_way_223859786","base_z":0.0,"center":[331.636,-195.509],"confidence":{"appearance":"requires_photo_evidence","footprint":"mapped_unverified","height":"inferred","levels":"community_record"},"geometry_role":"mapped_building_outline","height":19.2,"height_source":"osm:building:levels × assumed storey","id":"osm_way_223859786","is_part":false,"levels":6.0,"levels_source":"osm:building:levels","map_feature_id":"map-feature-e5aa4aab15bc61dcd0d6","min_height":0.0,"name":"12","osm_id":223859786,"osm_type":"way","osm_version":5,"parent_id":null,"source_ids":["gallery-02","map-2017"],"source_timestamp":"2024-05-21T02:58:50Z","source_url":"https://www.openstreetmap.org/way/223859786","space_id":null,"spatial_signature":"03ee2fe7663cde0fb6a494dbe8ac74899ad4e0c8ff15ecbf09e0668914336ef5","storey_height_assumption_m":3.1,"style_hint":"dormitory","tags":{"building":"residential","building:levels":"6","name":"12"},"underground":false},"type":"Feature"},{"geometry":{"coordinates":[[[118.92868470432144,32.11297209805755],[118.92868479924448,32.11288339969639],[118.92891869629261,32.11288349779785],[118.92891870403272,32.11291459661682],[118.92897229722186,32.112914699961166],[118.92903570139903,32.11291469887654],[118.92903560237708,32.11300520117459],[118.92897430482738,32.1130050980047],[118.92884990194145,32.113005099509195],[118.92885000252053,32.11297209594342],[118.92868470432144,32.11297209805755]]],"type":"Polygon"},"id":"osm_way_223859787","properties":{"area_m2":351.497105,"asset_id":"osm_way_223859787","base_z":0.0,"center":[368.558,-221.655],"confidence":{"appearance":"requires_photo_evidence","footprint":"mapped_unverified","height":"inferred","levels":"community_record"},"geometry_role":"mapped_building_outline","height":19.2,"height_source":"osm:building:levels × assumed storey","id":"osm_way_223859787","is_part":false,"levels":6.0,"levels_source":"osm:building:levels","map_feature_id":"map-feature-cdfcb015229caad089cb","min_height":0.0,"name":"10","osm_id":223859787,"osm_type":"way","osm_version":3,"parent_id":null,"source_ids":["gallery-02","map-2017"],"source_timestamp":"2024-05-21T02:58:50Z","source_url":"https://www.openstreetmap.org/way/223859787","space_id":null,"spatial_signature":"483434b1a52780d3764d8b28881fb87d33289d11cfc557867d4bee9bb6768d95","storey_height_assumption_m":3.1,"style_hint":"dormitory","tags":{"building":"residential","building:levels":"6","name":"10"},"underground":false},"type":"Feature"},{"geometry":{"coordinates":[[[118.92828969892504,32.11534370021246],[118.92828910168244,32.11525080035058],[118.92843059959176,32.11525019616047],[118.92843039974728,32.1152149964421],[118.92882849687116,32.11521329652197],[118.9288290950891,32.11530369797737],[118.92865500078962,32.11530440240384],[118.92865520257484,32.115328102341046],[118.92857629861676,32.11532840255604],[118.92857609473954,32.11530409834955],[118.92843590023193,32.11530470088692],[118.92843610383642,32.1153431024385],[118.92838059733968,32.11534329862973],[118.92828969892504,32.11534370021246]]],"type":"Polygon"},"id":"osm_way_223859790","properties":{"area_m2":534.674789,"asset_id":"osm_way_223859790","base_z":0.0,"center":[335.326,36.081],"confidence":{"appearance":"requires_photo_evidence","footprint":"mapped_unverified","height":"inferred","levels":"community_record"},"geometry_role":"mapped_building_outline","height":19.2,"height_source":"osm:building:levels × assumed storey","id":"osm_way_223859790","is_part":false,"levels":6.0,"levels_source":"osm:building:levels","map_feature_id":"map-feature-878f69702b0404e1e8d0","min_height":0.0,"name":"20","osm_id":223859790,"osm_type":"way","osm_version":3,"parent_id":null,"source_ids":["gallery-02","map-2017"],"source_timestamp":"2024-05-21T02:58:50Z","source_url":"https://www.openstreetmap.org/way/223859790","space_id":null,"spatial_signature":"b1b9394cf3e620d8118fd2a9bc60783a7b324934eff46fb5530b32a09f285dfd","storey_height_assumption_m":3.1,"style_hint":"dormitory","tags":{"building":"residential","building:levels":"6","name":"20"},"underground":false},"type":"Feature"},{"geometry":{"coordinates":[[[118.92894130282721,32.11502410014443],[118.9289419983807,32.11491409783339],[118.92932510469201,32.11491420320873],[118.92932490069231,32.114944800155776],[118.92942399875372,32.114946798294255],[118.92942340451775,32.115048997260416],[118.92938790034079,32.11504889803209],[118.92922290165312,32.115048201878594],[118.9292230980027,32.11502529860456],[118.92894130282721,32.11502410014443]]],"type":"Polygon"},"id":"osm_way_223859791","properties":{"area_m2":575.257297,"asset_id":"osm_way_223859791","base_z":0.0,"center":[394.87,4.573],"confidence":{"appearance":"requires_photo_evidence","footprint":"mapped_unverified","height":"inferred","levels":"community_record"},"geometry_role":"mapped_building_outline","height":19.2,"height_source":"osm:building:levels × assumed storey","id":"osm_way_223859791","is_part":false,"levels":6.0,"levels_source":"osm:building:levels","map_feature_id":"map-feature-0b512689a2dd38b45cd6","min_height":0.0,"name":"17","osm_id":223859791,"osm_type":"way","osm_version":4,"parent_id":null,"source_ids":["gallery-02","map-2017"],"source_timestamp":"2024-05-21T02:58:50Z","source_url":"https://www.openstreetmap.org/way/223859791","space_id":null,"spatial_signature":"7ec6aa73d52cba2bf4fe484048048449e4a6a79f2939556292858eaf466675ad","storey_height_assumption_m":3.1,"style_hint":"dormitory","tags":{"building":"residential","building:levels":"6","name":"17"},"underground":false},"type":"Feature"},{"geometry":{"coordinates":[[[118.92813350005119,32.112099099477895],[118.92813300524013,32.11196670198496],[118.92826089761971,32.111966404542855],[118.92826080176842,32.11193110400871],[118.92890590076694,32.11192960112655],[118.92890609928237,32.1119732971649],[118.92903380093676,32.11197300184694],[118.92903420117617,32.11209580409015],[118.9288730034893,32.11209620391894],[118.92887270285075,32.1120280036879],[118.92855330461471,32.112028702946695],[118.92847420410475,32.11202909621963],[118.92830550343105,32.11203099861044],[118.92830650123369,32.11209709572883],[118.92813350005119,32.112099099477895]]],"type":"Polygon"},"id":"osm_way_223859792","properties":{"area_m2":1061.796129,"asset_id":"osm_way_223859792","base_z":0.0,"center":[343.446,-326.439],"confidence":{"appearance":"requires_photo_evidence","footprint":"mapped_unverified","height":"inferred","levels":"community_record"},"geometry_role":"mapped_building_outline","height":19.2,"height_source":"osm:building:levels × assumed storey","id":"osm_way_223859792","is_part":false,"levels":6.0,"levels_source":"osm:building:levels","map_feature_id":"map-feature-24a8d8024d9ac66a162a","min_height":0.0,"name":"6","osm_id":223859792,"osm_type":"way","osm_version":5,"parent_id":null,"source_ids":["gallery-02","map-2017"],"source_timestamp":"2024-05-21T02:58:50Z","source_url":"https://www.openstreetmap.org/way/223859792","space_id":null,"spatial_signature":"0e54f17a0392ba7be2567d4ba2465040a3ccbb093d80ce2d61e6c5ccdf23becf","storey_height_assumption_m":3.1,"style_hint":"dormitory","tags":{"building":"residential","building:levels":"6","name":"6"},"underground":false},"type":"Feature"},{"geometry":{"coordinates":[[[118.92791209564045,32.11275309611229],[118.92791250322142,32.1126631031933],[118.92803990444575,32.11266510436342],[118.92804089526807,32.112620497281945],[118.9284221978805,32.11262649571013],[118.92841989608831,32.11273019992686],[118.92812170369261,32.11272549718175],[118.92812100325843,32.11275669698827],[118.92791209564045,32.11275309611229]]],"type":"Polygon"},"id":"osm_way_223859794","properties":{"area_m2":560.421021,"asset_id":"osm_way_223859794","base_z":0.0,"center":[303.607,-251.247],"confidence":{"appearance":"requires_photo_evidence","footprint":"mapped_unverified","height":"inferred","levels":"community_record"},"geometry_role":"mapped_building_outline","height":19.2,"height_source":"osm:building:levels × assumed storey","id":"osm_way_223859794","is_part":false,"levels":6.0,"levels_source":"osm:building:levels","map_feature_id":"map-feature-375944f0195e4076c3f1","min_height":0.0,"name":"9","osm_id":223859794,"osm_type":"way","osm_version":3,"parent_id":null,"source_ids":["gallery-02","map-2017"],"source_timestamp":"2024-05-21T02:58:50Z","source_url":"https://www.openstreetmap.org/way/223859794","space_id":null,"spatial_signature":"2ee9864d6a51f2a88294db7a7e45b52610c8f1f472ff7ce05d4d31bf0f3f24f3","storey_height_assumption_m":3.1,"style_hint":"dormitory","tags":{"building":"residential","building:levels":"6","name":"9"},"underground":false},"type":"Feature"},{"geometry":{"coordinates":[[[118.92858269546184,32.11438399976545],[118.9285819982437,32.11427930403119],[118.92870290355094,32.11427869762197],[118.92870260242738,32.11424019833995],[118.92912879588192,32.11423830399718],[118.92912899884976,32.11426759595116],[118.92915940124954,32.114267502426756],[118.92923309875057,32.11426710082924],[118.92923399862143,32.11438240028099],[118.92913159631198,32.114382995808015],[118.92903139837053,32.11438409882505],[118.92903070075947,32.114345398143136],[118.92892729813337,32.11434680245548],[118.92888570496083,32.11434539785428],[118.92879729542476,32.114348197095296],[118.92879659903166,32.11438310380995],[118.92867820497901,32.11438369910892],[118.92858269546184,32.11438399976545]]],"type":"Polygon"},"id":"osm_way_223859796","properties":{"area_m2":810.629005,"asset_id":"osm_way_223859796","base_z":0.0,"center":[370.618,-69.814],"confidence":{"appearance":"requires_photo_evidence","footprint":"mapped_unverified","height":"inferred","levels":"community_record"},"geometry_role":"mapped_building_outline","height":19.2,"height_source":"osm:building:levels × assumed storey","id":"osm_way_223859796","is_part":false,"levels":6.0,"levels_source":"osm:building:levels","map_feature_id":"map-feature-48970bc0c164354d28df","min_height":0.0,"name":"15","osm_id":223859796,"osm_type":"way","osm_version":3,"parent_id":null,"source_ids":["gallery-02","map-2017"],"source_timestamp":"2024-05-21T02:58:50Z","source_url":"https://www.openstreetmap.org/way/223859796","space_id":null,"spatial_signature":"49ff5ceb0570d1d6984288f8527dc36d28a6efbb8970d816b6c52511e3d67d1b","storey_height_assumption_m":3.1,"style_hint":"dormitory","tags":{"building":"residential","building:levels":"6","name":"15"},"underground":false},"type":"Feature"},{"geometry":{"coordinates":[[[118.92791010400069,32.112463801618624],[118.92791070377224,32.11236429930428],[118.927960197565,32.11236450159404],[118.9280359005953,32.1123648007592],[118.92803610207639,32.11232650125022],[118.92847629989441,32.11232830143077],[118.9285550019108,32.11232859969682],[118.92891009474154,32.112329999215],[118.92890980161401,32.11237400038279],[118.92903139532721,32.112374501636495],[118.92903090188706,32.11246590287366],[118.92897070267482,32.112465602568506],[118.92885620054973,32.11246520065249],[118.92885639764933,32.11242570163552],[118.92809800170029,32.11242279680479],[118.92809779756244,32.11246449667292],[118.92791010400069,32.112463801618624]]],"type":"Polygon"},"id":"osm_way_223859797","properties":{"area_m2":1173.605694,"asset_id":"osm_way_223859797","base_z":0.0,"center":[332.119,-283.788],"confidence":{"appearance":"requires_photo_evidence","footprint":"mapped_unverified","height":"inferred","levels":"community_record"},"geometry_role":"mapped_building_outline","height":19.2,"height_source":"osm:building:levels × assumed storey","id":"osm_way_223859797","is_part":false,"levels":6.0,"levels_source":"osm:building:levels","map_feature_id":"map-feature-64a8534c9a3a79d36f22","min_height":0.0,"name":"7","osm_id":223859797,"osm_type":"way","osm_version":3,"parent_id":null,"source_ids":["gallery-02","map-2017"],"source_timestamp":"2024-05-21T02:58:50Z","source_url":"https://www.openstreetmap.org/way/223859797","space_id":null,"spatial_signature":"93efd2853dd5898050957cc84289110c924227fbfc12e5b64038b644a322d9d8","storey_height_assumption_m":3.1,"style_hint":"dormitory","tags":{"building":"residential","building:levels":"6","name":"7"},"underground":false},"type":"Feature"},{"geometry":{"coordinates":[[[118.92812710498595,32.11157469977675],[118.92812770337117,32.1114695964179],[118.9282219953958,32.11147000019655],[118.92822229679975,32.11141730417326],[118.92849019641041,32.11141840050034],[118.92848950473356,32.11152610286485],[118.92830369711913,32.11152529844473],[118.92830339621571,32.111575496080384],[118.92812710498595,32.11157469977675]]],"type":"Polygon"},"id":"osm_way_223859798","properties":{"area_m2":448.657097,"asset_id":"osm_way_223859798","base_z":0.0,"center":[318.828,-383.479],"confidence":{"appearance":"requires_photo_evidence","footprint":"mapped_unverified","height":"inferred","levels":"community_record"},"geometry_role":"mapped_building_outline","height":19.2,"height_source":"osm:building:levels × assumed storey","id":"osm_way_223859798","is_part":false,"levels":6.0,"levels_source":"osm:building:levels","map_feature_id":"map-feature-8dfd1693fd89af47fe9f","min_height":0.0,"name":"3","osm_id":223859798,"osm_type":"way","osm_version":2,"parent_id":null,"source_ids":["gallery-02","map-2017"],"source_timestamp":"2024-05-21T02:58:50Z","source_url":"https://www.openstreetmap.org/way/223859798","space_id":null,"spatial_signature":"4c8f1a454a3668b0f3ff33d1c1abd12467f530c83103ddc4d854e31c4971bd64","storey_height_assumption_m":3.1,"style_hint":"dormitory","tags":{"building":"residential","building:levels":"6","name":"3"},"underground":false},"type":"Feature"},{"geometry":{"coordinates":[[[118.92874400255639,32.111781804431004],[118.9287447964828,32.11168200152585],[118.9288862972522,32.11168280394057],[118.92888599849283,32.11172099669519],[118.9290389019109,32.11172179656497],[118.92903809982703,32.111822203888934],[118.92881630345765,32.111820902380636],[118.928816602028,32.11178219552226],[118.92874400255639,32.111781804431004]]],"type":"Polygon"},"id":"osm_way_223859801","properties":{"area_m2":336.306955,"asset_id":"osm_way_223859801","base_z":0.0,"center":[373.337,-353.016],"confidence":{"appearance":"requires_photo_evidence","footprint":"mapped_unverified","height":"inferred","levels":"community_record"},"geometry_role":"mapped_building_outline","height":19.2,"height_source":"osm:building:levels × assumed storey","id":"osm_way_223859801","is_part":false,"levels":6.0,"levels_source":"osm:building:levels","map_feature_id":"map-feature-8050ad070688b84e27b1","min_height":0.0,"name":"4","osm_id":223859801,"osm_type":"way","osm_version":3,"parent_id":null,"source_ids":["gallery-02","map-2017"],"source_timestamp":"2024-05-21T02:58:50Z","source_url":"https://www.openstreetmap.org/way/223859801","space_id":null,"spatial_signature":"4be22c49e8252d5977b4bcbfa350e959274b93dc66465c96d44defac00e0a355","storey_height_assumption_m":3.1,"style_hint":"dormitory","tags":{"building":"residential","building:levels":"6","name":"4"},"underground":false},"type":"Feature"},{"geometry":{"coordinates":[[[118.9245497954233,32.12165620284425],[118.92510419737603,32.12086180230343],[118.92519429602108,32.120904302349814],[118.9251881028271,32.1210974029385],[118.9251344963262,32.12129270385603],[118.92505939786875,32.121424501252555],[118.92494139484636,32.1215562025055],[118.92480730511225,32.121656201532474],[118.92468389648243,32.1217333992799],[118.9245497954233,32.12165620284425]]],"type":"Polygon"},"id":"osm_way_223859802","properties":{"area_m2":2327.348945,"asset_id":"osm_way_223859802","base_z":0.0,"center":[-19.781,701.687],"confidence":{"appearance":"requires_photo_evidence","footprint":"mapped_unverified","height":"inferred","levels":"community_record"},"geometry_role":"mapped_building_outline","height":10.5,"height_source":"osm:building:levels × assumed storey","id":"osm_way_223859802","is_part":false,"levels":3.0,"levels_source":"osm:building:levels","map_feature_id":"map-feature-650746df0a966446b8ac","min_height":0.0,"name":"看台","osm_id":223859802,"osm_type":"way","osm_version":4,"parent_id":null,"source_ids":[],"source_timestamp":"2024-05-21T02:58:50Z","source_url":"https://www.openstreetmap.org/way/223859802","space_id":null,"spatial_signature":"31df4d4e82d7c0b103cf7c4237edfc4c334c4ffe5d4ec450204dd47aebaa5588","storey_height_assumption_m":3.3,"style_hint":"grandstand","tags":{"building":"yes","building:levels":"3","name":"看台","name:zh":"看台"},"underground":false},"type":"Feature"},{"geometry":{"coordinates":[[[118.93010890529307,32.11853230394417],[118.930085298554,32.118522002969996],[118.93006860349641,32.11851430242329],[118.92987730315055,32.118422903316464],[118.92985819605624,32.11841389562478],[118.92982149979079,32.11839649746791],[118.92983100426967,32.11838180426328],[118.92984820022502,32.11835540385797],[118.92987799987317,32.11831050189925],[118.93015769616517,32.118445099956254],[118.93019089990341,32.118399298195456],[118.93023799626116,32.11842289632896],[118.93019369645077,32.1184832983509],[118.9301542003507,32.118464301456065],[118.93010890529307,32.11853230394417]]],"type":"Polygon"},"id":"osm_way_223859807","properties":{"area_m2":376.21562,"asset_id":"osm_way_223859807","base_z":0.0,"center":[466.296,388.079],"confidence":{"appearance":"requires_photo_evidence","footprint":"mapped_unverified","height":"inferred","levels":"inferred"},"geometry_role":"mapped_building_outline","height":4.0,"height_source":"inferred building typology","id":"osm_way_223859807","is_part":false,"levels":1.0,"levels_source":"inferred building typology","map_feature_id":"map-feature-53db0bf005f0b4c0605e","min_height":0.0,"name":"门卫","osm_id":223859807,"osm_type":"way","osm_version":5,"parent_id":null,"source_ids":[],"source_timestamp":"2018-11-11T07:47:12Z","source_url":"https://www.openstreetmap.org/way/223859807","space_id":null,"spatial_signature":"b93d241367ae548db25e63e5cb95a2deb91c12fb563d9a53b508362ceaf764d3","storey_height_assumption_m":3.4,"style_hint":"service","tags":{"building":"yes","name":"门卫","name:zh":"门卫"},"underground":false},"type":"Feature"},{"geometry":{"coordinates":[[[118.92868790224276,32.112713002749615],[118.92868680409983,32.1126219955535],[118.9289264001132,32.11261999550018],[118.92892669841285,32.1126508012716],[118.92897430393225,32.1126504005742],[118.92903390352676,32.11264989826473],[118.92903499976782,32.11274130233249],[118.9289722949407,32.11274179784448],[118.92885489717148,32.112742801990244],[118.92885460114293,32.112711599329685],[118.92868790224276,32.112713002749615]]],"type":"Polygon"},"id":"osm_way_223859809","properties":{"area_m2":354.471279,"asset_id":"osm_way_223859809","base_z":0.0,"center":[369.123,-250.804],"confidence":{"appearance":"requires_photo_evidence","footprint":"mapped_unverified","height":"inferred","levels":"community_record"},"geometry_role":"mapped_building_outline","height":19.2,"height_source":"osm:building:levels × assumed storey","id":"osm_way_223859809","is_part":false,"levels":6.0,"levels_source":"osm:building:levels","map_feature_id":"map-feature-ad578011a3c185c565a3","min_height":0.0,"name":"8","osm_id":223859809,"osm_type":"way","osm_version":3,"parent_id":null,"source_ids":["gallery-02","map-2017"],"source_timestamp":"2024-05-21T02:58:50Z","source_url":"https://www.openstreetmap.org/way/223859809","space_id":null,"spatial_signature":"e2bf83459dfb82246c1b713b8757609f25cb4e3ee4045c639de6b50a600fba6e","storey_height_assumption_m":3.1,"style_hint":"dormitory","tags":{"building":"residential","building:levels":"6","name":"8"},"underground":false},"type":"Feature"},{"geometry":{"coordinates":[[[118.92654000037868,32.114518502712734],[118.92653959998285,32.114184204117635],[118.92653929860111,32.11387630383507],[118.92653889825361,32.11351930333394],[118.92683689474605,32.11351909715212],[118.92696919767326,32.113519798123015],[118.9272807035299,32.113521495795446],[118.92727759936528,32.113924900359144],[118.92727589510709,32.11414179815491],[118.9272730026528,32.11452249759356],[118.9269857978186,32.11452099828341],[118.92683429919452,32.11451969662867],[118.92654000037868,32.114518502712734]]],"type":"Polygon"},"id":"osm_way_223859810","properties":{"area_m2":7721.525214,"asset_id":"osm_way_223859810","base_z":0.0,"center":[182.01,-105.532],"confidence":{"appearance":"requires_photo_evidence","footprint":"mapped_unverified","height":"inferred","levels":"community_record"},"geometry_role":"mapped_building_outline","height":20.2,"height_source":"Native main-wing reconstruction datum; inferred, not measured","id":"osm_way_223859810","is_part":false,"levels":5.0,"levels_observation_source_ids":["library-official-floor-02","library-official-floor-03","library-official-floor-04","library-official-floor-05"],"levels_source":"Official Xianlin library floor layouts 2–5: https://lib.njupt.edu.cn/_t83/lcbj/list.htm","main_roof_height_design_note":"20.2 m matches current native main wings; front open crown and letter support rises to 27.85 m. Heights remain inferred, distinct from observed floor count.","map_feature_id":"map-feature-7259862f1bce66ca6450","min_height":0.0,"name":"图书馆","osm_id":223859810,"osm_type":"way","osm_version":6,"parent_id":null,"source_ids":["gallery-15","gallery-19","gallery-21","guide-2020-13","guide-2020-page","library-36-steps","library-procurement-2024","library-property-2021","map-2017"],"source_timestamp":"2026-05-21T00:30:11Z","source_url":"https://www.openstreetmap.org/way/223859810","space_id":null,"spatial_signature":"bf593b6e3133537e64fce67d5ce759f60a4c067bb73b83714beadda0748ff5e2","storey_height_assumption_m":4.8,"style_hint":"library","tags":{"amenity":"library","building":"yes","building:levels":"4","name":"图书馆","name:zh":"图书馆","wheelchair":"no"},"underground":false},"type":"Feature"},{"geometry":{"coordinates":[[[118.92374309656248,32.10802769867849],[118.92374509706654,32.107834598328765],[118.9238181027159,32.10783479678444],[118.92381829850346,32.10779209582051],[118.92387580119004,32.10779230433749],[118.9238756027738,32.107836899421415],[118.92435240048177,32.10783610185209],[118.92435229769873,32.10779130390422],[118.9244128987627,32.10779120351789],[118.9244131007043,32.107838200698694],[118.92459429996407,32.10783789952452],[118.92459519966974,32.10802469627236],[118.92374309656248,32.10802769867849]]],"type":"Polygon"},"id":"osm_way_223859811","properties":{"area_m2":1742.698966,"asset_id":"osm_way_223859811","base_z":0.0,"center":[-64.68,-785.517],"confidence":{"appearance":"requires_photo_evidence","footprint":"mapped_unverified","height":"inferred","levels":"community_record"},"geometry_role":"mapped_building_outline","height":22.2,"height_source":"osm:building:levels × assumed storey","id":"osm_way_223859811","is_part":false,"levels":6.0,"levels_source":"osm:building:levels","map_feature_id":"map-feature-c5f10b2f7f6ff6f09d28","min_height":0.0,"name":"行政楼办公楼","osm_id":223859811,"osm_type":"way","osm_version":8,"parent_id":null,"source_ids":[],"source_timestamp":"2024-05-21T02:58:50Z","source_url":"https://www.openstreetmap.org/way/223859811","space_id":null,"spatial_signature":"cb5c0120506b52ae34bf7d07fcda274aafbbdc98d7eadeea4babc4b927828c76","storey_height_assumption_m":3.6,"style_hint":"academic","tags":{"building":"yes","building:levels":"6","name":"行政楼办公楼","name:zh":"行政楼办公楼"},"underground":false},"type":"Feature"},{"geometry":{"coordinates":[[[118.92791639547208,32.113006503264835],[118.92791350282587,32.11291680413423],[118.92803400109426,32.112919099838166],[118.92803660265,32.112876001526566],[118.92841750387055,32.112880499814814],[118.92841309592816,32.11297979856021],[118.92811439567183,32.112978197213025],[118.92811439674071,32.11300999965403],[118.92791639547208,32.113006503264835]]],"type":"Polygon"},"id":"osm_way_223859813","properties":{"area_m2":538.653526,"asset_id":"osm_way_223859813","base_z":0.0,"center":[302.751,-223.198],"confidence":{"appearance":"requires_photo_evidence","footprint":"mapped_unverified","height":"inferred","levels":"community_record"},"geometry_role":"mapped_building_outline","height":19.2,"height_source":"osm:building:levels × assumed storey","id":"osm_way_223859813","is_part":false,"levels":6.0,"levels_source":"osm:building:levels","map_feature_id":"map-feature-59d07c5eb1d4a6cab695","min_height":0.0,"name":"11","osm_id":223859813,"osm_type":"way","osm_version":3,"parent_id":null,"source_ids":["gallery-02","map-2017"],"source_timestamp":"2024-05-21T02:58:50Z","source_url":"https://www.openstreetmap.org/way/223859813","space_id":null,"spatial_signature":"65e60684449a89ad836a71c2c4a92c0ff04f6cb277318a23e0cc820a86e39b96","storey_height_assumption_m":3.1,"style_hint":"dormitory","tags":{"building":"residential","building:levels":"6","name":"11"},"underground":false},"type":"Feature"},{"geometry":{"coordinates":[[[118.9269069978078,32.122036296258564],[118.92711310184293,32.121742697432744],[118.92724489885225,32.12180900367661],[118.92730090239745,32.12183730164541],[118.92734200163504,32.121857898483974],[118.92713619496564,32.12215150215888],[118.9269069978078,32.122036296258564]]],"type":"Polygon"},"id":"osm_way_223859814","properties":{"area_m2":951.996131,"asset_id":"osm_way_223859814","base_z":0.0,"center":[186.694,773.825],"confidence":{"appearance":"requires_photo_evidence","footprint":"mapped_unverified","height":"inferred","levels":"inferred"},"geometry_role":"mapped_building_outline","height":19.2,"height_source":"inferred building typology","id":"osm_way_223859814","is_part":false,"levels":6.0,"levels_source":"inferred building typology","map_feature_id":"map-feature-354d2f79b8ddbcf0f22a","min_height":0.0,"name":"","osm_id":223859814,"osm_type":"way","osm_version":8,"parent_id":null,"source_ids":["gallery-02","map-2017"],"source_timestamp":"2022-06-06T09:35:48Z","source_url":"https://www.openstreetmap.org/way/223859814","space_id":null,"spatial_signature":"b9f23408bb114bc4189cd75edadd4246b8c8579ca99fdedc868a015e3b951c4a","storey_height_assumption_m":3.1,"style_hint":"dormitory","tags":{"building":"apartments"},"underground":false},"type":"Feature"},{"geometry":{"coordinates":[[[118.9285708973705,32.113685003663655],[118.92857219893072,32.113565999736345],[118.92868320328614,32.11356479559638],[118.92868250342485,32.11351590300205],[118.9287804007655,32.11351479925922],[118.92882200217699,32.113514598323164],[118.92898069723056,32.11351400213134],[118.92898069592765,32.11356230110407],[118.92910069720034,32.11356309710199],[118.9291007020259,32.113681702295175],[118.92893759822351,32.11368230268832],[118.92893760047504,32.113640596891784],[118.92874959687414,32.11364190115534],[118.92874960494152,32.113683597777246],[118.9285708973705,32.113685003663655]]],"type":"Polygon"},"id":"osm_way_223859815","properties":{"area_m2":731.24457,"asset_id":"osm_way_223859815","base_z":0.0,"center":[364.588,-148.577],"confidence":{"appearance":"requires_photo_evidence","footprint":"mapped_unverified","height":"inferred","levels":"community_record"},"geometry_role":"mapped_building_outline","height":19.2,"height_source":"osm:building:levels × assumed storey","id":"osm_way_223859815","is_part":false,"levels":6.0,"levels_source":"osm:building:levels","map_feature_id":"map-feature-2d0566bcc732c73e6187","min_height":0.0,"name":"13","osm_id":223859815,"osm_type":"way","osm_version":4,"parent_id":null,"source_ids":["gallery-02","map-2017"],"source_timestamp":"2024-05-21T02:58:50Z","source_url":"https://www.openstreetmap.org/way/223859815","space_id":null,"spatial_signature":"1bdd8ccf8d37032f4c767d1ad3f1f5d8ce21c25ab73bd0df231d13e28d43075a","storey_height_assumption_m":3.1,"style_hint":"dormitory","tags":{"building":"residential","building:levels":"6","name":"13"},"underground":false},"type":"Feature"},{"geometry":{"coordinates":[[[118.9285801987543,32.1140173986894],[118.92857690479651,32.1139409011176],[118.92871629839826,32.11393859698734],[118.92871630261054,32.113900002857356],[118.92904620154508,32.113895399960484],[118.92904620364725,32.11392270168761],[118.92910250189954,32.113921897877574],[118.92914949984707,32.11392129891114],[118.92915069884464,32.114006496037575],[118.92905159510894,32.11400669848338],[118.9290498997928,32.11403240258259],[118.9289068031982,32.114033996858794],[118.92890680065032,32.11398400229758],[118.9287181961341,32.11398649723054],[118.92871830364537,32.114016295730806],[118.9285801987543,32.1140173986894]]],"type":"Polygon"},"id":"osm_way_223859816","properties":{"area_m2":577.307855,"asset_id":"osm_way_223859816","base_z":0.0,"center":[368.479,-108.684],"confidence":{"appearance":"requires_photo_evidence","footprint":"mapped_unverified","height":"inferred","levels":"community_record"},"geometry_role":"mapped_building_outline","height":19.2,"height_source":"osm:building:levels × assumed storey","id":"osm_way_223859816","is_part":false,"levels":6.0,"levels_source":"osm:building:levels","map_feature_id":"map-feature-97fc3aac6b27415ad7b8","min_height":0.0,"name":"14","osm_id":223859816,"osm_type":"way","osm_version":3,"parent_id":null,"source_ids":["gallery-02","map-2017"],"source_timestamp":"2024-05-21T02:58:50Z","source_url":"https://www.openstreetmap.org/way/223859816","space_id":null,"spatial_signature":"66c67b2adc5e53f72a2c47da7ec41ddc631c26b3ccb9c5368c136e37571213e6","storey_height_assumption_m":3.1,"style_hint":"dormitory","tags":{"building":"residential","building:levels":"6","name":"14"},"underground":false},"type":"Feature"},{"geometry":{"coordinates":[[[118.92339120064038,32.11329629700984],[118.9233939012908,32.113053200492395],[118.92368070519015,32.11305549885468],[118.92367809875614,32.11329850373429],[118.92339120064038,32.11329629700984]]],"type":"Polygon"},"id":"osm_way_223859820","properties":{"area_m2":729.70807,"asset_id":"osm_way_223859820","base_z":0.0,"center":[-134.536,-204.711],"confidence":{"appearance":"requires_photo_evidence","footprint":"mapped_unverified","height":"inferred","levels":"inferred"},"geometry_role":"mapped_building_outline","height":7.6,"height_source":"inferred building typology","id":"osm_way_223859820","is_part":false,"levels":2.0,"levels_source":"inferred building typology","map_feature_id":"map-feature-4db9158caf0b3b27bf49","min_height":0.0,"name":"","osm_id":223859820,"osm_type":"way","osm_version":1,"parent_id":null,"source_ids":[],"source_timestamp":"2013-05-31T13:35:07Z","source_url":"https://www.openstreetmap.org/way/223859820","space_id":null,"spatial_signature":"57c05a51080c220497d3803242663782715c0a72043c59c17720fc5dcd6ac1e4","storey_height_assumption_m":3.5,"style_hint":"service","tags":{"building":"yes"},"underground":false},"type":"Feature"},{"geometry":{"coordinates":[[[118.92812629571723,32.1118365998831],[118.92812700376584,32.111734696750645],[118.92822140408741,32.11173519808743],[118.9282217032325,32.111682898954804],[118.9284859964234,32.11168430274771],[118.92848530306671,32.11178839736767],[118.92829939540414,32.111787396050765],[118.92829899707473,32.11183749595507],[118.92812629571723,32.1118365998831]]],"type":"Polygon"},"id":"osm_way_223859824","properties":{"area_m2":429.624232,"asset_id":"osm_way_223859824","base_z":0.0,"center":[318.064,-354.235],"confidence":{"appearance":"requires_photo_evidence","footprint":"mapped_unverified","height":"inferred","levels":"community_record"},"geometry_role":"mapped_building_outline","height":19.2,"height_source":"osm:building:levels × assumed storey","id":"osm_way_223859824","is_part":false,"levels":6.0,"levels_source":"osm:building:levels","map_feature_id":"map-feature-02c5467f747e8ab04743","min_height":0.0,"name":"5","osm_id":223859824,"osm_type":"way","osm_version":2,"parent_id":null,"source_ids":["gallery-02","map-2017"],"source_timestamp":"2024-05-21T02:58:50Z","source_url":"https://www.openstreetmap.org/way/223859824","space_id":null,"spatial_signature":"a692895c3ee5248522c3fc08ebc0c226fbc93a68656fa11aff920f3cf85c4beb","storey_height_assumption_m":3.1,"style_hint":"dormitory","tags":{"building":"residential","building:levels":"6","name":"5"},"underground":false},"type":"Feature"},{"geometry":{"coordinates":[[[118.92495129942033,32.108192996521275],[118.92495140513523,32.10814300022205],[118.92520470166362,32.10814299991895],[118.92523639832939,32.10819809562122],[118.92523110072418,32.10828900181953],[118.92519350317897,32.108329899426174],[118.92507000518228,32.10832980212663],[118.92506989788089,32.10850239952963],[118.9245877011602,32.10850210041722],[118.92411429980142,32.10850180108249],[118.92411459894953,32.10819329594701],[118.92422290102981,32.10819339966413],[118.92422300334059,32.1080512969865],[118.9244342005118,32.10805139693268],[118.92443410495834,32.108192795984536],[118.92495129942033,32.108192996521275]]],"type":"Polygon"},"id":"osm_way_223859826","properties":{"area_m2":3770.007583,"asset_id":"osm_way_223859826","base_z":0.0,"center":[-22.422,-741.606],"confidence":{"appearance":"requires_photo_evidence","footprint":"mapped_unverified","height":"inferred","levels":"community_record"},"duplicate_source_ids":["osm_way_970894661"],"duplicate_source_urls":["https://www.openstreetmap.org/way/970894661"],"geometry_role":"mapped_building_outline","height":22.2,"height_source":"osm:building:levels × assumed storey","id":"osm_way_223859826","is_part":false,"levels":6.0,"levels_source":"osm:building:levels","map_feature_id":"map-feature-1cf42a601528983dc2ae","min_height":0.0,"name":"行政楼办公楼","osm_id":223859826,"osm_type":"way","osm_version":7,"parent_id":null,"source_ids":[],"source_timestamp":"2024-05-21T02:58:50Z","source_url":"https://www.openstreetmap.org/way/223859826","space_id":null,"spatial_signature":"1405777446383170cc8ee659ac26f8124f18c5e8a278b4ea16df907d8b75948f","storey_height_assumption_m":3.6,"style_hint":"academic","tags":{"building":"yes","building:levels":"6","name":"行政楼办公楼","name:zh":"行政楼办公楼"},"underground":false},"type":"Feature"},{"geometry":{"coordinates":[[[118.9233572947909,32.12119459569813],[118.92339260325264,32.12097310151371],[118.92344010177523,32.12078050067233],[118.92347959690849,32.12071359876543],[118.92328389759237,32.12062310433647],[118.92340650492245,32.120455698905204],[118.92357649695502,32.12057620359473],[118.92370899937232,32.12044400361555],[118.92397589534477,32.120253100789235],[118.92408270201841,32.12033680092194],[118.92390070368593,32.12059310313486],[118.92387919789567,32.120693004358806],[118.92383090050475,32.12079749780247],[118.92377189939641,32.120879298715174],[118.92369679912645,32.1209520001676],[118.92361640275072,32.12100919651616],[118.9234757043655,32.12122259648559],[118.9233572947909,32.12119459569813]]],"type":"Polygon"},"id":"osm_way_223859827","properties":{"area_m2":3213.052028,"asset_id":"osm_way_223859827","base_z":0.0,"center":[-138.827,630.655],"confidence":{"appearance":"requires_photo_evidence","footprint":"mapped_unverified","height":"inferred","levels":"community_record"},"geometry_role":"mapped_building_outline","height":10.5,"height_source":"osm:building:levels × assumed storey","id":"osm_way_223859827","is_part":false,"levels":3.0,"levels_source":"osm:building:levels","map_feature_id":"map-feature-eebd4fca5884f3535389","min_height":0.0,"name":"主席台","osm_id":223859827,"osm_type":"way","osm_version":6,"parent_id":null,"source_ids":[],"source_timestamp":"2026-08-04T08:40:04Z","source_url":"https://www.openstreetmap.org/way/223859827","space_id":null,"spatial_signature":"42bd8486eebd33e8a303c3eb609f8a4101f1ed4a726d924913f67e09f5978433","storey_height_assumption_m":3.3,"style_hint":"grandstand","tags":{"building":"yes","building:levels":"3","layer":"1","name":"主席台","name:zh":"主席台"},"underground":false},"type":"Feature"},{"geometry":{"coordinates":[[[118.92319089948529,32.1136924969699],[118.92318860164298,32.11357889613639],[118.9234972013982,32.11357439681664],[118.9234994996223,32.11368799762982],[118.92319089948529,32.1136924969699]]],"type":"Polygon"},"id":"osm_way_223859828","properties":{"area_m2":366.996439,"asset_id":"osm_way_223859828","base_z":0.0,"center":[-153.552,-154.303],"confidence":{"appearance":"requires_photo_evidence","footprint":"mapped_unverified","height":"inferred","levels":"inferred"},"geometry_role":"mapped_building_outline","height":7.6,"height_source":"inferred building typology","id":"osm_way_223859828","is_part":false,"levels":2.0,"levels_source":"inferred building typology","map_feature_id":"map-feature-12b5e752616575747506","min_height":0.0,"name":"","osm_id":223859828,"osm_type":"way","osm_version":1,"parent_id":null,"source_ids":[],"source_timestamp":"2013-05-31T13:35:08Z","source_url":"https://www.openstreetmap.org/way/223859828","space_id":null,"spatial_signature":"ea320e2ed4a063e3b90b7895c85eef3682d559d40740ad3d3f5619b693f75116","storey_height_assumption_m":3.5,"style_hint":"service","tags":{"building":"yes"},"underground":false},"type":"Feature"},{"geometry":{"coordinates":[[[118.92813109786526,32.111311497472904],[118.92813229957449,32.111211399717156],[118.92823059918099,32.11121139971902],[118.9282282996857,32.111172597134306],[118.92846640470876,32.111167400819824],[118.92851309610273,32.11116640091909],[118.9285493003938,32.1111655968408],[118.92899830067573,32.111155896774335],[118.92899680159917,32.111186396220894],[118.92909160199343,32.11118680063087],[118.92909279489545,32.11129589933499],[118.9289529012271,32.11129539734832],[118.92895280515098,32.11126060190831],[118.92831609652221,32.11127989869567],[118.92831770442952,32.111310504142594],[118.92813109786526,32.111311497472904]]],"type":"Polygon"},"id":"osm_way_223859829","properties":{"area_m2":1111.326417,"asset_id":"osm_way_223859829","base_z":0.0,"center":[348.107,-412.252],"confidence":{"appearance":"requires_photo_evidence","footprint":"mapped_unverified","height":"inferred","levels":"community_record"},"geometry_role":"mapped_building_outline","height":19.2,"height_source":"osm:building:levels × assumed storey","id":"osm_way_223859829","is_part":false,"levels":6.0,"levels_source":"osm:building:levels","map_feature_id":"map-feature-111fc42f7e21d85af82b","min_height":0.0,"name":"1","osm_id":223859829,"osm_type":"way","osm_version":4,"parent_id":null,"source_ids":["gallery-02","map-2017"],"source_timestamp":"2024-05-21T02:58:50Z","source_url":"https://www.openstreetmap.org/way/223859829","space_id":null,"spatial_signature":"fe84f12513130d38924fe286380d5dba49f202d45646217b9fee2fc53b2ccea2","storey_height_assumption_m":3.1,"style_hint":"dormitory","tags":{"building":"residential","building:levels":"6","name":"1"},"underground":false},"type":"Feature"},{"geometry":{"coordinates":[[[118.92874389565486,32.11152479782257],[118.92874550292842,32.11141529566968],[118.92897199485405,32.11141769830088],[118.92897140283254,32.11146159579511],[118.9290920033338,32.111462797628704],[118.92909059961063,32.11156130200742],[118.92903449568904,32.11156069578833],[118.92882469600008,32.111559896948904],[118.92882489659443,32.111525096988764],[118.92874389565486,32.11152479782257]]],"type":"Polygon"},"id":"osm_way_223859832","properties":{"area_m2":435.225311,"asset_id":"osm_way_223859832","base_z":0.0,"center":[376.112,-382.422],"confidence":{"appearance":"requires_photo_evidence","footprint":"mapped_unverified","height":"inferred","levels":"community_record"},"geometry_role":"mapped_building_outline","height":19.2,"height_source":"osm:building:levels × assumed storey","id":"osm_way_223859832","is_part":false,"levels":6.0,"levels_source":"osm:building:levels","map_feature_id":"map-feature-a960e6f41c1a7d572002","min_height":0.0,"name":"2","osm_id":223859832,"osm_type":"way","osm_version":3,"parent_id":null,"source_ids":["gallery-02","map-2017"],"source_timestamp":"2024-05-21T02:58:50Z","source_url":"https://www.openstreetmap.org/way/223859832","space_id":null,"spatial_signature":"03150e59c3f6c3bb83c68ab00ecd4f8911a65889c6570e5262119f2371945177","storey_height_assumption_m":3.1,"style_hint":"dormitory","tags":{"building":"residential","building:levels":"6","name":"2"},"underground":false},"type":"Feature"},{"geometry":{"coordinates":[[[118.92821180151485,32.115038100528984],[118.92821069510059,32.114961299048296],[118.92835649965711,32.11495989877862],[118.9283560037686,32.11492069894889],[118.92875959583878,32.11491679600663],[118.92876099902657,32.115022797802965],[118.9285061975782,32.11502520071105],[118.92850669951585,32.11506670039586],[118.92832339606332,32.115068401498185],[118.92832300064575,32.11503700192942],[118.92821180151485,32.115038100528984]]],"type":"Polygon"},"id":"osm_way_223859840","properties":{"area_m2":640.696133,"asset_id":"osm_way_223859840","base_z":0.0,"center":[329.511,4.307],"confidence":{"appearance":"requires_photo_evidence","footprint":"mapped_unverified","height":"inferred","levels":"community_record"},"geometry_role":"mapped_building_outline","height":19.2,"height_source":"osm:building:levels × assumed storey","id":"osm_way_223859840","is_part":false,"levels":6.0,"levels_source":"osm:building:levels","map_feature_id":"map-feature-253634310a030e0cc98d","min_height":0.0,"name":"18","osm_id":223859840,"osm_type":"way","osm_version":2,"parent_id":null,"source_ids":["gallery-02","map-2017"],"source_timestamp":"2024-05-21T02:58:50Z","source_url":"https://www.openstreetmap.org/way/223859840","space_id":null,"spatial_signature":"ac3dae8e52c31fd07d8e34462d33ef9104bbeb8e9c4f088a59b71dd2060bbb91","storey_height_assumption_m":3.1,"style_hint":"dormitory","tags":{"building":"residential","building:levels":"6","name":"18"},"underground":false},"type":"Feature"},{"geometry":{"coordinates":[[[118.92814200012286,32.11473950279164],[118.92814139547954,32.114666400641475],[118.92825359874129,32.11466570171179],[118.92824930168946,32.11461910072641],[118.92877880066582,32.11461309941257],[118.9288252965243,32.1146127968297],[118.92921770030169,32.1146101001668],[118.92921759789911,32.11464149829498],[118.92932759896627,32.114640399043374],[118.9293261980886,32.11476420277757],[118.92915550012324,32.114765099629],[118.9291549024218,32.11472460256587],[118.92835770488017,32.11473199595282],[118.92835859952687,32.11477050423378],[118.92814219835292,32.114771103794375],[118.92814200012286,32.11473950279164]]],"type":"Polygon"},"id":"osm_way_223859843","properties":{"area_m2":1488.018493,"asset_id":"osm_way_223859843","base_z":0.0,"center":[353.343,-28.986],"confidence":{"appearance":"requires_photo_evidence","footprint":"mapped_unverified","height":"inferred","levels":"community_record"},"geometry_role":"mapped_building_outline","height":19.2,"height_source":"osm:building:levels × assumed storey","id":"osm_way_223859843","is_part":false,"levels":6.0,"levels_source":"osm:building:levels","map_feature_id":"map-feature-7d56da09b61b94b391f1","min_height":0.0,"name":"16","osm_id":223859843,"osm_type":"way","osm_version":4,"parent_id":null,"source_ids":["gallery-02","map-2017"],"source_timestamp":"2024-05-21T02:58:50Z","source_url":"https://www.openstreetmap.org/way/223859843","space_id":null,"spatial_signature":"60807cfdea6e214334142f252575c4c137f45c5177f6e17d0608f7c295f625f7","storey_height_assumption_m":3.1,"style_hint":"dormitory","tags":{"building":"residential","building:levels":"6","name":"16"},"underground":false},"type":"Feature"},{"geometry":{"coordinates":[[[118.92842960386149,32.11562459806828],[118.92842960354788,32.1155359011853],[118.92858030524927,32.11553400211934],[118.92858119498369,32.11549770347447],[118.92946199484204,32.115494896864135],[118.92946200480512,32.11552760108818],[118.92956910313545,32.11552650074926],[118.92956909541334,32.11562030271395],[118.92938890062635,32.11561970314812],[118.92938950413176,32.11559499880844],[118.92899210291506,32.11559559858055],[118.92896090322317,32.115595595991714],[118.92862590088701,32.11559869816718],[118.92862589704195,32.115622698877125],[118.92842960386149,32.11562459806828]]],"type":"Polygon"},"id":"osm_way_223859846","properties":{"area_m2":1196.285111,"asset_id":"osm_way_223859846","base_z":0.0,"center":[376.868,68.196],"confidence":{"appearance":"requires_photo_evidence","footprint":"mapped_unverified","height":"inferred","levels":"community_record"},"geometry_role":"mapped_building_outline","height":19.2,"height_source":"osm:building:levels × assumed storey","id":"osm_way_223859846","is_part":false,"levels":6.0,"levels_source":"osm:building:levels","map_feature_id":"map-feature-d8b751e70c823f41858f","min_height":0.0,"name":"21 国防生楼","osm_id":223859846,"osm_type":"way","osm_version":5,"parent_id":null,"source_ids":["gallery-02","map-2017"],"source_timestamp":"2024-05-21T02:58:50Z","source_url":"https://www.openstreetmap.org/way/223859846","space_id":null,"spatial_signature":"45f3d3d7a263052fd1e9fe4aa8a9316909b15e38d7cdb4aa13d372a55d27ded7","storey_height_assumption_m":3.1,"style_hint":"dormitory","tags":{"building":"residential","building:levels":"6","name":"21 国防生楼"},"underground":false},"type":"Feature"},{"geometry":{"coordinates":[[[118.9302209042868,32.11810589945226],[118.93030290073385,32.11798709916848],[118.93049210409856,32.11808060409256],[118.93041009932,32.11819950383419],[118.9302209042868,32.11810589945226]]],"type":"Polygon"},"id":"osm_way_223859852","properties":{"area_m2":315.601309,"asset_id":"osm_way_223859852","base_z":0.0,"center":[499.298,352.002],"confidence":{"appearance":"requires_photo_evidence","footprint":"mapped_unverified","height":"inferred","levels":"inferred"},"geometry_role":"mapped_building_outline","height":4.0,"height_source":"inferred building typology","id":"osm_way_223859852","is_part":false,"levels":1.0,"levels_source":"inferred building typology","map_feature_id":"map-feature-e282dc4c5c9321bc2e59","min_height":0.0,"name":"收发室","osm_id":223859852,"osm_type":"way","osm_version":5,"parent_id":null,"source_ids":[],"source_timestamp":"2018-11-11T07:47:14Z","source_url":"https://www.openstreetmap.org/way/223859852","space_id":null,"spatial_signature":"5d654ee89764812c69f7d0c798176d10a9b54f269321e967c89c08c99727db3e","storey_height_assumption_m":3.4,"style_hint":"service","tags":{"amenity":"post_office","building":"yes","name":"收发室","name:zh":"收发室"},"underground":false},"type":"Feature"},{"geometry":{"coordinates":[[[118.92578869621667,32.11930520099762],[118.92586000061257,32.119203802223744],[118.92587019656112,32.119189197994515],[118.9259668051885,32.119051796498965],[118.92594149519533,32.1190391034576],[118.92598259498608,32.11898060052847],[118.9260246001614,32.11892080305376],[118.9260901982173,32.11895389826704],[118.92612940128869,32.11897360441827],[118.92648669827994,32.11915380445912],[118.92662249857786,32.11922219716452],[118.92669660444191,32.119260700472495],[118.92661900320971,32.1193761034714],[118.92641839675483,32.11927450450494],[118.92636439561241,32.11924709559733],[118.92618360118252,32.119504302592794],[118.92612730483665,32.119475602660124],[118.92597150336019,32.11939599597236],[118.92591160170511,32.11936719746772],[118.92584109683389,32.1193315972734],[118.92578869621667,32.11930520099762]]],"type":"Polygon"},"id":"osm_way_223944205","properties":{"area_m2":2532.508322,"asset_id":"osm_way_223944205","base_z":0.0,"center":[103.187,469.94],"confidence":{"appearance":"requires_photo_evidence","footprint":"mapped_unverified","height":"inferred","levels":"inferred"},"geometry_role":"mapped_building_outline","height":14.1,"height_source":"inferred building typology","id":"osm_way_223944205","is_part":false,"levels":3.0,"levels_source":"inferred building typology","map_feature_id":"map-feature-433b548aeb426d69c991","min_height":0.0,"name":"青春剧场","osm_id":223944205,"osm_type":"way","osm_version":6,"parent_id":null,"source_ids":[],"source_timestamp":"2026-05-21T00:32:40Z","source_url":"https://www.openstreetmap.org/way/223944205","space_id":null,"spatial_signature":"2c4f8acc9bb9faf2d6f0f05ef963bbbe821a5caf58ae988331dde5c8f7c50498","storey_height_assumption_m":4.5,"style_hint":"auditorium","tags":{"amenity":"theatre","building":"yes","name":"青春剧场","name:zh":"青春剧场","wheelchair":"limited"},"underground":false},"type":"Feature"},{"geometry":{"coordinates":[[[118.92610619613896,32.11878920388827],[118.92619439779054,32.118661797392484],[118.92644650510948,32.11878690223341],[118.92652530126733,32.11867289719832],[118.92682159913964,32.11882000348813],[118.92673640226533,32.11894309848255],[118.92686049709009,32.119004697110576],[118.9267766994929,32.11912579558001],[118.92671079590212,32.119092299509745],[118.92662249857786,32.11922219716452],[118.92648669827994,32.11915380445912],[118.9266026996783,32.118985098609386],[118.92624399544141,32.11880700378139],[118.92612940128869,32.11897360441827],[118.9260901982173,32.11895389826704],[118.9261800960946,32.11882499580492],[118.92610619613896,32.11878920388827]]],"type":"Polygon"},"id":"osm_way_223944209","properties":{"area_m2":1796.595169,"asset_id":"osm_way_223944209","base_z":0.0,"center":[137.013,434.82],"confidence":{"appearance":"requires_photo_evidence","footprint":"mapped_unverified","height":"inferred","levels":"inferred"},"geometry_role":"mapped_building_outline","height":14.1,"height_source":"inferred building typology","id":"osm_way_223944209","is_part":false,"levels":3.0,"levels_source":"inferred building typology","map_feature_id":"map-feature-0074058d3d7e5c4ddef9","min_height":0.0,"name":"大学生活动中心","osm_id":223944209,"osm_type":"way","osm_version":4,"parent_id":null,"source_ids":[],"source_timestamp":"2018-11-11T07:47:14Z","source_url":"https://www.openstreetmap.org/way/223944209","space_id":null,"spatial_signature":"f3a0bd8f2e3bcee8968b37e5110cbc674f9d466bcb049aade04aea4de485ef40","storey_height_assumption_m":4.5,"style_hint":"auditorium","tags":{"building":"yes","name":"大学生活动中心","name:zh":"大学生活动中心"},"underground":false},"type":"Feature"},{"geometry":{"coordinates":[[[118.92755280021566,32.1200689001027],[118.92763790006983,32.1199417022259],[118.9276601978507,32.11990839671442],[118.92777920321643,32.1197309042775],[118.92770929891701,32.11969719909876],[118.92784730427387,32.119493901334195],[118.9279161041162,32.119527000923185],[118.92801779943636,32.11937509842211],[118.92804849495954,32.11932939853774],[118.92814689725412,32.11918320126712],[118.92826839931973,32.11924189764987],[118.92829649499646,32.119255503835674],[118.92840679585213,32.11930869751446],[118.92833470488766,32.11941590010076],[118.92840660142478,32.11945060279506],[118.92847379475589,32.11948289676675],[118.92860309950724,32.11954470287909],[118.92845489932344,32.11976709750559],[118.92852140421932,32.11979889684666],[118.92837280087731,32.12002180261264],[118.92830850210291,32.11999109701369],[118.92816559905496,32.12020540138932],[118.92805690145258,32.12015340072718],[118.92797710093348,32.12011530067142],[118.92788469800907,32.120071096967116],[118.92780550311905,32.120189798979986],[118.92770119511171,32.12013989580844],[118.92765379956505,32.120117203238095],[118.92755280021566,32.1200689001027]]],"type":"Polygon"},"id":"osm_way_224896131","properties":{"area_m2":6037.582446,"asset_id":"osm_way_224896131","base_z":0.0,"center":[282.991,530.995],"confidence":{"appearance":"requires_photo_evidence","footprint":"mapped_unverified","height":"inferred","levels":"inferred"},"geometry_role":"mapped_building_outline","height":12.6,"height_source":"inferred building typology","id":"osm_way_224896131","is_part":false,"levels":3.0,"levels_source":"inferred building typology","map_feature_id":"map-feature-1c96a4a422b89c0f4f83","min_height":0.0,"name":"南邮仙林三食堂","osm_id":224896131,"osm_type":"way","osm_version":10,"parent_id":null,"source_ids":["guide-2020-02","guide-2020-05","guide-2020-08","guide-2020-page","map-2017"],"source_timestamp":"2020-07-19T22:12:43Z","source_url":"https://www.openstreetmap.org/way/224896131","space_id":null,"spatial_signature":"8d54ec27b49bbd254183666ea2494a2e9c91dfbd9d0cc8778c9299e1118b9dbc","storey_height_assumption_m":4.0,"style_hint":"dining","tags":{"amenity":"restaurant","building":"yes","cuisine":"chinese","fast_food":"cafeteria","int_name":"仙林三食堂","name":"南邮仙林三食堂","name:zh":"南邮仙林三食堂"},"underground":false},"type":"Feature"},{"geometry":{"coordinates":[[[118.92603189478498,32.10851049678161],[118.92603139748276,32.10847420115958],[118.9260078976859,32.10847439632212],[118.92600760483195,32.108454395691375],[118.92602950235427,32.10845409863326],[118.9260288947746,32.10841810232965],[118.92609989825272,32.10841730170225],[118.92610030335264,32.108448701178425],[118.92613939525715,32.10844819662054],[118.92613980471586,32.108479298388794],[118.9261041015828,32.10847969727355],[118.92610460445704,32.10850969725092],[118.92605409972141,32.10851020406148],[118.92603189478498,32.10851049678161]]],"type":"Polygon"},"id":"osm_way_224938858","properties":{"area_m2":86.329636,"asset_id":"osm_way_224938858","base_z":0.0,"center":[114.053,-722.84],"confidence":{"appearance":"requires_photo_evidence","footprint":"mapped_unverified","height":"inferred","levels":"inferred"},"geometry_role":"mapped_building_outline","height":4.0,"height_source":"inferred building typology","id":"osm_way_224938858","is_part":false,"levels":1.0,"levels_source":"inferred building typology","map_feature_id":"map-feature-b4588aad94959c7ab88f","min_height":0.0,"name":"门卫","osm_id":224938858,"osm_type":"way","osm_version":3,"parent_id":null,"source_ids":[],"source_timestamp":"2018-11-11T07:47:15Z","source_url":"https://www.openstreetmap.org/way/224938858","space_id":null,"spatial_signature":"8e14f66d07e6ea62db705a11704ca252387c397ee6ed28cf87d9495793689ee3","storey_height_assumption_m":3.4,"style_hint":"service","tags":{"building":"yes","name":"门卫","name:zh":"门卫"},"underground":false},"type":"Feature"},{"geometry":{"coordinates":[[[118.92647749926446,32.108482999165204],[118.92647769854578,32.1084485960476],[118.92652379919548,32.10844879646662],[118.92652390021692,32.10841930141136],[118.92658790102583,32.10841959920882],[118.92658780405544,32.10845130396094],[118.92661449967923,32.1084514027945],[118.92661430433519,32.10847539743567],[118.92658980231633,32.108475301297844],[118.92658950012948,32.10851539723719],[118.92652290517103,32.108515202054356],[118.92652310184754,32.10848319814376],[118.92647749926446,32.108482999165204]]],"type":"Polygon"},"id":"osm_way_224938894","properties":{"area_m2":88.56349,"asset_id":"osm_way_224938894","base_z":0.0,"center":[159.122,-721.698],"confidence":{"appearance":"requires_photo_evidence","footprint":"mapped_unverified","height":"inferred","levels":"inferred"},"geometry_role":"mapped_building_outline","height":4.0,"height_source":"inferred building typology","id":"osm_way_224938894","is_part":false,"levels":1.0,"levels_source":"inferred building typology","map_feature_id":"map-feature-dcac9df84777f251049f","min_height":0.0,"name":"门卫","osm_id":224938894,"osm_type":"way","osm_version":4,"parent_id":null,"source_ids":[],"source_timestamp":"2018-11-11T07:47:15Z","source_url":"https://www.openstreetmap.org/way/224938894","space_id":null,"spatial_signature":"5449a9b9bd3fb56b8eac1bbbe50572736112ae70f804573963dd70ceeedcb9f2","storey_height_assumption_m":3.4,"style_hint":"service","tags":{"building":"yes","name":"门卫","name:zh":"门卫"},"underground":false},"type":"Feature"},{"geometry":{"coordinates":[[[118.9229871993351,32.113859997591945],[118.92298719893651,32.11376699829811],[118.92302959532603,32.113766796208125],[118.92306339514141,32.11376700430036],[118.9230633964978,32.11384640228399],[118.92306339561732,32.11386000359119],[118.9229871993351,32.113859997591945]]],"type":"Polygon"},"id":"osm_way_224940517","properties":{"area_m2":74.242198,"asset_id":"osm_way_224940517","base_z":0.0,"center":[-183.985,-134.883],"confidence":{"appearance":"requires_photo_evidence","footprint":"mapped_unverified","height":"inferred","levels":"inferred"},"geometry_role":"mapped_building_outline","height":4.0,"height_source":"inferred building typology","id":"osm_way_224940517","is_part":false,"levels":1.0,"levels_source":"inferred building typology","map_feature_id":"map-feature-db462e9c4c04df4a0f35","min_height":0.0,"name":"","osm_id":224940517,"osm_type":"way","osm_version":3,"parent_id":null,"source_ids":[],"source_timestamp":"2013-06-10T15:34:10Z","source_url":"https://www.openstreetmap.org/way/224940517","space_id":null,"spatial_signature":"9d1f54337b0b3a3e62891ffe72591fc9ef4053cd18c2b041e02cecd191a3cff3","storey_height_assumption_m":3.4,"style_hint":"service","tags":{"building":"yes"},"underground":false},"type":"Feature"},{"geometry":{"coordinates":[[[118.92841129540085,32.116690998340374],[118.9284125962949,32.116524597470544],[118.92848190391108,32.11652500273689],[118.92848060314293,32.11669140360254],[118.92841129540085,32.116690998340374]]],"type":"Polygon"},"id":"osm_way_224940881","properties":{"area_m2":120.698319,"asset_id":"osm_way_224940881","base_z":0.0,"center":[322.032,184.098],"confidence":{"appearance":"requires_photo_evidence","footprint":"mapped_unverified","height":"inferred","levels":"inferred"},"geometry_role":"mapped_building_outline","height":7.2,"height_source":"inferred building typology","id":"osm_way_224940881","is_part":false,"levels":2.0,"levels_source":"inferred building typology","map_feature_id":"map-feature-cf5e6eb371ad43c91877","min_height":0.0,"name":"主席台","osm_id":224940881,"osm_type":"way","osm_version":2,"parent_id":null,"source_ids":[],"source_timestamp":"2018-11-11T07:47:15Z","source_url":"https://www.openstreetmap.org/way/224940881","space_id":null,"spatial_signature":"549a14a088f91b908e234fa27ab2b77644efdded72ee1310520d3d4d607d7044","storey_height_assumption_m":3.3,"style_hint":"grandstand","tags":{"building":"house","name":"主席台","name:zh":"主席台"},"underground":false},"type":"Feature"},{"geometry":{"coordinates":[[[118.92722259628017,32.10926959807241],[118.92721449738448,32.10936830364227],[118.92715620117421,32.109368704028526],[118.92707670241731,32.109368696561695],[118.9270625968464,32.10937470174485],[118.92702410501902,32.10941790442673],[118.9269737968304,32.109451996952565],[118.92691209612875,32.10946789931831],[118.92685659717331,32.1094697993129],[118.92679479572578,32.10945720178035],[118.92674210268845,32.10943679908389],[118.92668899530092,32.10939969869974],[118.92666160282303,32.10938409708625],[118.92662170292076,32.109362300058685],[118.92653489889616,32.10936160069669],[118.92653470294255,32.10917419809969],[118.92666759930607,32.10917570225181],[118.92675090240708,32.10910510215313],[118.92686479467963,32.10907919668139],[118.9269787051269,32.109105098395204],[118.92706199707668,32.109175697324815],[118.9272232010206,32.109183904358936],[118.92722259628017,32.10926959807241]]],"type":"Polygon"},"id":"osm_way_224950590","properties":{"area_m2":1938.124161,"asset_id":"osm_way_224950590","base_z":0.0,"center":[188.163,-631.524],"confidence":{"appearance":"requires_photo_evidence","footprint":"mapped_unverified","height":"inferred","levels":"community_record"},"geometry_role":"mapped_building_outline","height":23.51,"height_source":"Photograph-proportion reconstruction; upper canopy and raised coral roof box, not surveyed.","id":"osm_way_224950590","is_part":false,"levels":6.0,"levels_source":"osm:building:levels","map_feature_id":"map-feature-dd9300c159622a9d089e","min_height":0.0,"name":"圆楼","osm_id":224950590,"osm_type":"way","osm_version":6,"parent_id":null,"reason":"2026-09-30 rendered-photo comparison: roof box silhouette, grouped upper windows, balcony clearance.","source_ids":["gallery-01","gallery-02","gallery-07","gallery-09","visiting_gallery_image_50"],"source_timestamp":"2025-11-27T07:05:56Z","source_url":"https://www.openstreetmap.org/way/224950590","space_id":null,"spatial_signature":"cf7eb6e8dd794029dc5d293fe2c97b000f78aeec584cf1b5acbc1b7de60e0f90","storey_height_assumption_m":3.6,"style_hint":"academic","tags":{"building":"yes","building:levels":"6","name":"圆楼","name:zh":"圆楼"},"underground":false},"type":"Feature"},{"geometry":{"coordinates":[[[118.92297950117828,32.11410740012597],[118.92306539624542,32.114107998379204],[118.92306479602924,32.11418650355527],[118.9229787947576,32.11418589789726],[118.92297950117828,32.11410740012597]]],"type":"Polygon"},"id":"osm_way_224953835","properties":{"area_m2":70.614468,"asset_id":"osm_way_224953835","base_z":0.0,"center":[-184.945,-97.911],"confidence":{"appearance":"requires_photo_evidence","footprint":"mapped_unverified","height":"inferred","levels":"inferred"},"geometry_role":"mapped_building_outline","height":4.0,"height_source":"inferred building typology","id":"osm_way_224953835","is_part":false,"levels":1.0,"levels_source":"inferred building typology","map_feature_id":"map-feature-69d635ac569f51fd6fbd","min_height":0.0,"name":"","osm_id":224953835,"osm_type":"way","osm_version":3,"parent_id":null,"source_ids":[],"source_timestamp":"2017-05-09T08:23:41Z","source_url":"https://www.openstreetmap.org/way/224953835","space_id":null,"spatial_signature":"9e0afd38e3186395df31015469beecbb1cec84226858640da67cff5a2bf3c75c","storey_height_assumption_m":3.4,"style_hint":"service","tags":{"building":"yes"},"underground":false},"type":"Feature"},{"geometry":{"coordinates":[[[118.92546370096696,32.110445201993016],[118.9254724979689,32.11023530343925],[118.92578640304308,32.11024479742667],[118.92577759616762,32.11045469613527],[118.92546370096696,32.110445201993016]]],"type":"Polygon"},"id":"osm_way_224954737","properties":{"area_m2":690.437306,"asset_id":"osm_way_224954737","base_z":0.0,"center":[68.204,-515.054],"confidence":{"appearance":"requires_photo_evidence","footprint":"mapped_unverified","height":"inferred","levels":"inferred"},"geometry_role":"mapped_building_outline","height":7.6,"height_source":"inferred building typology","id":"osm_way_224954737","is_part":false,"levels":2.0,"levels_source":"inferred building typology","map_feature_id":"map-feature-d21a560efc6f13a658d7","min_height":0.0,"name":"特大教室","osm_id":224954737,"osm_type":"way","osm_version":3,"parent_id":null,"source_ids":[],"source_timestamp":"2021-08-06T12:18:26Z","source_url":"https://www.openstreetmap.org/way/224954737","space_id":null,"spatial_signature":"1441d8755a1e46923f427f5b4f4504819fb7316b49d03cac1a9878e01714876f","storey_height_assumption_m":3.5,"style_hint":"service","tags":{"building":"yes","name":"特大教室","name:zh":"特大教室"},"underground":false},"type":"Feature"},{"geometry":{"coordinates":[[[118.92475339554497,32.11051580220152],[118.92475189958134,32.11049350186681],[118.9247481995135,32.110439901556965],[118.924749995636,32.11021950260928],[118.92479140457833,32.11022080318541],[118.92479729943858,32.110515802119814],[118.92475339554497,32.11051580220152]]],"type":"Polygon"},"id":"osm_way_224990427","properties":{"area_m2":138.649952,"asset_id":"osm_way_224990427","base_z":0.0,"center":[-12.35,-513.665],"confidence":{"appearance":"requires_photo_evidence","footprint":"mapped_unverified","height":"inferred_photo_plan","levels":"inferred_photo_plan"},"geometry_role":"mapped_building_outline","height":10.8,"height_source":"Current three-storey circulation reconstruction: top 10.8 m, clearance 3.8 m; inferred visual dimensions, not surveyed.","id":"osm_way_224990427","is_part":false,"levels":3.0,"levels_source":"Three-storey current circulation reconstruction; photo-informed, not surveyed.","map_feature_id":"map-feature-2d5003087cd910e45d75","min_height":3.8,"name":"连廊","osm_id":224990427,"osm_type":"way","osm_version":5,"parent_id":null,"source_ids":[],"source_timestamp":"2024-05-21T02:58:50Z","source_url":"https://www.openstreetmap.org/way/224990427","space_id":null,"spatial_signature":"2ccd1bb49264b576771a5094460d2ac2f213966c42b1dfa4d6b40b6586a3e3ad","storey_height_assumption_m":3.6,"style_hint":"service","tags":{"building":"yes","building:levels":"6","name":"连廊","name:zh":"连廊"},"underground":false},"type":"Feature"},{"geometry":{"coordinates":[[[118.9253931967078,32.1105167971897],[118.92539660126442,32.1102256975967],[118.92544180025683,32.11022429762541],[118.92543920392123,32.11045950057036],[118.92543920516283,32.11051760368329],[118.9253931967078,32.1105167971897]]],"type":"Polygon"},"id":"osm_way_224990428","properties":{"area_m2":138.662163,"asset_id":"osm_way_224990428","base_z":0.0,"center":[48.576,-512.48],"confidence":{"appearance":"requires_photo_evidence","footprint":"mapped_unverified","height":"inferred_photo_plan","levels":"inferred_photo_plan"},"geometry_role":"mapped_building_outline","height":10.8,"height_source":"Current three-storey circulation reconstruction: top 10.8 m, clearance 3.8 m; inferred visual dimensions, not surveyed.","id":"osm_way_224990428","is_part":false,"levels":3.0,"levels_source":"Three-storey current circulation reconstruction; photo-informed, not surveyed.","map_feature_id":"map-feature-3a2b2faa80692eb3ad14","min_height":3.8,"name":"连廊","osm_id":224990428,"osm_type":"way","osm_version":4,"parent_id":null,"source_ids":[],"source_timestamp":"2024-05-21T02:58:50Z","source_url":"https://www.openstreetmap.org/way/224990428","space_id":null,"spatial_signature":"0461a475fe24e3e6f985439d93fda22f22f750d421b39ed96d78adf53130b7d6","storey_height_assumption_m":3.6,"style_hint":"service","tags":{"building":"yes","building:levels":"6","name":"连廊","name:zh":"连廊"},"underground":false},"type":"Feature"},{"geometry":{"coordinates":[[[118.92538730378247,32.11263560342202],[118.9253873049395,32.1125761022787],[118.92546699703718,32.11257609878208],[118.92546699593186,32.112635599923394],[118.92538730378247,32.11263560342202]]],"type":"Polygon"},"id":"osm_way_224996787","properties":{"area_m2":49.625252,"asset_id":"osm_way_224996787","base_z":0.0,"center":[45.05,-264.724],"confidence":{"appearance":"requires_photo_evidence","footprint":"mapped_unverified","height":"inferred","levels":"inferred"},"geometry_role":"mapped_building_outline","height":4.0,"height_source":"inferred building typology","id":"osm_way_224996787","is_part":false,"levels":1.0,"levels_source":"inferred building typology","map_feature_id":"map-feature-9ef182affbe542fc6cc1","min_height":0.0,"name":"","osm_id":224996787,"osm_type":"way","osm_version":1,"parent_id":null,"source_ids":[],"source_timestamp":"2013-06-09T15:19:51Z","source_url":"https://www.openstreetmap.org/way/224996787","space_id":null,"spatial_signature":"116e0bb068ef36b721609974f6e4337282d510e568e69d77fdecf66b16141457","storey_height_assumption_m":3.4,"style_hint":"service","tags":{"building":"yes"},"underground":false},"type":"Feature"},{"geometry":{"coordinates":[[[118.92840749472299,32.11548289719767],[118.92840770447738,32.11538000055886],[118.92856080488883,32.11538030179394],[118.92856059530634,32.11548319842634],[118.92840749472299,32.11548289719767]]],"type":"Polygon"},"id":"osm_way_225092103","properties":{"area_m2":164.865376,"asset_id":"osm_way_225092103","base_z":0.0,"center":[327.91,53.732],"confidence":{"appearance":"requires_photo_evidence","footprint":"mapped_unverified","height":"inferred","levels":"inferred"},"geometry_role":"mapped_building_outline","height":4.0,"height_source":"inferred building typology","id":"osm_way_225092103","is_part":false,"levels":1.0,"levels_source":"inferred building typology","map_feature_id":"map-feature-d4fbb76885791353b928","min_height":0.0,"name":"热水房","osm_id":225092103,"osm_type":"way","osm_version":2,"parent_id":null,"source_ids":[],"source_timestamp":"2018-11-11T07:47:15Z","source_url":"https://www.openstreetmap.org/way/225092103","space_id":null,"spatial_signature":"9ba78526ce49db5b7abeb0fb4c355d9de1804cb07d1a023412961dc4bc4f739a","storey_height_assumption_m":3.4,"style_hint":"service","tags":{"building":"yes","name":"热水房","name:zh":"热水房"},"underground":false},"type":"Feature"},{"geometry":{"coordinates":[[[118.92230679881033,32.12119729571803],[118.92235149859194,32.12113139742937],[118.92241409623779,32.121161897413586],[118.92236940500375,32.12122769637997],[118.92230679881033,32.12119729571803]]],"type":"Polygon"},"id":"osm_way_225109136","properties":{"area_m2":57.379707,"asset_id":"osm_way_225109136","base_z":0.0,"center":[-261.296,680.693],"confidence":{"appearance":"requires_photo_evidence","footprint":"mapped_unverified","height":"inferred","levels":"inferred"},"geometry_role":"mapped_building_outline","height":4.0,"height_source":"inferred building typology","id":"osm_way_225109136","is_part":false,"levels":1.0,"levels_source":"inferred building typology","map_feature_id":"map-feature-c81534ff5dd5175b905c","min_height":0.0,"name":"门卫","osm_id":225109136,"osm_type":"way","osm_version":2,"parent_id":null,"source_ids":[],"source_timestamp":"2018-11-11T07:47:16Z","source_url":"https://www.openstreetmap.org/way/225109136","space_id":null,"spatial_signature":"55b73698de25df9955fed19156e71b5bcb2e68484191d1d814c69964e1baf05e","storey_height_assumption_m":3.4,"style_hint":"service","tags":{"building":"yes","name":"门卫","name:zh":"门卫"},"underground":false},"type":"Feature"},{"geometry":{"coordinates":[[[118.92819599516889,32.11814100038903],[118.9282567996569,32.11805249568058],[118.92835689619929,32.11810180419937],[118.92838480295167,32.118061098379236],[118.92874529735016,32.118238600641554],[118.92876009551703,32.11821709837346],[118.92884980493128,32.11826129743099],[118.92883349717471,32.118285095602985],[118.92919400178579,32.11846249716988],[118.92916630092135,32.11850290238247],[118.92926410498072,32.11855100041817],[118.92920630318281,32.118635103452434],[118.92912859771695,32.11859680079573],[118.92906859612998,32.118567301804184],[118.92909360454954,32.11853089716465],[118.92841359718129,32.11819610415569],[118.92838690282751,32.11823499664952],[118.92819599516889,32.11814100038903]]],"type":"Polygon"},"id":"osm_way_225198908","properties":{"area_m2":1349.630101,"asset_id":"osm_way_225198908","base_z":0.0,"center":[346.358,373.225],"confidence":{"appearance":"requires_photo_evidence","footprint":"mapped_unverified","height":"inferred","levels":"community_record"},"geometry_role":"mapped_building_outline","height":19.2,"height_source":"osm:building:levels × assumed storey","id":"osm_way_225198908","is_part":false,"levels":6.0,"levels_source":"osm:building:levels","map_feature_id":"map-feature-2913da507bdae0373302","min_height":0.0,"name":"22","osm_id":225198908,"osm_type":"way","osm_version":6,"parent_id":null,"source_ids":["gallery-02","map-2017"],"source_timestamp":"2025-10-17T16:28:53Z","source_url":"https://www.openstreetmap.org/way/225198908","space_id":null,"spatial_signature":"8b27a14f09c9b6f702341755b372a87136363866434958835375c81a3f756bbb","storey_height_assumption_m":3.1,"style_hint":"dormitory","tags":{"building":"residential","building:levels":"6","name":"22"},"underground":false},"type":"Feature"},{"geometry":{"coordinates":[[[118.9280531973283,32.11836120172185],[118.92810889668506,32.11828190248302],[118.92820599814094,32.11833089596181],[118.92822939775913,32.11829760063021],[118.92852800236446,32.11844799591428],[118.92849400253185,32.11849629874331],[118.92854569769776,32.118522397981664],[118.92851360380426,32.118568101246076],[118.9282305001248,32.11842559629438],[118.92821759733042,32.11844400303207],[118.92814739721518,32.11840979748957],[118.9280894988533,32.11837949933457],[118.9280531973283,32.11836120172185]]],"type":"Polygon"},"id":"osm_way_225198909","properties":{"area_m2":559.022579,"asset_id":"osm_way_225198909","base_z":0.0,"center":[305.355,383.888],"confidence":{"appearance":"requires_photo_evidence","footprint":"mapped_unverified","height":"inferred","levels":"community_record"},"geometry_role":"mapped_building_outline","height":19.2,"height_source":"osm:building:levels × assumed storey","id":"osm_way_225198909","is_part":false,"levels":6.0,"levels_source":"osm:building:levels","map_feature_id":"map-feature-073169672c193909634f","min_height":0.0,"name":"23","osm_id":225198909,"osm_type":"way","osm_version":6,"parent_id":null,"source_ids":["gallery-02","map-2017"],"source_timestamp":"2025-10-17T16:28:53Z","source_url":"https://www.openstreetmap.org/way/225198909","space_id":null,"spatial_signature":"0a9372df06866ce7d2483fcc83730ae43affe53ce4b93782c22d62ab56cef007","storey_height_assumption_m":3.1,"style_hint":"dormitory","tags":{"building":"residential","building:levels":"6","name":"23"},"underground":false},"type":"Feature"},{"geometry":{"coordinates":[[[118.92863389485761,32.11862769964878],[118.92866600363848,32.11858169848789],[118.92870590215952,32.11860169989517],[118.92874170416324,32.11855040216624],[118.92905369484583,32.11870679754346],[118.9290298991319,32.118740901784655],[118.9291056037796,32.118778802061264],[118.92904600180172,32.11886399675176],[118.92895509649482,32.118818400031174],[118.92892879886831,32.11885599681403],[118.92895739666713,32.118870298715926],[118.9289372006919,32.11889919800257],[118.92890830206187,32.118884702253716],[118.92888929957634,32.118911896716725],[118.92884070484834,32.118887599360406],[118.92890739657065,32.1187923032209],[118.9289217961964,32.1187715015019],[118.92863389485761,32.11862769964878]]],"type":"Polygon"},"id":"osm_way_225198910","properties":{"area_m2":641.18537,"asset_id":"osm_way_225198910","base_z":0.0,"center":[359.49,418.735],"confidence":{"appearance":"requires_photo_evidence","footprint":"mapped_unverified","height":"inferred","levels":"community_record"},"geometry_role":"mapped_building_outline","height":19.2,"height_source":"osm:building:levels × assumed storey","id":"osm_way_225198910","is_part":false,"levels":6.0,"levels_source":"osm:building:levels","map_feature_id":"map-feature-73bfc049757ea6140d90","min_height":0.0,"name":"24","osm_id":225198910,"osm_type":"way","osm_version":5,"parent_id":null,"source_ids":["gallery-02","map-2017"],"source_timestamp":"2025-10-17T16:28:53Z","source_url":"https://www.openstreetmap.org/way/225198910","space_id":null,"spatial_signature":"eeb65e3f7375e3204461d9d6b0dfa3590f0a0ca6487bdc4c31a4595c07aad4ff","storey_height_assumption_m":3.1,"style_hint":"dormitory","tags":{"building":"residential","building:levels":"6","name":"24"},"underground":false},"type":"Feature"},{"geometry":{"coordinates":[[[118.92789859571153,32.11857550360353],[118.92796020002784,32.118485697072124],[118.92800229833037,32.118507000073194],[118.92802949924058,32.1184690018814],[118.92798879968029,32.11844869677717],[118.92802319852575,32.11839919743824],[118.92806180180048,32.11841859644424],[118.9280894988533,32.11837949933457],[118.92814739721518,32.11840979748957],[118.92807890496702,32.11850870137642],[118.92838630424325,32.11866000024886],[118.92835299727687,32.11870849993288],[118.92839709875709,32.118730304424915],[118.92836349476876,32.11877929568475],[118.92809989547978,32.11864959851244],[118.92808710483371,32.11866830116978],[118.92789859571153,32.11857550360353]]],"type":"Polygon"},"id":"osm_way_225198911","properties":{"area_m2":730.371439,"asset_id":"osm_way_225198911","base_z":0.0,"center":[289.07,403.556],"confidence":{"appearance":"requires_photo_evidence","footprint":"mapped_unverified","height":"inferred","levels":"community_record"},"geometry_role":"mapped_building_outline","height":19.2,"height_source":"osm:building:levels × assumed storey","id":"osm_way_225198911","is_part":false,"levels":6.0,"levels_source":"osm:building:levels","map_feature_id":"map-feature-e523b3564ae41fe71144","min_height":0.0,"name":"25","osm_id":225198911,"osm_type":"way","osm_version":6,"parent_id":null,"source_ids":["gallery-02","map-2017"],"source_timestamp":"2025-10-17T16:28:53Z","source_url":"https://www.openstreetmap.org/way/225198911","space_id":null,"spatial_signature":"598fc6c06096bfcd6ff5be2886b4da0fd7476927056f7ed3aa308adbe09c674d","storey_height_assumption_m":3.1,"style_hint":"dormitory","tags":{"building":"residential","building:levels":"6","name":"25"},"underground":false},"type":"Feature"},{"geometry":{"coordinates":[[[118.92848199944466,32.11883810067469],[118.92851390290025,32.11879190425152],[118.92855049732616,32.1188095027677],[118.9285870026727,32.118760900185926],[118.92884070484834,32.118887599360406],[118.92888929957634,32.118911896716725],[118.92886779978002,32.11894280013074],[118.92895729820827,32.11898600115065],[118.928899302887,32.11906999876882],[118.92874030354731,32.11899110267775],[118.92875309618472,32.11897249914039],[118.92848199944466,32.11883810067469]]],"type":"Polygon"},"id":"osm_way_225198912","properties":{"area_m2":556.331963,"asset_id":"osm_way_225198912","base_z":0.0,"center":[344.419,439.592],"confidence":{"appearance":"requires_photo_evidence","footprint":"mapped_unverified","height":"inferred","levels":"community_record"},"geometry_role":"mapped_building_outline","height":19.2,"height_source":"osm:building:levels × assumed storey","id":"osm_way_225198912","is_part":false,"levels":6.0,"levels_source":"osm:building:levels","map_feature_id":"map-feature-763193705fa09f9307ad","min_height":0.0,"name":"26","osm_id":225198912,"osm_type":"way","osm_version":5,"parent_id":null,"source_ids":["gallery-02","map-2017"],"source_timestamp":"2025-10-17T16:28:53Z","source_url":"https://www.openstreetmap.org/way/225198912","space_id":null,"spatial_signature":"54657acac9a4075df49b25b22361fa41e695d59c4979df3376b58271b1238ecf","storey_height_assumption_m":3.1,"style_hint":"dormitory","tags":{"building":"residential","building:levels":"6","name":"26"},"underground":false},"type":"Feature"},{"geometry":{"coordinates":[[[118.92774369652264,32.11880189584607],[118.92780150235829,32.11871589931113],[118.92789809604149,32.11876240237383],[118.92792100205091,32.11872830286745],[118.92865169979879,32.11908059941177],[118.92862919466204,32.11911409765572],[118.92873239761921,32.11916389967037],[118.92867610204326,32.11924760070933],[118.92852750224583,32.119175896711624],[118.92854640116676,32.119147801937494],[118.92825900286387,32.11900930401863],[118.92819349890311,32.11897769671922],[118.92793050082447,32.118850903315476],[118.9279097022344,32.11888190412679],[118.92774369652264,32.11880189584607]]],"type":"Polygon"},"id":"osm_way_225198913","properties":{"area_m2":1184.687369,"asset_id":"osm_way_225198913","base_z":0.0,"center":[298.755,444.212],"confidence":{"appearance":"requires_photo_evidence","footprint":"mapped_unverified","height":"inferred","levels":"community_record"},"geometry_role":"mapped_building_outline","height":19.2,"height_source":"osm:building:levels × assumed storey","id":"osm_way_225198913","is_part":false,"levels":6.0,"levels_source":"osm:building:levels","map_feature_id":"map-feature-83ba64eba697c84d52e8","min_height":0.0,"name":"27","osm_id":225198913,"osm_type":"way","osm_version":6,"parent_id":null,"source_ids":["gallery-02","map-2017"],"source_timestamp":"2025-10-17T16:28:53Z","source_url":"https://www.openstreetmap.org/way/225198913","space_id":null,"spatial_signature":"fa1a958d41d0ebd22403a90f01883c530f904b835336242b062a09c02259222c","storey_height_assumption_m":3.1,"style_hint":"dormitory","tags":{"building":"residential","building:levels":"6","name":"27"},"underground":false},"type":"Feature"},{"geometry":{"coordinates":[[[118.92951829935848,32.11877559636197],[118.92957440345573,32.11869040066521],[118.92967120353568,32.11873609647941],[118.9296930956037,32.118702697599666],[118.93008930065665,32.11888979830466],[118.93006699534867,32.11892369961807],[118.93010519882226,32.11894169705262],[118.9301443032745,32.11896020386185],[118.93016860303842,32.11897170285365],[118.93011380330348,32.119054903663056],[118.92995069903495,32.118977902650855],[118.92996460254705,32.11895670250969],[118.92972000505112,32.1188412042204],[118.92970519820297,32.11886379807627],[118.92961270048784,32.118820102148895],[118.92951829935848,32.11877559636197]]],"type":"Polygon"},"id":"osm_way_225242507","properties":{"area_m2":796.391282,"asset_id":"osm_way_225242507","base_z":0.0,"center":[450.162,435.652],"confidence":{"appearance":"requires_photo_evidence","footprint":"mapped_unverified","height":"inferred","levels":"community_record"},"geometry_role":"mapped_building_outline","height":19.2,"height_source":"osm:building:levels × assumed storey","id":"osm_way_225242507","is_part":false,"levels":6.0,"levels_source":"osm:building:levels","map_feature_id":"map-feature-8c3d00b606ed7fc097bf","min_height":0.0,"name":"28","osm_id":225242507,"osm_type":"way","osm_version":5,"parent_id":null,"source_ids":["gallery-02","map-2017"],"source_timestamp":"2025-10-17T16:28:53Z","source_url":"https://www.openstreetmap.org/way/225242507","space_id":null,"spatial_signature":"f8db19570d8f89150e91137f549674e6cbfbf21c366ed467a07d1e78b9a6fcfb","storey_height_assumption_m":3.1,"style_hint":"dormitory","tags":{"building":"residential","building:levels":"6","name":"28"},"underground":false},"type":"Feature"},{"geometry":{"coordinates":[[[118.92936939626338,32.11900270182762],[118.9294267027298,32.11891419578274],[118.92952589817646,32.11896039635453],[118.92954390226663,32.11893260370023],[118.92985420165869,32.119076999947964],[118.9298302001332,32.11911390348617],[118.9298715023045,32.11913309842415],[118.9298328953974,32.11919260178361],[118.9295641011037,32.11906749665522],[118.92955130207909,32.11908729994893],[118.92948040355446,32.119054702254196],[118.9294059965423,32.1191660986709],[118.92938940468946,32.119191001609764],[118.92933760268235,32.119166401583044],[118.92936079679055,32.119129898275105],[118.9293121019849,32.11910639633944],[118.92934100138736,32.11906149920234],[118.92939069856142,32.11908579759494],[118.9294286014782,32.119031103418],[118.92936939626338,32.11900270182762]]],"type":"Polygon"},"id":"osm_way_225242509","properties":{"area_m2":711.430211,"asset_id":"osm_way_225242509","base_z":0.0,"center":[424.539,457.393],"confidence":{"appearance":"requires_photo_evidence","footprint":"mapped_unverified","height":"inferred","levels":"community_record"},"geometry_role":"mapped_building_outline","height":19.2,"height_source":"osm:building:levels × assumed storey","id":"osm_way_225242509","is_part":false,"levels":6.0,"levels_source":"osm:building:levels","map_feature_id":"map-feature-900f3abd9d14a26533b9","min_height":0.0,"name":"29","osm_id":225242509,"osm_type":"way","osm_version":5,"parent_id":null,"source_ids":["gallery-02","map-2017"],"source_timestamp":"2025-10-17T16:28:53Z","source_url":"https://www.openstreetmap.org/way/225242509","space_id":null,"spatial_signature":"d9f2fe0191fee7e8d040c355bbffbb2efbb069ea1e66a88ad5770e015632d38d","storey_height_assumption_m":3.1,"style_hint":"dormitory","tags":{"building":"residential","building:levels":"6","name":"29"},"underground":false},"type":"Feature"},{"geometry":{"coordinates":[[[118.9299243005158,32.11921810402062],[118.92998130060975,32.119134698370374],[118.93009200507595,32.119188903598534],[118.93006829633497,32.1192236019811],[118.9301588042241,32.11926789612293],[118.93012319997176,32.119320002966695],[118.93014530175006,32.11933079588545],[118.93009429714208,32.119405496655965],[118.93011699888807,32.119416596109666],[118.93009220255794,32.11945299770922],[118.93006850258595,32.119441300153085],[118.93003059769788,32.11949689648402],[118.9299841006176,32.11947410089727],[118.93000360527991,32.11944559982575],[118.93007929603164,32.119334796817995],[118.92995200458114,32.11927250154338],[118.92997289565366,32.11924189585557],[118.9299243005158,32.11921810402062]]],"type":"Polygon"},"id":"osm_way_225242511","properties":{"area_m2":367.175896,"asset_id":"osm_way_225242511","base_z":0.0,"center":[467.577,484.593],"confidence":{"appearance":"requires_photo_evidence","footprint":"mapped_unverified","height":"inferred","levels":"community_record"},"geometry_role":"mapped_building_outline","height":19.2,"height_source":"osm:building:levels × assumed storey","id":"osm_way_225242511","is_part":false,"levels":6.0,"levels_source":"osm:building:levels","map_feature_id":"map-feature-6185a3e7490705a2f5a2","min_height":0.0,"name":"30","osm_id":225242511,"osm_type":"way","osm_version":5,"parent_id":null,"source_ids":["gallery-02","map-2017"],"source_timestamp":"2025-10-17T16:28:53Z","source_url":"https://www.openstreetmap.org/way/225242511","space_id":null,"spatial_signature":"94f4d35a5d99fc996033d07f6e36f811e25ecf2e16c12fc8cb1c4e1b94fc5f74","storey_height_assumption_m":3.1,"style_hint":"dormitory","tags":{"building":"residential","building:levels":"6","name":"30"},"underground":false},"type":"Feature"},{"geometry":{"coordinates":[[[118.9292216012961,32.119226597369334],[118.92928030071973,32.119138800728],[118.92933760268235,32.119166401583044],[118.92938940468946,32.119191001609764],[118.9294059965423,32.1191660986709],[118.92970379538772,32.11930870154543],[118.92967470133826,32.11935240214831],[118.92970829721754,32.11936850371255],[118.92967359963879,32.11942039818647],[118.92941070191803,32.119294499339276],[118.92939929794954,32.11931160259065],[118.9292216012961,32.119226597369334]]],"type":"Polygon"},"id":"osm_way_225242513","properties":{"area_m2":565.673795,"asset_id":"osm_way_225242513","base_z":0.0,"center":[413.71,481.166],"confidence":{"appearance":"requires_photo_evidence","footprint":"mapped_unverified","height":"inferred","levels":"community_record"},"geometry_role":"mapped_building_outline","height":19.2,"height_source":"osm:building:levels × assumed storey","id":"osm_way_225242513","is_part":false,"levels":6.0,"levels_source":"osm:building:levels","map_feature_id":"map-feature-be5d94140a8d506d208f","min_height":0.0,"name":"31","osm_id":225242513,"osm_type":"way","osm_version":5,"parent_id":null,"source_ids":["gallery-02","map-2017"],"source_timestamp":"2025-10-17T16:28:53Z","source_url":"https://www.openstreetmap.org/way/225242513","space_id":null,"spatial_signature":"0ee5db606f622ecc864a75637547d1485563fad1fd2eec1336693c8b78e2365f","storey_height_assumption_m":3.1,"style_hint":"dormitory","tags":{"building":"residential","building:levels":"6","name":"31"},"underground":false},"type":"Feature"},{"geometry":{"coordinates":[[[118.92983900097826,32.11947609676447],[118.92989709954631,32.119392503033176],[118.93000360527991,32.11944559982575],[118.9299841006176,32.11947410089727],[118.93003059769788,32.11949689648402],[118.9300772982606,32.119520798336765],[118.9300200033988,32.11960329756434],[118.92986919828117,32.119528102225686],[118.92988830216785,32.11950069862927],[118.92983900097826,32.11947609676447]]],"type":"Polygon"},"id":"osm_way_225242515","properties":{"area_m2":256.726484,"asset_id":"osm_way_225242515","base_z":0.0,"center":[458.561,507.258],"confidence":{"appearance":"requires_photo_evidence","footprint":"mapped_unverified","height":"inferred","levels":"community_record"},"geometry_role":"mapped_building_outline","height":19.2,"height_source":"osm:building:levels × assumed storey","id":"osm_way_225242515","is_part":false,"levels":6.0,"levels_source":"osm:building:levels","map_feature_id":"map-feature-9b5c1d99de231c644a7c","min_height":0.0,"name":"32","osm_id":225242515,"osm_type":"way","osm_version":5,"parent_id":null,"source_ids":["gallery-02","map-2017"],"source_timestamp":"2025-10-17T16:28:53Z","source_url":"https://www.openstreetmap.org/way/225242515","space_id":null,"spatial_signature":"ed4dc793dba815e90d2a67169c1a20bba74199823f6bcbf80d2c3d75f6b7d9a5","storey_height_assumption_m":3.1,"style_hint":"dormitory","tags":{"building":"residential","building:levels":"6","name":"32"},"underground":false},"type":"Feature"},{"geometry":{"coordinates":[[[118.92914670095114,32.11948429590141],[118.92920629944578,32.11939640441472],[118.92929959645448,32.1194418021306],[118.92932249775222,32.11940800009398],[118.92986799873663,32.11967350426487],[118.92984579715011,32.119706303593425],[118.92993800328685,32.11975120334737],[118.92987790077082,32.119839797342244],[118.92972590182447,32.11976580158539],[118.92973959538014,32.119745696015904],[118.92955260195747,32.1196546006199],[118.92949999646125,32.11962910195734],[118.92933289881624,32.119547696435255],[118.92931899956292,32.119568102738285],[118.92914670095114,32.11948429590141]]],"type":"Polygon"},"id":"osm_way_225242517","properties":{"area_m2":1035.781127,"asset_id":"osm_way_225242517","base_z":0.0,"center":[420.593,517.582],"confidence":{"appearance":"requires_photo_evidence","footprint":"mapped_unverified","height":"inferred","levels":"community_record"},"geometry_role":"mapped_building_outline","height":19.2,"height_source":"osm:building:levels × assumed storey","id":"osm_way_225242517","is_part":false,"levels":6.0,"levels_source":"osm:building:levels","map_feature_id":"map-feature-5459f62ca1f478046a06","min_height":0.0,"name":"33","osm_id":225242517,"osm_type":"way","osm_version":5,"parent_id":null,"source_ids":["gallery-02","map-2017"],"source_timestamp":"2025-10-17T16:28:53Z","source_url":"https://www.openstreetmap.org/way/225242517","space_id":null,"spatial_signature":"e7e29eb0b61db5507d6fcfe38bcd5fdd92174f3a01b34e9fc80f998a302b3750","storey_height_assumption_m":3.1,"style_hint":"dormitory","tags":{"building":"residential","building:levels":"6","name":"33"},"underground":false},"type":"Feature"},{"geometry":{"coordinates":[[[118.92887800164384,32.11974349569466],[118.9289417979402,32.119651598876175],[118.92904870196038,32.11970550215403],[118.92906899602079,32.11967269595252],[118.92937310111614,32.1198213005762],[118.92942780060628,32.11984859830869],[118.92974779603887,32.12000839637987],[118.92972320142361,32.12004130432723],[118.9298270006376,32.12009669736152],[118.92976110348489,32.12018140209593],[118.92961279632325,32.12010709738963],[118.92963740230518,32.12007069878063],[118.92905480351602,32.119779900424746],[118.92903030331644,32.11981629731331],[118.92887800164384,32.11974349569466]]],"type":"Polygon"},"id":"osm_way_225250615","properties":{"area_m2":1136.95152,"asset_id":"osm_way_225250615","base_z":0.0,"center":[402.634,549.908],"confidence":{"appearance":"requires_photo_evidence","footprint":"mapped_unverified","height":"inferred","levels":"community_record"},"geometry_role":"mapped_building_outline","height":19.2,"height_source":"osm:building:levels × assumed storey","id":"osm_way_225250615","is_part":false,"levels":6.0,"levels_source":"osm:building:levels","map_feature_id":"map-feature-38ba7b1da361b1f7c3fd","min_height":0.0,"name":"34","osm_id":225250615,"osm_type":"way","osm_version":5,"parent_id":null,"source_ids":["gallery-02","map-2017"],"source_timestamp":"2025-10-17T16:28:53Z","source_url":"https://www.openstreetmap.org/way/225250615","space_id":null,"spatial_signature":"f07022e1443452a5e349c99cc4d846ba86e830619cf9df443afd76eb461391fe","storey_height_assumption_m":3.1,"style_hint":"dormitory","tags":{"building":"residential","building:levels":"6","name":"34"},"underground":false},"type":"Feature"},{"geometry":{"coordinates":[[[118.9292116993371,32.12023920343897],[118.92923939873599,32.12019820295609],[118.92927150057987,32.12021380427549],[118.92930349935874,32.12016659603397],[118.92960449937202,32.12031259566767],[118.92957889693115,32.12035049766284],[118.92967040223068,32.120394803979764],[118.92961269895982,32.120480096255726],[118.92957659738853,32.12046430345816],[118.9295369047531,32.12052109942589],[118.92956709907985,32.12053619759967],[118.92953460382289,32.120585496955634],[118.92950410011247,32.12056979919077],[118.92946939576669,32.12062190116278],[118.9294233050096,32.120599297616465],[118.92944960510187,32.12056079875509],[118.92953150086453,32.12044109853172],[118.92946119711166,32.12040659771557],[118.9294847983346,32.120371801865545],[118.9292116993371,32.12023920343897]]],"type":"Polygon"},"id":"osm_way_225250617","properties":{"area_m2":647.013836,"asset_id":"osm_way_225250617","base_z":0.0,"center":[410.854,601.468],"confidence":{"appearance":"requires_photo_evidence","footprint":"mapped_unverified","height":"inferred","levels":"community_record"},"geometry_role":"mapped_building_outline","height":19.2,"height_source":"osm:building:levels × assumed storey","id":"osm_way_225250617","is_part":false,"levels":6.0,"levels_source":"osm:building:levels","map_feature_id":"map-feature-76209cf263df01940795","min_height":0.0,"name":"36","osm_id":225250617,"osm_type":"way","osm_version":5,"parent_id":null,"source_ids":["gallery-02","map-2017"],"source_timestamp":"2025-10-17T16:28:53Z","source_url":"https://www.openstreetmap.org/way/225250617","space_id":null,"spatial_signature":"dd41192ffdd4c4adc59e80a6e486e82ed1c3e893d344bcd561443c1d032a37d5","storey_height_assumption_m":3.1,"style_hint":"dormitory","tags":{"building":"residential","building:levels":"6","name":"36"},"underground":false},"type":"Feature"},{"geometry":{"coordinates":[[[118.92849780234233,32.12026189781555],[118.92855199752456,32.12018260326326],[118.92860179481863,32.12020660278694],[118.92865469710881,32.1202326023836],[118.92868380012779,32.12019029987385],[118.9289839956814,32.120337395592344],[118.92895440507823,32.12038069773319],[118.92898430485964,32.12039540368484],[118.92895699742881,32.12043539698751],[118.92870020234785,32.12030950293725],[118.928673798137,32.12034810244974],[118.92853599971079,32.12028059932165],[118.92849780234233,32.12026189781555]]],"type":"Polygon"},"id":"osm_way_225250618","properties":{"area_m2":519.630952,"asset_id":"osm_way_225250618","base_z":0.0,"center":[343.168,593.552],"confidence":{"appearance":"requires_photo_evidence","footprint":"mapped_unverified","height":"inferred","levels":"community_record"},"geometry_role":"mapped_building_outline","height":19.2,"height_source":"osm:building:levels × assumed storey","id":"osm_way_225250618","is_part":false,"levels":6.0,"levels_source":"osm:building:levels","map_feature_id":"map-feature-0b768134a517391381a0","min_height":0.0,"name":"37","osm_id":225250618,"osm_type":"way","osm_version":5,"parent_id":null,"source_ids":["gallery-02","map-2017"],"source_timestamp":"2020-08-19T10:14:08Z","source_url":"https://www.openstreetmap.org/way/225250618","space_id":null,"spatial_signature":"0af32a9b5cd5f2d366564f21f021271ea47b874794d093996c9cd7acedffb74d","storey_height_assumption_m":3.1,"style_hint":"dormitory","tags":{"building":"residential","building:levels":"6","name":"37"},"underground":false},"type":"Feature"},{"geometry":{"coordinates":[[[118.92903670206148,32.12048200316555],[118.92906630116263,32.12043860166325],[118.9290991002705,32.120454598271046],[118.9291327021445,32.12040549862135],[118.92944960510187,32.12056079875509],[118.9294233050096,32.120599297616465],[118.92946939576669,32.12062190116278],[118.9295086002086,32.12064110112014],[118.92944580224767,32.12073310024873],[118.929278105061,32.12065100033892],[118.92930409781995,32.120613002257905],[118.92903670206148,32.12048200316555]]],"type":"Polygon"},"id":"osm_way_225250619","properties":{"area_m2":582.843619,"asset_id":"osm_way_225250619","base_z":0.0,"center":[393.891,623.943],"confidence":{"appearance":"requires_photo_evidence","footprint":"mapped_unverified","height":"inferred","levels":"community_record"},"geometry_role":"mapped_building_outline","height":19.2,"height_source":"osm:building:levels × assumed storey","id":"osm_way_225250619","is_part":false,"levels":6.0,"levels_source":"osm:building:levels","map_feature_id":"map-feature-0833994c96754d9bb194","min_height":0.0,"name":"38","osm_id":225250619,"osm_type":"way","osm_version":5,"parent_id":null,"source_ids":["gallery-02","map-2017"],"source_timestamp":"2025-10-17T16:28:53Z","source_url":"https://www.openstreetmap.org/way/225250619","space_id":null,"spatial_signature":"ee7b22730639a41a63dd87de98c9f3ff5cb59587b885d4ef3ef193588c6cf60e","storey_height_assumption_m":3.1,"style_hint":"dormitory","tags":{"building":"residential","building:levels":"6","name":"38"},"underground":false},"type":"Feature"},{"geometry":{"coordinates":[[[118.9283731987356,32.12053950138949],[118.92843339594668,32.12045229561921],[118.92853279562607,32.120501596496396],[118.92855280343723,32.120472799349926],[118.92923050121406,32.12080879881801],[118.92921020110236,32.120838304035665],[118.92930220023996,32.120883901875736],[118.9292429998242,32.12096959562764],[118.92907970272789,32.12088860091908],[118.92909700291153,32.120863597027956],[118.92884699957831,32.12073970132493],[118.92879359894816,32.12071320432611],[118.92856039961534,32.12059760236185],[118.92854259668086,32.120623398531066],[118.9283731987356,32.12053950138949]]],"type":"Polygon"},"id":"osm_way_225250620","properties":{"area_m2":1141.280101,"asset_id":"osm_way_225250620","base_z":0.0,"center":[352.055,637.571],"confidence":{"appearance":"requires_photo_evidence","footprint":"mapped_unverified","height":"inferred","levels":"community_record"},"geometry_role":"mapped_building_outline","height":19.2,"height_source":"osm:building:levels × assumed storey","id":"osm_way_225250620","is_part":false,"levels":6.0,"levels_source":"osm:building:levels","map_feature_id":"map-feature-1aa6fc96744f322f0d4d","min_height":0.0,"name":"39","osm_id":225250620,"osm_type":"way","osm_version":5,"parent_id":null,"source_ids":["gallery-02","map-2017"],"source_timestamp":"2025-10-17T16:28:53Z","source_url":"https://www.openstreetmap.org/way/225250620","space_id":null,"spatial_signature":"a48ab653bb31dfbbb7884abbbd92262e9fc00156f0be1aa6543fae7d9e296ef4","storey_height_assumption_m":3.1,"style_hint":"dormitory","tags":{"building":"residential","building:levels":"6","name":"39"},"underground":false},"type":"Feature"},{"geometry":{"coordinates":[[[118.9285920982893,32.120121003049185],[118.92862489696384,32.12007099578746],[118.92867420056298,32.12009420007938],[118.92871140493214,32.120037496402645],[118.92866230284687,32.12001429807346],[118.92874369761678,32.119890402929634],[118.92884309705846,32.11993719618632],[118.92914170505517,32.12008140247395],[118.92910790376268,32.12013159651251],[118.92913779930902,32.12014610406736],[118.92911200356981,32.12018439675274],[118.92885820356969,32.120061803558926],[118.92883389826184,32.12009789980132],[118.92876760076669,32.12006589904637],[118.92868380012779,32.12019029987385],[118.92865469710881,32.1202326023836],[118.92860179481863,32.12020660278694],[118.92864320314224,32.120146200254034],[118.9285920982893,32.120121003049185]]],"type":"Polygon"},"id":"osm_way_225251648","properties":{"area_m2":749.535656,"asset_id":"osm_way_225251648","base_z":0.0,"center":[353.128,566.952],"confidence":{"appearance":"requires_photo_evidence","footprint":"mapped_unverified","height":"inferred","levels":"community_record"},"geometry_role":"mapped_building_outline","height":19.2,"height_source":"osm:building:levels × assumed storey","id":"osm_way_225251648","is_part":false,"levels":6.0,"levels_source":"osm:building:levels","map_feature_id":"map-feature-50b990da685e9d55de5a","min_height":0.0,"name":"35","osm_id":225251648,"osm_type":"way","osm_version":5,"parent_id":null,"source_ids":["gallery-02","map-2017"],"source_timestamp":"2025-10-17T16:28:53Z","source_url":"https://www.openstreetmap.org/way/225251648","space_id":null,"spatial_signature":"720495697114e795bc77cd334bdca061b93a741f4d43346f6734e1e524355e38","storey_height_assumption_m":3.1,"style_hint":"dormitory","tags":{"building":"residential","building:levels":"6","name":"35"},"underground":false},"type":"Feature"},{"geometry":{"coordinates":[[[118.92688350427852,32.12011090215629],[118.92694920068811,32.12001450374239],[118.9273769977878,32.12022369851626],[118.92747400387098,32.120271097521865],[118.92796519929873,32.120511397804606],[118.92790039848695,32.12060650232618],[118.92783690500428,32.12057529718218],[118.92781230041545,32.1206112985831],[118.9277419992104,32.120576895974146],[118.92776660192298,32.12054080442083],[118.9270966994339,32.12021330079103],[118.9270724020571,32.120248801309586],[118.9269835984609,32.12020539898529],[118.92700689526544,32.120171203491395],[118.92688350427852,32.12011090215629]]],"type":"Polygon"},"id":"osm_way_225253706","properties":{"area_m2":1428.34865,"asset_id":"osm_way_225253706","base_z":0.0,"center":[217.923,593.212],"confidence":{"appearance":"requires_photo_evidence","footprint":"mapped_unverified","height":"inferred","levels":"community_record"},"geometry_role":"mapped_building_outline","height":19.2,"height_source":"osm:building:levels × assumed storey","id":"osm_way_225253706","is_part":false,"levels":6.0,"levels_source":"osm:building:levels","map_feature_id":"map-feature-9fcf160428253c42f899","min_height":0.0,"name":"46","osm_id":225253706,"osm_type":"way","osm_version":4,"parent_id":null,"source_ids":["gallery-02","map-2017"],"source_timestamp":"2025-10-17T16:28:53Z","source_url":"https://www.openstreetmap.org/way/225253706","space_id":null,"spatial_signature":"ae417ff237d6c9641f55ca569ca0a5976fc44882bacb913ea7a92506dd002b1f","storey_height_assumption_m":3.1,"style_hint":"dormitory","tags":{"building":"residential","building:levels":"6","name":"46"},"underground":false},"type":"Feature"},{"geometry":{"coordinates":[[[118.92678650190155,32.12024720093245],[118.92681430501584,32.120261001304776],[118.92684780196127,32.12021239989869],[118.92692950513336,32.120252798718035],[118.92689840196019,32.12029780103716],[118.92774109871824,32.120714500730166],[118.92781230041545,32.1206112985831],[118.92783690500428,32.12057529718218],[118.92790039848695,32.12060650232618],[118.92795190190108,32.12063200039602],[118.92792079912475,32.12067700294946],[118.92788340356634,32.12073120192333],[118.92785480038778,32.120772603724106],[118.92781320320371,32.120751996585646],[118.92775270420945,32.12083950431211],[118.92672819637762,32.12033169839497],[118.92678650190155,32.12024720093245]]],"type":"Polygon"},"id":"osm_way_225253707","properties":{"area_m2":1548.215029,"asset_id":"osm_way_225253707","base_z":0.0,"center":[210.025,619.474],"confidence":{"appearance":"requires_photo_evidence","footprint":"mapped_unverified","height":"inferred","levels":"community_record"},"geometry_role":"mapped_building_outline","height":19.2,"height_source":"osm:building:levels × assumed storey","id":"osm_way_225253707","is_part":false,"levels":6.0,"levels_source":"osm:building:levels","map_feature_id":"map-feature-67c4bd78a41514498e0f","min_height":0.0,"name":"47","osm_id":225253707,"osm_type":"way","osm_version":4,"parent_id":null,"source_ids":["gallery-02","map-2017"],"source_timestamp":"2025-10-17T16:28:53Z","source_url":"https://www.openstreetmap.org/way/225253707","space_id":null,"spatial_signature":"5e7786501131f910193e8669555964cbb7ead4a9d492754ef776c9c05712bf84","storey_height_assumption_m":3.1,"style_hint":"dormitory","tags":{"building":"residential","building:levels":"6","name":"47"},"underground":false},"type":"Feature"},{"geometry":{"coordinates":[[[118.92646709642686,32.12054899967066],[118.92652660248065,32.12046159783862],[118.92701529983309,32.120701101057406],[118.92710570191191,32.120745398987204],[118.9276117947655,32.12099350104438],[118.9275546003259,32.12107739569014],[118.92748919512235,32.12104500187175],[118.92746350264291,32.12108220131747],[118.9273767985431,32.12103990377186],[118.92739970302198,32.121006201230045],[118.92666309821969,32.120647196092804],[118.92664259790111,32.1206772992459],[118.92656529862644,32.12063970139061],[118.92658719628596,32.12060750251653],[118.92646709642686,32.12054899967066]]],"type":"Polygon"},"id":"osm_way_225253711","properties":{"area_m2":1403.980413,"asset_id":"osm_way_225253711","base_z":0.0,"center":[180.918,643.766],"confidence":{"appearance":"requires_photo_evidence","footprint":"mapped_unverified","height":"inferred","levels":"community_record"},"geometry_role":"mapped_building_outline","height":19.2,"height_source":"osm:building:levels × assumed storey","id":"osm_way_225253711","is_part":false,"levels":6.0,"levels_source":"osm:building:levels","map_feature_id":"map-feature-6cc07b4fb3e8d068cb3f","min_height":0.0,"name":"48","osm_id":225253711,"osm_type":"way","osm_version":4,"parent_id":null,"source_ids":["gallery-02","map-2017"],"source_timestamp":"2025-10-17T16:28:53Z","source_url":"https://www.openstreetmap.org/way/225253711","space_id":null,"spatial_signature":"9ca3d283a9f3bc8cada7e4f7ad851b0f1a18b5c7e0132cf5ebab25e3952287e3","storey_height_assumption_m":3.1,"style_hint":"dormitory","tags":{"building":"residential","building:levels":"6","name":"48"},"underground":false},"type":"Feature"},{"geometry":{"coordinates":[[[118.92631430321295,32.1207795973302],[118.92637630093833,32.120688198123666],[118.92739470197402,32.121183698127254],[118.92746350264291,32.12108220131747],[118.92748919512235,32.12104500187175],[118.9275546003259,32.12107739569014],[118.92759980071725,32.12109949937481],[118.92756359630246,32.12115239936366],[118.92752909866272,32.121202802033714],[118.92749650266188,32.12125039775903],[118.92745800424396,32.12123150210337],[118.9274019037528,32.12131350398886],[118.92631430321295,32.1207795973302]]],"type":"Polygon"},"id":"osm_way_225253712","properties":{"area_m2":1634.698962,"asset_id":"osm_way_225253712","base_z":0.0,"center":[174.399,670.887],"confidence":{"appearance":"requires_photo_evidence","footprint":"mapped_unverified","height":"inferred","levels":"community_record"},"geometry_role":"mapped_building_outline","height":19.2,"height_source":"osm:building:levels × assumed storey","id":"osm_way_225253712","is_part":false,"levels":6.0,"levels_source":"osm:building:levels","map_feature_id":"map-feature-dae2873a7b6f2a251c65","min_height":0.0,"name":"49","osm_id":225253712,"osm_type":"way","osm_version":4,"parent_id":null,"source_ids":["gallery-02","map-2017"],"source_timestamp":"2025-10-17T16:28:53Z","source_url":"https://www.openstreetmap.org/way/225253712","space_id":null,"spatial_signature":"fb204225681b25c9d980e178eedd6ec4675990045ce18d0670ea5ea8e37f11f6","storey_height_assumption_m":3.1,"style_hint":"dormitory","tags":{"building":"residential","building:levels":"6","name":"49"},"underground":false},"type":"Feature"},{"geometry":{"coordinates":[[[118.92778050163206,32.12151119801987],[118.92779629967147,32.12148580228381],[118.92783499972049,32.12142810197386],[118.92794490291047,32.12147839779274],[118.92796769926466,32.12144510267258],[118.92860710525768,32.12175869812291],[118.9285859969527,32.121789604548766],[118.92869489574751,32.12184299963285],[118.92863540364338,32.12192999635537],[118.9284721984192,32.121849901441045],[118.92849469764938,32.12181709780472],[118.92824559931027,32.12169500008235],[118.92818750135014,32.12166640072454],[118.92796950127884,32.12155950440991],[118.92794680025415,32.121592798078446],[118.92778050163206,32.12151119801987]]],"type":"Polygon"},"id":"osm_way_225255192","properties":{"area_m2":1070.488689,"asset_id":"osm_way_225255192","base_z":0.0,"center":[293.716,743.464],"confidence":{"appearance":"requires_photo_evidence","footprint":"mapped_unverified","height":"inferred","levels":"community_record"},"geometry_role":"mapped_building_outline","height":19.2,"height_source":"osm:building:levels × assumed storey","id":"osm_way_225255192","is_part":false,"levels":6.0,"levels_source":"osm:building:levels","map_feature_id":"map-feature-489308455cc213e4528d","min_height":0.0,"name":"45","osm_id":225255192,"osm_type":"way","osm_version":4,"parent_id":null,"source_ids":["gallery-02","map-2017"],"source_timestamp":"2025-10-17T16:28:53Z","source_url":"https://www.openstreetmap.org/way/225255192","space_id":null,"spatial_signature":"fce978e2394c6c4bd47b122c69d7fee36ba8355ad7f30eb430621ac8433932b2","storey_height_assumption_m":3.1,"style_hint":"dormitory","tags":{"building":"residential","building:levels":"6","name":"45"},"underground":false},"type":"Feature"},{"geometry":{"coordinates":[[[118.92789929976503,32.121250197951596],[118.92795469822079,32.12116809831654],[118.92804950334518,32.12121509743713],[118.92807340405498,32.12118039648846],[118.92835259548991,32.12131839732739],[118.92832460077247,32.12135899625283],[118.92835840060616,32.121375699352356],[118.92833549637743,32.12140889696956],[118.92808709482229,32.12128610280648],[118.92805789774118,32.121328496813916],[118.92794239566534,32.12127150377864],[118.92789929976503,32.121250197951596]]],"type":"Polygon"},"id":"osm_way_225255194","properties":{"area_m2":451.317308,"asset_id":"osm_way_225255194","base_z":0.0,"center":[282.788,701.249],"confidence":{"appearance":"requires_photo_evidence","footprint":"mapped_unverified","height":"inferred","levels":"community_record"},"geometry_role":"mapped_building_outline","height":19.2,"height_source":"osm:building:levels × assumed storey","id":"osm_way_225255194","is_part":false,"levels":6.0,"levels_source":"osm:building:levels","map_feature_id":"map-feature-1ddb9f8077ebdf12a00b","min_height":0.0,"name":"43","osm_id":225255194,"osm_type":"way","osm_version":4,"parent_id":null,"source_ids":["gallery-02","map-2017"],"source_timestamp":"2025-10-17T16:28:53Z","source_url":"https://www.openstreetmap.org/way/225255194","space_id":null,"spatial_signature":"01795be1d5ebbcbc60821ea5e3c9ef3f238dff825ee4b46ae6aa691924aa54f9","storey_height_assumption_m":3.1,"style_hint":"dormitory","tags":{"building":"residential","building:levels":"6","name":"43"},"underground":false},"type":"Feature"},{"geometry":{"coordinates":[[[118.92805310023569,32.12102229796467],[118.92811039982102,32.12093989872382],[118.92816010191247,32.12096439592947],[118.92819489562207,32.12098149883015],[118.92822120051768,32.120943198565385],[118.92851190254187,32.12108630006686],[118.92848259562618,32.121129002500666],[118.92851279642018,32.121143902398934],[118.92848580241034,32.12118319633623],[118.92823989573913,32.12106209617312],[118.92821309895254,32.121101197642815],[118.92814960282085,32.121071399736095],[118.92807340405498,32.12118039648846],[118.92804950334518,32.12121509743713],[118.92795469822079,32.12116809831654],[118.92805310023569,32.12102229796467]]],"type":"Polygon"},"id":"osm_way_225255196","properties":{"area_m2":685.407896,"asset_id":"osm_way_225255196","base_z":0.0,"center":[291.853,678.303],"confidence":{"appearance":"requires_photo_evidence","footprint":"mapped_unverified","height":"inferred","levels":"community_record"},"geometry_role":"mapped_building_outline","height":19.2,"height_source":"osm:building:levels × assumed storey","id":"osm_way_225255196","is_part":false,"levels":6.0,"levels_source":"osm:building:levels","map_feature_id":"map-feature-ee8b6c4f5450291f62cc","min_height":0.0,"name":"41","osm_id":225255196,"osm_type":"way","osm_version":4,"parent_id":null,"source_ids":["gallery-02","map-2017"],"source_timestamp":"2025-10-17T16:28:53Z","source_url":"https://www.openstreetmap.org/way/225255196","space_id":null,"spatial_signature":"981e2eb33cd6dc67fdecb4cce8c626596de62067e326928d3dcf4dab349a6c71","storey_height_assumption_m":3.1,"style_hint":"dormitory","tags":{"building":"residential","building:levels":"6","name":"41"},"underground":false},"type":"Feature"},{"geometry":{"coordinates":[[[118.92825460187076,32.12082709703417],[118.92831239752147,32.12074310273424],[118.92841169568844,32.12079260367215],[118.92843809771902,32.12075489716545],[118.92872670495896,32.12089969868799],[118.92880139607766,32.120937199647805],[118.9290943959881,32.12108419723183],[118.92907390278923,32.12111359713894],[118.92916140448355,32.1211574958165],[118.92910080491728,32.12124420296519],[118.9289424988841,32.12116470139823],[118.92896409657727,32.12113389569094],[118.92844200255261,32.12087199973516],[118.92841770134997,32.120906797045606],[118.92825460187076,32.12082709703417]]],"type":"Polygon"},"id":"osm_way_225255198","properties":{"area_m2":1076.545129,"asset_id":"osm_way_225255198","base_z":0.0,"center":[339.652,668.25],"confidence":{"appearance":"requires_photo_evidence","footprint":"mapped_unverified","height":"inferred","levels":"community_record"},"geometry_role":"mapped_building_outline","height":19.2,"height_source":"osm:building:levels × assumed storey","id":"osm_way_225255198","is_part":false,"levels":6.0,"levels_source":"osm:building:levels","map_feature_id":"map-feature-bf643b1cafb3facd4d3c","min_height":0.0,"name":"40","osm_id":225255198,"osm_type":"way","osm_version":4,"parent_id":null,"source_ids":["gallery-02","map-2017"],"source_timestamp":"2025-10-17T16:28:53Z","source_url":"https://www.openstreetmap.org/way/225255198","space_id":null,"spatial_signature":"bb94e3ef71b8e5dc987d166308b5045a8bb3dcdff069343a640722d048e90912","storey_height_assumption_m":3.1,"style_hint":"dormitory","tags":{"building":"residential","building:levels":"6","name":"40"},"underground":false},"type":"Feature"},{"geometry":{"coordinates":[[[118.9284303988653,32.12146050322431],[118.92845400458842,32.121426898048966],[118.92849010404333,32.12144509937357],[118.92851490138908,32.121409699209046],[118.92879340069287,32.12155000051175],[118.92877240272273,32.1215795974723],[118.92882180019471,32.12160470334516],[118.92887139896847,32.121629301043775],[118.92881769559789,32.121705801240566],[118.92879480267526,32.12169419939352],[118.92865929795202,32.12162600309288],[118.92868529941546,32.121588897919985],[118.9284303988653,32.12146050322431]]],"type":"Polygon"},"id":"osm_way_225255200","properties":{"area_m2":427.272925,"asset_id":"osm_way_225255200","base_z":0.0,"center":[333.266,732.612],"confidence":{"appearance":"requires_photo_evidence","footprint":"mapped_unverified","height":"inferred","levels":"community_record"},"geometry_role":"mapped_building_outline","height":19.2,"height_source":"osm:building:levels × assumed storey","id":"osm_way_225255200","is_part":false,"levels":6.0,"levels_source":"osm:building:levels","map_feature_id":"map-feature-c38ef97bbdedecd154d1","min_height":0.0,"name":"44","osm_id":225255200,"osm_type":"way","osm_version":4,"parent_id":null,"source_ids":["gallery-02","map-2017"],"source_timestamp":"2025-10-17T16:28:53Z","source_url":"https://www.openstreetmap.org/way/225255200","space_id":null,"spatial_signature":"bc74128f4ed36cc4aa155a34a329b861cd7cdf75829fcde73c60bf3a2f2f3cc3","storey_height_assumption_m":3.1,"style_hint":"dormitory","tags":{"building":"residential","building:levels":"6","name":"44"},"underground":false},"type":"Feature"},{"geometry":{"coordinates":[[[118.92859129837535,32.12123810452186],[118.9286170006969,32.121201896841896],[118.92864449919568,32.12121580065146],[118.92867450137109,32.12117340326676],[118.92896150126263,32.121319302006036],[118.92893870126369,32.121351397771754],[118.9290084013471,32.12138690019585],[118.92903890108421,32.121402399707826],[118.92898079873756,32.12148439669304],[118.92892300185628,32.121454999378784],[118.92888090444292,32.12151440233008],[118.92892610294349,32.12153739847619],[118.92889459773517,32.121581902305905],[118.92885290267662,32.12156070173707],[118.92882180019471,32.12160470334516],[118.92877240272273,32.1215795974723],[118.92879340069287,32.12155000051175],[118.92887610525459,32.121433400057406],[118.92883139855093,32.12141060384338],[118.92885769673532,32.12137350313467],[118.92859129837535,32.12123810452186]]],"type":"Polygon"},"id":"osm_way_225255202","properties":{"area_m2":604.930805,"asset_id":"osm_way_225255202","base_z":0.0,"center":[349.344,712.201],"confidence":{"appearance":"requires_photo_evidence","footprint":"mapped_unverified","height":"inferred","levels":"community_record"},"geometry_role":"mapped_building_outline","height":19.2,"height_source":"osm:building:levels × assumed storey","id":"osm_way_225255202","is_part":false,"levels":6.0,"levels_source":"osm:building:levels","map_feature_id":"map-feature-4646618b23559145644b","min_height":0.0,"name":"42","osm_id":225255202,"osm_type":"way","osm_version":4,"parent_id":null,"source_ids":["gallery-02","map-2017"],"source_timestamp":"2025-10-17T16:28:53Z","source_url":"https://www.openstreetmap.org/way/225255202","space_id":null,"spatial_signature":"301086b4a7634043cd9061cd2b400867a7fdcc0f91aea797c6a79a216969bb2c","storey_height_assumption_m":3.1,"style_hint":"dormitory","tags":{"building":"residential","building:levels":"6","name":"42"},"underground":false},"type":"Feature"},{"geometry":{"coordinates":[[[118.92006199620461,32.118981301457715],[118.92012550034035,32.11888769962387],[118.92066029748099,32.11914800398211],[118.9205966981977,32.11924159849688],[118.92038489657259,32.11913850008294],[118.92006199620461,32.118981301457715]]],"type":"Polygon"},"id":"osm_way_225265324","properties":{"area_m2":696.914582,"asset_id":"osm_way_225265324","base_z":0.0,"center":[-445.758,442.844],"confidence":{"appearance":"requires_photo_evidence","footprint":"mapped_unverified","height":"inferred","levels":"inferred"},"geometry_role":"mapped_building_outline","height":19.2,"height_source":"inferred building typology","id":"osm_way_225265324","is_part":false,"levels":6.0,"levels_source":"inferred building typology","map_feature_id":"map-feature-cb4ddd16a9c335e3f1c8","min_height":0.0,"name":"","osm_id":225265324,"osm_type":"way","osm_version":6,"parent_id":null,"source_ids":["gallery-02","map-2017"],"source_timestamp":"2023-12-26T17:45:18Z","source_url":"https://www.openstreetmap.org/way/225265324","space_id":null,"spatial_signature":"c72db621e932105f26477f37b36b31d53c15908fb14c7e2d4b12aa0661122d96","storey_height_assumption_m":3.1,"style_hint":"dormitory","tags":{"addr:housenumber":"7","building":"apartments"},"underground":false},"type":"Feature"},{"geometry":{"coordinates":[[[118.92025310102886,32.118704004454834],[118.92031969634067,32.11860570161067],[118.92084219788495,32.118859400144686],[118.9207756050565,32.11895780242775],[118.92025310102886,32.118704004454834]]],"type":"Polygon"},"id":"osm_way_225265327","properties":{"area_m2":714.616975,"asset_id":"osm_way_225265327","base_z":0.0,"center":[-427.598,411.79],"confidence":{"appearance":"requires_photo_evidence","footprint":"mapped_unverified","height":"inferred","levels":"inferred"},"geometry_role":"mapped_building_outline","height":19.2,"height_source":"inferred building typology","id":"osm_way_225265327","is_part":false,"levels":6.0,"levels_source":"inferred building typology","map_feature_id":"map-feature-a4778586c6b146099c99","min_height":0.0,"name":"","osm_id":225265327,"osm_type":"way","osm_version":6,"parent_id":null,"source_ids":["gallery-02","map-2017"],"source_timestamp":"2023-12-26T17:49:37Z","source_url":"https://www.openstreetmap.org/way/225265327","space_id":null,"spatial_signature":"0fbfe1082def2529d4a1794ce809dc993bb65c318e35a5bd0c1ab5549c24fb59","storey_height_assumption_m":3.1,"style_hint":"dormitory","tags":{"addr:housenumber":"10","building":"apartments"},"underground":false},"type":"Feature"},{"geometry":{"coordinates":[[[118.9209138007308,32.119016802863214],[118.92097610019266,32.11892239813659],[118.9213867031045,32.11911710078178],[118.92132440168716,32.11921139749794],[118.9209138007308,32.119016802863214]]],"type":"Polygon"},"id":"osm_way_225265329","properties":{"area_m2":532.315128,"asset_id":"osm_way_225265329","base_z":0.0,"center":[-371.308,444.421],"confidence":{"appearance":"requires_photo_evidence","footprint":"mapped_unverified","height":"inferred","levels":"inferred"},"geometry_role":"mapped_building_outline","height":19.2,"height_source":"inferred building typology","id":"osm_way_225265329","is_part":false,"levels":6.0,"levels_source":"inferred building typology","map_feature_id":"map-feature-2f5afb4837c94c7ce49b","min_height":0.0,"name":"","osm_id":225265329,"osm_type":"way","osm_version":6,"parent_id":null,"source_ids":["gallery-02","map-2017"],"source_timestamp":"2023-12-26T17:49:39Z","source_url":"https://www.openstreetmap.org/way/225265329","space_id":null,"spatial_signature":"b1cc8a2a5d6cdddab1d223799255c4c51be6166376f078ace8563a17730fe40a","storey_height_assumption_m":3.1,"style_hint":"dormitory","tags":{"addr:housenumber":"11","building":"apartments"},"underground":false},"type":"Feature"},{"geometry":{"coordinates":[[[118.92145480223105,32.119269595663944],[118.92151730379882,32.11917979653991],[118.92193920080864,32.119390398486466],[118.92187669953282,32.11948019780565],[118.92145480223105,32.119269595663944]]],"type":"Polygon"},"id":"osm_way_225265332","properties":{"area_m2":534.215092,"asset_id":"osm_way_225265332","base_z":0.0,"center":[-320.237,474.511],"confidence":{"appearance":"requires_photo_evidence","footprint":"mapped_unverified","height":"inferred","levels":"inferred"},"geometry_role":"mapped_building_outline","height":19.2,"height_source":"inferred building typology","id":"osm_way_225265332","is_part":false,"levels":6.0,"levels_source":"inferred building typology","map_feature_id":"map-feature-ba286ae2d3683db2e2a6","min_height":0.0,"name":"","osm_id":225265332,"osm_type":"way","osm_version":6,"parent_id":null,"source_ids":["gallery-02","map-2017"],"source_timestamp":"2023-12-26T17:49:43Z","source_url":"https://www.openstreetmap.org/way/225265332","space_id":null,"spatial_signature":"bfade3abfb66aa3d02c9d51125c731f8d1766eec0408508193e15585ae35c3b5","storey_height_assumption_m":3.1,"style_hint":"dormitory","tags":{"addr:housenumber":"12","building":"apartments"},"underground":false},"type":"Feature"},{"geometry":{"coordinates":[[[118.92126370369567,32.119567296242074],[118.92132959837265,32.11947250305915],[118.92174229827258,32.11967810416686],[118.92167639538172,32.11977299689395],[118.92126370369567,32.119567296242074]]],"type":"Polygon"},"id":"osm_way_225265335","properties":{"area_m2":551.422226,"asset_id":"osm_way_225265335","base_z":0.0,"center":[-339.118,506.641],"confidence":{"appearance":"requires_photo_evidence","footprint":"mapped_unverified","height":"inferred","levels":"inferred"},"geometry_role":"mapped_building_outline","height":19.2,"height_source":"inferred building typology","id":"osm_way_225265335","is_part":false,"levels":6.0,"levels_source":"inferred building typology","map_feature_id":"map-feature-831d80fc1f1d26cc886e","min_height":0.0,"name":"","osm_id":225265335,"osm_type":"way","osm_version":5,"parent_id":null,"source_ids":["gallery-02","map-2017"],"source_timestamp":"2022-06-06T09:35:48Z","source_url":"https://www.openstreetmap.org/way/225265335","space_id":null,"spatial_signature":"2be11ea57da1af71945e580c8b6bb782c0e83555afe290306f1bc7786289f02b","storey_height_assumption_m":3.1,"style_hint":"dormitory","tags":{"building":"apartments"},"underground":false},"type":"Feature"},{"geometry":{"coordinates":[[[118.92072110133881,32.119293800318204],[118.92078159983184,32.11920699932666],[118.92119200190277,32.119412303445834],[118.92113150349486,32.11949909560464],[118.92072110133881,32.119293800318204]]],"type":"Polygon"},"id":"osm_way_225265337","properties":{"area_m2":502.745537,"asset_id":"osm_way_225265337","base_z":0.0,"center":[-390.148,475.82],"confidence":{"appearance":"requires_photo_evidence","footprint":"mapped_unverified","height":"inferred","levels":"inferred"},"geometry_role":"mapped_building_outline","height":19.2,"height_source":"inferred building typology","id":"osm_way_225265337","is_part":false,"levels":6.0,"levels_source":"inferred building typology","map_feature_id":"map-feature-0401dd5bbc7b8af7cacf","min_height":0.0,"name":"青教公寓","osm_id":225265337,"osm_type":"way","osm_version":8,"parent_id":null,"source_ids":["gallery-02","map-2017"],"source_timestamp":"2023-12-26T17:49:41Z","source_url":"https://www.openstreetmap.org/way/225265337","space_id":null,"spatial_signature":"128bf4b9571c9b739c1e5bb0bc746d6d7fdbf0f065c3f6b4bb1e1940d9a6d290","storey_height_assumption_m":3.1,"style_hint":"dormitory","tags":{"addr:housenumber":"8","building":"apartments","name":"青教公寓","name:zh":"青教公寓"},"underground":false},"type":"Feature"},{"geometry":{"coordinates":[[[118.91990599653286,32.11943900442819],[118.91997010152001,32.11934320183313],[118.92033690233887,32.11951919855836],[118.92027290358006,32.11961499971935],[118.91990599653286,32.11943900442819]]],"type":"Polygon"},"id":"osm_way_225265339","properties":{"area_m2":485.753528,"asset_id":"osm_way_225265339","base_z":0.0,"center":[-469.193,488.39],"confidence":{"appearance":"requires_photo_evidence","footprint":"mapped_unverified","height":"inferred","levels":"inferred"},"geometry_role":"mapped_building_outline","height":19.2,"height_source":"inferred building typology","id":"osm_way_225265339","is_part":false,"levels":6.0,"levels_source":"inferred building typology","map_feature_id":"map-feature-7617d8269b453783698d","min_height":0.0,"name":"","osm_id":225265339,"osm_type":"way","osm_version":5,"parent_id":null,"source_ids":["gallery-02","map-2017"],"source_timestamp":"2022-06-06T09:35:48Z","source_url":"https://www.openstreetmap.org/way/225265339","space_id":null,"spatial_signature":"1d23a826469159eb5279b10e0683981e7c7b3f8233e5b791305ec2c9f9b3151a","storey_height_assumption_m":3.1,"style_hint":"dormitory","tags":{"building":"apartments"},"underground":false},"type":"Feature"},{"geometry":{"coordinates":[[[118.92060980308887,32.11977859655314],[118.9206740022142,32.11968630074484],[118.92103759965126,32.11986760229625],[118.9209734007847,32.11995989827729],[118.92060980308887,32.11977859655314]]],"type":"Polygon"},"id":"osm_way_225265342","properties":{"area_m2":472.982745,"asset_id":"osm_way_225265342","base_z":0.0,"center":[-403.613,527.712],"confidence":{"appearance":"requires_photo_evidence","footprint":"mapped_unverified","height":"inferred","levels":"inferred"},"geometry_role":"mapped_building_outline","height":19.2,"height_source":"inferred building typology","id":"osm_way_225265342","is_part":false,"levels":6.0,"levels_source":"inferred building typology","map_feature_id":"map-feature-f5a352cd39ee98d5a9f8","min_height":0.0,"name":"","osm_id":225265342,"osm_type":"way","osm_version":6,"parent_id":null,"source_ids":["gallery-02","map-2017"],"source_timestamp":"2023-12-26T17:44:56Z","source_url":"https://www.openstreetmap.org/way/225265342","space_id":null,"spatial_signature":"1fa15c7d57e56cc13d763d2bb028de914cf5c72d588e44232885e474fa4e50cd","storey_height_assumption_m":3.1,"style_hint":"dormitory","tags":{"addr:housenumber":"5","building":"apartments"},"underground":false},"type":"Feature"},{"geometry":{"coordinates":[[[118.92105060428649,32.1199971042218],[118.92111709945446,32.1199005973584],[118.92150110031092,32.12009049904219],[118.92143459464714,32.12018699723864],[118.92105060428649,32.1199971042218]]],"type":"Polygon"},"id":"osm_way_225265344","properties":{"area_m2":519.935276,"asset_id":"osm_way_225265344","base_z":0.0,"center":[-361.386,552.942],"confidence":{"appearance":"requires_photo_evidence","footprint":"mapped_unverified","height":"inferred","levels":"inferred"},"geometry_role":"mapped_building_outline","height":19.2,"height_source":"inferred building typology","id":"osm_way_225265344","is_part":false,"levels":6.0,"levels_source":"inferred building typology","map_feature_id":"map-feature-110c3e53b87f9afb9649","min_height":0.0,"name":"","osm_id":225265344,"osm_type":"way","osm_version":6,"parent_id":null,"source_ids":["gallery-02","map-2017"],"source_timestamp":"2023-12-26T17:44:57Z","source_url":"https://www.openstreetmap.org/way/225265344","space_id":null,"spatial_signature":"56760515d46b9e5630c1a2080a78bc30d94819f83b2a1a58107fcbe9e90c4a1d","storey_height_assumption_m":3.1,"style_hint":"dormitory","tags":{"addr:housenumber":"6","building":"apartments"},"underground":false},"type":"Feature"},{"geometry":{"coordinates":[[[118.92073639489351,32.12020179714046],[118.92080140270592,32.12010560162619],[118.921316704146,32.12035509589283],[118.92125180286378,32.120451299062594],[118.92073639489351,32.12020179714046]]],"type":"Polygon"},"id":"osm_way_225265346","properties":{"area_m2":688.393925,"asset_id":"osm_way_225265346","base_z":0.0,"center":[-385.372,578.538],"confidence":{"appearance":"requires_photo_evidence","footprint":"mapped_unverified","height":"inferred","levels":"inferred"},"geometry_role":"mapped_building_outline","height":19.2,"height_source":"inferred building typology","id":"osm_way_225265346","is_part":false,"levels":6.0,"levels_source":"inferred building typology","map_feature_id":"map-feature-ab252dd1841d25419cb1","min_height":0.0,"name":"","osm_id":225265346,"osm_type":"way","osm_version":6,"parent_id":null,"source_ids":["gallery-02","map-2017"],"source_timestamp":"2023-12-26T17:41:03Z","source_url":"https://www.openstreetmap.org/way/225265346","space_id":null,"spatial_signature":"76fccad9b8649b739e2403eb3673848749c80a5067439a38fb0bc91cc96c682f","storey_height_assumption_m":3.1,"style_hint":"dormitory","tags":{"addr:housenumber":"3","building":"apartments"},"underground":false},"type":"Feature"},{"geometry":{"coordinates":[[[118.92016310165026,32.11992089967609],[118.92022879689907,32.11982360266425],[118.92072820395532,32.12006580030175],[118.92066240314185,32.12016309916329],[118.92016310165026,32.11992089967609]]],"type":"Polygon"},"id":"osm_way_225265348","properties":{"area_m2":675.078354,"asset_id":"osm_way_225265348","base_z":0.0,"center":[-439.621,545.953],"confidence":{"appearance":"requires_photo_evidence","footprint":"mapped_unverified","height":"inferred","levels":"inferred"},"geometry_role":"mapped_building_outline","height":19.2,"height_source":"inferred building typology","id":"osm_way_225265348","is_part":false,"levels":6.0,"levels_source":"inferred building typology","map_feature_id":"map-feature-ac0bd037fb781789c8a1","min_height":0.0,"name":"","osm_id":225265348,"osm_type":"way","osm_version":6,"parent_id":null,"source_ids":["gallery-02","map-2017"],"source_timestamp":"2023-12-26T17:41:00Z","source_url":"https://www.openstreetmap.org/way/225265348","space_id":null,"spatial_signature":"e334d9cb70fb2e18d87884b71a0a0ed282cd482d5b7d904b5e91621a904f4a73","storey_height_assumption_m":3.1,"style_hint":"dormitory","tags":{"addr:housenumber":"2","building":"apartments"},"underground":false},"type":"Feature"},{"geometry":{"coordinates":[[[118.9197171007968,32.11970500217134],[118.91978209903951,32.11960730105869],[118.92014520255665,32.11978029680908],[118.92008019608063,32.11987809743841],[118.9197171007968,32.11970500217134]]],"type":"Polygon"},"id":"osm_way_225265351","properties":{"area_m2":489.137184,"asset_id":"osm_way_225265351","base_z":0.0,"center":[-487.669,517.295],"confidence":{"appearance":"requires_photo_evidence","footprint":"mapped_unverified","height":"inferred","levels":"inferred"},"geometry_role":"mapped_building_outline","height":19.2,"height_source":"inferred building typology","id":"osm_way_225265351","is_part":false,"levels":6.0,"levels_source":"inferred building typology","map_feature_id":"map-feature-52abae77225dd0e15d49","min_height":0.0,"name":"","osm_id":225265351,"osm_type":"way","osm_version":6,"parent_id":null,"source_ids":["gallery-02","map-2017"],"source_timestamp":"2023-12-26T17:40:58Z","source_url":"https://www.openstreetmap.org/way/225265351","space_id":null,"spatial_signature":"286de3247768ac4b6191ab854f8e990482a92c227d82a53ed528c1a2fdebf414","storey_height_assumption_m":3.1,"style_hint":"dormitory","tags":{"addr:housenumber":"1","addr:street":"文澜路","building":"apartments"},"underground":false},"type":"Feature"},{"geometry":{"coordinates":[[[118.92019490331435,32.119377303549385],[118.9202373961945,32.11931529976956],[118.92042550111154,32.11940779934949],[118.92038299772769,32.11946980334909],[118.92019490331435,32.119377303549385]]],"type":"Polygon"},"id":"osm_way_225267146","properties":{"area_m2":163.186886,"asset_id":"osm_way_225267146","base_z":0.0,"center":[-451.213,479.112],"confidence":{"appearance":"requires_photo_evidence","footprint":"mapped_unverified","height":"inferred","levels":"inferred"},"geometry_role":"mapped_building_outline","height":19.2,"height_source":"inferred building typology","id":"osm_way_225267146","is_part":false,"levels":6.0,"levels_source":"inferred building typology","map_feature_id":"map-feature-b3d7ff357761210b26e6","min_height":0.0,"name":"","osm_id":225267146,"osm_type":"way","osm_version":3,"parent_id":null,"source_ids":["gallery-02","map-2017"],"source_timestamp":"2017-03-07T05:11:44Z","source_url":"https://www.openstreetmap.org/way/225267146","space_id":null,"spatial_signature":"59827dcc980abf2c2078104ff486665170cafdd565b7c510415dcf393a207d95","storey_height_assumption_m":3.1,"style_hint":"dormitory","tags":{"building":"residential"},"underground":false},"type":"Feature"},{"geometry":{"coordinates":[[[118.9259315982202,32.11647330290605],[118.92594929620088,32.116440996669944],[118.92598619504987,32.1164554976766],[118.92596849707995,32.1164878039174],[118.9259315982202,32.11647330290605]]],"type":"Polygon"},"id":"osm_way_962566084","properties":{"area_m2":15.160836,"asset_id":"osm_way_962566084","base_z":0.0,"center":[87.58,163.978],"confidence":{"appearance":"requires_photo_evidence","footprint":"mapped_unverified","height":"inferred","levels":"inferred"},"geometry_role":"mapped_building_outline","height":4.0,"height_source":"inferred building typology","id":"osm_way_962566084","is_part":false,"levels":1.0,"levels_source":"inferred building typology","map_feature_id":"map-feature-1978cc66cbde5e4c7538","min_height":0.0,"name":"","osm_id":962566084,"osm_type":"way","osm_version":2,"parent_id":null,"source_ids":[],"source_timestamp":"2026-05-21T00:29:24Z","source_url":"https://www.openstreetmap.org/way/962566084","space_id":null,"spatial_signature":"d55c4e172866bc216b99b30a2b67df4f3de6d1e33b51b53a891f3de00bca026e","storey_height_assumption_m":3.4,"style_hint":"service","tags":{"amenity":"shelter","building":"yes","wheelchair":"no"},"underground":false},"type":"Feature"},{"geometry":{"coordinates":[[[118.92185899534675,32.1197858010774],[118.92192149683287,32.1196960017623],[118.92247159519235,32.11996380452608],[118.92240460391102,32.12005680203001],[118.92185899534675,32.1197858010774]]],"type":"Polygon"},"id":"osm_way_1173057023","properties":{"area_m2":706.531955,"asset_id":"osm_way_1173057023","base_z":0.0,"center":[-277.046,535.899],"confidence":{"appearance":"requires_photo_evidence","footprint":"mapped_unverified","height":"inferred","levels":"inferred"},"geometry_role":"mapped_building_outline","height":19.2,"height_source":"inferred building typology","id":"osm_way_1173057023","is_part":false,"levels":6.0,"levels_source":"inferred building typology","map_feature_id":"map-feature-2d173375c81609bce897","min_height":0.0,"name":"","osm_id":1173057023,"osm_type":"way","osm_version":2,"parent_id":null,"source_ids":["gallery-02","map-2017"],"source_timestamp":"2023-12-26T17:50:34Z","source_url":"https://www.openstreetmap.org/way/1173057023","space_id":null,"spatial_signature":"bb06a6c2f0ab426ca2ec02f0ea062d55ffd1fa34e5ce231e0e1263c21154577a","storey_height_assumption_m":3.1,"style_hint":"dormitory","tags":{"addr:housenumber":"17","building":"apartments"},"underground":false},"type":"Feature"},{"geometry":{"coordinates":[[[118.92204760292084,32.11951039739865],[118.92211010404371,32.11942059800112],[118.92266020121433,32.11968839999848],[118.92259319972133,32.11978139775182],[118.92204760292084,32.11951039739865]]],"type":"Polygon"},"id":"osm_way_1173057024","properties":{"area_m2":706.542339,"asset_id":"osm_way_1173057024","base_z":0.0,"center":[-258.706,505.683],"confidence":{"appearance":"requires_photo_evidence","footprint":"mapped_unverified","height":"inferred","levels":"inferred"},"geometry_role":"mapped_building_outline","height":19.2,"height_source":"inferred building typology","id":"osm_way_1173057024","is_part":false,"levels":6.0,"levels_source":"inferred building typology","map_feature_id":"map-feature-b40b68f9d8d51137cb8d","min_height":0.0,"name":"","osm_id":1173057024,"osm_type":"way","osm_version":2,"parent_id":null,"source_ids":["gallery-02","map-2017"],"source_timestamp":"2023-12-26T17:50:32Z","source_url":"https://www.openstreetmap.org/way/1173057024","space_id":null,"spatial_signature":"d89031738db9d45af386b46a97af73cee73f6481a9d9af8678071ceb7d76087c","storey_height_assumption_m":3.1,"style_hint":"dormitory","tags":{"addr:housenumber":"19","building":"apartments"},"underground":false},"type":"Feature"},{"geometry":{"coordinates":[[[118.92140200383112,32.12047819693448],[118.92146449561827,32.120388397979696],[118.92201459701299,32.12065620259371],[118.92194749883677,32.12074920149234],[118.92140200383112,32.12047819693448]]],"type":"Polygon"},"id":"osm_way_1173057025","properties":{"area_m2":706.615382,"asset_id":"osm_way_1173057025","base_z":0.0,"center":[-321.537,611.898],"confidence":{"appearance":"requires_photo_evidence","footprint":"mapped_unverified","height":"inferred","levels":"inferred"},"geometry_role":"mapped_building_outline","height":19.2,"height_source":"inferred building typology","id":"osm_way_1173057025","is_part":false,"levels":6.0,"levels_source":"inferred building typology","map_feature_id":"map-feature-1b46f6c4df50ca25d57a","min_height":0.0,"name":"","osm_id":1173057025,"osm_type":"way","osm_version":2,"parent_id":null,"source_ids":["gallery-02","map-2017"],"source_timestamp":"2023-12-26T17:50:37Z","source_url":"https://www.openstreetmap.org/way/1173057025","space_id":null,"spatial_signature":"3f1f24ec686357607dfea943f9e01be81af02e9b5059073e0297af8ea5345c94","storey_height_assumption_m":3.1,"style_hint":"dormitory","tags":{"addr:housenumber":"13","building":"apartments"},"underground":false},"type":"Feature"},{"geometry":{"coordinates":[[[118.9216456039898,32.12006859786481],[118.92170809527389,32.11997879880424],[118.92225819480109,32.120246602443025],[118.92219109715676,32.12033960145537],[118.9216456039898,32.12006859786481]]],"type":"Polygon"},"id":"osm_way_1173057026","properties":{"area_m2":706.615382,"asset_id":"osm_way_1173057026","base_z":0.0,"center":[-297.742,566.895],"confidence":{"appearance":"requires_photo_evidence","footprint":"mapped_unverified","height":"inferred","levels":"inferred"},"geometry_role":"mapped_building_outline","height":19.2,"height_source":"inferred building typology","id":"osm_way_1173057026","is_part":false,"levels":6.0,"levels_source":"inferred building typology","map_feature_id":"map-feature-ec9dfe9d2183b84b757c","min_height":0.0,"name":"","osm_id":1173057026,"osm_type":"way","osm_version":2,"parent_id":null,"source_ids":["gallery-02","map-2017"],"source_timestamp":"2023-12-26T17:50:35Z","source_url":"https://www.openstreetmap.org/way/1173057026","space_id":null,"spatial_signature":"3f1f24ec686357607dfea943f9e01be81af02e9b5059073e0297af8ea5345c94","storey_height_assumption_m":3.1,"style_hint":"dormitory","tags":{"addr:housenumber":"15","building":"apartments"},"underground":false},"type":"Feature"},{"geometry":{"coordinates":[[[118.92208860425357,32.12081640011397],[118.92215109556271,32.120726600841685],[118.92254040152976,32.12091449751536],[118.92247850380112,32.12100529813092],[118.92208860425357,32.12081640011397]]],"type":"Polygon"},"id":"osm_way_1173057027","properties":{"area_m2":490.772484,"asset_id":"osm_way_1173057027","base_z":0.0,"center":[-264.979,645.829],"confidence":{"appearance":"requires_photo_evidence","footprint":"mapped_unverified","height":"inferred","levels":"inferred"},"geometry_role":"mapped_building_outline","height":19.2,"height_source":"inferred building typology","id":"osm_way_1173057027","is_part":false,"levels":6.0,"levels_source":"inferred building typology","map_feature_id":"map-feature-4c7a2b3919dbb1892c9a","min_height":0.0,"name":"","osm_id":1173057027,"osm_type":"way","osm_version":2,"parent_id":null,"source_ids":["gallery-02","map-2017"],"source_timestamp":"2023-12-26T17:50:42Z","source_url":"https://www.openstreetmap.org/way/1173057027","space_id":null,"spatial_signature":"63864014ef52b351a5dac48c27fbffb1059c321e92cca2d54a58e5b1b3b49611","storey_height_assumption_m":3.1,"style_hint":"dormitory","tags":{"addr:housenumber":"14","building":"apartments"},"underground":false},"type":"Feature"},{"geometry":{"coordinates":[[[118.92237570293193,32.12040150317768],[118.92243820428578,32.120311703618945],[118.92282749631094,32.12049950044515],[118.92276560121297,32.12059040036694],[118.92237570293193,32.12040150317768]]],"type":"Polygon"},"id":"osm_way_1173057028","properties":{"area_m2":490.945172,"asset_id":"osm_way_1173057028","base_z":0.0,"center":[-237.067,600.311],"confidence":{"appearance":"requires_photo_evidence","footprint":"mapped_unverified","height":"inferred","levels":"inferred"},"geometry_role":"mapped_building_outline","height":19.2,"height_source":"inferred building typology","id":"osm_way_1173057028","is_part":false,"levels":6.0,"levels_source":"inferred building typology","map_feature_id":"map-feature-cb69c5a77df0702d8161","min_height":0.0,"name":"","osm_id":1173057028,"osm_type":"way","osm_version":2,"parent_id":null,"source_ids":["gallery-02","map-2017"],"source_timestamp":"2023-12-26T17:51:03Z","source_url":"https://www.openstreetmap.org/way/1173057028","space_id":null,"spatial_signature":"7724f8e5acc8d929c57ab920a76acfc6e844fa856c8de6bb156cb22c3d93116a","storey_height_assumption_m":3.1,"style_hint":"dormitory","tags":{"addr:housenumber":"16","building":"apartments"},"underground":false},"type":"Feature"},{"geometry":{"coordinates":[[[118.92250329487653,32.12010330444235],[118.92256579572509,32.12001349581273],[118.92295509747521,32.1202013011492],[118.92289320061236,32.12029210194278],[118.92250329487653,32.12010330444235]]],"type":"Polygon"},"id":"osm_way_1173057029","properties":{"area_m2":490.742905,"asset_id":"osm_way_1173057029","base_z":0.0,"center":[-224.439,567.459],"confidence":{"appearance":"requires_photo_evidence","footprint":"mapped_unverified","height":"inferred","levels":"inferred"},"geometry_role":"mapped_building_outline","height":19.2,"height_source":"inferred building typology","id":"osm_way_1173057029","is_part":false,"levels":6.0,"levels_source":"inferred building typology","map_feature_id":"map-feature-6eb1c5ea97e062bc2c8f","min_height":0.0,"name":"","osm_id":1173057029,"osm_type":"way","osm_version":2,"parent_id":null,"source_ids":["gallery-02","map-2017"],"source_timestamp":"2023-12-26T17:50:40Z","source_url":"https://www.openstreetmap.org/way/1173057029","space_id":null,"spatial_signature":"022b6e7ecd7352bdedca06ed0c525fbbbc791effb7b557ffb40276da76e07ba3","storey_height_assumption_m":3.1,"style_hint":"dormitory","tags":{"addr:housenumber":"18","building":"apartments"},"underground":false},"type":"Feature"},{"geometry":{"coordinates":[[[118.92268189919797,32.119824498142705],[118.92274439988029,32.11973469845179],[118.92313370075213,32.11992250327817],[118.92307180424451,32.12001330414877],[118.92268189919797,32.119824498142705]]],"type":"Polygon"},"id":"osm_way_1173057030","properties":{"area_m2":490.727734,"asset_id":"osm_way_1173057030","base_z":0.0,"center":[-207.036,536.849],"confidence":{"appearance":"requires_photo_evidence","footprint":"mapped_unverified","height":"inferred","levels":"inferred"},"geometry_role":"mapped_building_outline","height":19.2,"height_source":"inferred building typology","id":"osm_way_1173057030","is_part":false,"levels":6.0,"levels_source":"inferred building typology","map_feature_id":"map-feature-fffbfe720a93d12565bd","min_height":0.0,"name":"","osm_id":1173057030,"osm_type":"way","osm_version":2,"parent_id":null,"source_ids":["gallery-02","map-2017"],"source_timestamp":"2023-12-26T17:50:38Z","source_url":"https://www.openstreetmap.org/way/1173057030","space_id":null,"spatial_signature":"c5ae46ab5f1438e6ccdfb9ff0e867309c7712dd0b09092682d9dc6f66f788be6","storey_height_assumption_m":3.1,"style_hint":"dormitory","tags":{"addr:housenumber":"20","building":"apartments"},"underground":false},"type":"Feature"},{"geometry":{"coordinates":[[[118.92042820303374,32.11840349946371],[118.9205312987708,32.118241001665154],[118.92101580150818,32.11847279965798],[118.92091279605027,32.118623895909636],[118.92081799909946,32.118578000535976],[118.92085070395139,32.11852940364762],[118.92063539787227,32.11842589880078],[118.92059920395886,32.11848349584597],[118.92042820303374,32.11840349946371]]],"type":"Polygon"},"id":"osm_way_1173057031","properties":{"area_m2":882.574381,"asset_id":"osm_way_1173057031","base_z":0.0,"center":[-410.771,372.141],"confidence":{"appearance":"requires_photo_evidence","footprint":"mapped_unverified","height":"inferred","levels":"inferred"},"geometry_role":"mapped_building_outline","height":19.2,"height_source":"inferred building typology","id":"osm_way_1173057031","is_part":false,"levels":6.0,"levels_source":"inferred building typology","map_feature_id":"map-feature-03d310dde1711769b94a","min_height":0.0,"name":"樱苑50栋","name_source":"OSM addr:housenumber; Yingyuan group identity cross-checked against official photograph construction_home_image_02.jpg (55/52 visible)","osm_id":1173057031,"osm_type":"way","osm_version":2,"parent_id":null,"source_ids":["construction_home_image_02","k-plan","k_structure_2025_image_00","ying-procurement"],"source_timestamp":"2023-12-26T17:51:01Z","source_url":"https://www.openstreetmap.org/way/1173057031","space_id":null,"spatial_signature":"cfd59b8087287edfd768fc4a9e3913fa129c0fa7225c18cc59c937e32a24fbd6","storey_height_assumption_m":3.1,"style_hint":"dormitory","tags":{"addr:housenumber":"50","building":"apartments"},"underground":false},"type":"Feature"},{"geometry":{"coordinates":[[[118.92067479805608,32.11803469669605],[118.92077779761355,32.11787220016747],[118.92126240487086,32.11810399567229],[118.92115940040131,32.11825510111785],[118.921064601461,32.11820909771776],[118.92109729754117,32.118160600116056],[118.9208818967429,32.11805709710742],[118.9208457986622,32.11811470178428],[118.92067479805608,32.11803469669605]]],"type":"Polygon"},"id":"osm_way_1173057032","properties":{"area_m2":882.57007,"asset_id":"osm_way_1173057032","base_z":0.0,"center":[-386.775,331.666],"confidence":{"appearance":"requires_photo_evidence","footprint":"mapped_unverified","height":"inferred","levels":"inferred"},"geometry_role":"mapped_building_outline","height":19.2,"height_source":"inferred building typology","id":"osm_way_1173057032","is_part":false,"levels":6.0,"levels_source":"inferred building typology","map_feature_id":"map-feature-806fe049aac7580738bf","min_height":0.0,"name":"樱苑53栋","name_source":"OSM addr:housenumber; Yingyuan group identity cross-checked against official photograph construction_home_image_02.jpg (55/52 visible)","osm_id":1173057032,"osm_type":"way","osm_version":2,"parent_id":null,"source_ids":["construction_home_image_02","k-plan","k_structure_2025_image_00","ying-procurement"],"source_timestamp":"2023-12-26T17:51:35Z","source_url":"https://www.openstreetmap.org/way/1173057032","space_id":null,"spatial_signature":"7064c04bcb831389559c7a94350b1f8ea3123c8c442c11cb4878c447f08a2acc","storey_height_assumption_m":3.1,"style_hint":"dormitory","tags":{"addr:housenumber":"53","building":"apartments"},"underground":false},"type":"Feature"},{"geometry":{"coordinates":[[[118.92124829478274,32.11831620238685],[118.92135139726709,32.11815359561846],[118.92183590370547,32.11838549861017],[118.92173289764683,32.118536496293295],[118.92163810041082,32.118490601545865],[118.9216708045988,32.11844199544636],[118.92145549806749,32.118338501038174],[118.92141929619766,32.118396197640386],[118.92124829478274,32.11831620238685]]],"type":"Polygon"},"id":"osm_way_1173057033","properties":{"area_m2":882.554553,"asset_id":"osm_way_1173057033","base_z":0.0,"center":[-333.221,363.833],"confidence":{"appearance":"requires_photo_evidence","footprint":"mapped_unverified","height":"inferred","levels":"inferred"},"geometry_role":"mapped_building_outline","height":19.2,"height_source":"inferred building typology","id":"osm_way_1173057033","is_part":false,"levels":6.0,"levels_source":"inferred building typology","map_feature_id":"map-feature-62f582dce910b956a458","min_height":0.0,"name":"樱苑54栋","name_source":"OSM addr:housenumber; Yingyuan group identity cross-checked against official photograph construction_home_image_02.jpg (55/52 visible)","osm_id":1173057033,"osm_type":"way","osm_version":2,"parent_id":null,"source_ids":["construction_home_image_02","k-plan","k_structure_2025_image_00","ying-procurement"],"source_timestamp":"2023-12-26T17:51:38Z","source_url":"https://www.openstreetmap.org/way/1173057033","space_id":null,"spatial_signature":"1c6bbf14f2f2118f4d6b4e08c07185a66ec614e6fb8b69d7e358302159924fc9","storey_height_assumption_m":3.1,"style_hint":"dormitory","tags":{"addr:housenumber":"54","building":"apartments"},"underground":false},"type":"Feature"},{"geometry":{"coordinates":[[[118.9209994984867,32.11867850054684],[118.92110249811701,32.11851600376383],[118.92158709902603,32.1187477980002],[118.92148410503374,32.11889890354201],[118.92138929674408,32.118852999764606],[118.92142200137553,32.1188044027385],[118.92120659868789,32.118700900365276],[118.92117050039532,32.11875849611459],[118.9209994984867,32.11867850054684]]],"type":"Polygon"},"id":"osm_way_1173057034","properties":{"area_m2":882.575266,"asset_id":"osm_way_1173057034","base_z":0.0,"center":[-357.41,403.592],"confidence":{"appearance":"requires_photo_evidence","footprint":"mapped_unverified","height":"inferred","levels":"inferred"},"geometry_role":"mapped_building_outline","height":19.2,"height_source":"inferred building typology","id":"osm_way_1173057034","is_part":false,"levels":6.0,"levels_source":"inferred building typology","map_feature_id":"map-feature-ec571cc3f6348c9118d0","min_height":0.0,"name":"樱苑51栋","name_source":"OSM addr:housenumber; Yingyuan group identity cross-checked against official photograph construction_home_image_02.jpg (55/52 visible)","osm_id":1173057034,"osm_type":"way","osm_version":2,"parent_id":null,"source_ids":["construction_home_image_02","k-plan","k_structure_2025_image_00","ying-procurement"],"source_timestamp":"2023-12-26T17:51:36Z","source_url":"https://www.openstreetmap.org/way/1173057034","space_id":null,"spatial_signature":"b57e2dd393ba150cf68cfff6a3a7411e615aacaaeeee58216a09d177b319b709","storey_height_assumption_m":3.1,"style_hint":"dormitory","tags":{"addr:housenumber":"51","building":"apartments"},"underground":false},"type":"Feature"},{"geometry":{"coordinates":[[[118.92181749861092,32.118578297627145],[118.92192049665202,32.118415800236235],[118.92240509910847,32.11864760030005],[118.92230209582063,32.118798697597846],[118.92220729596448,32.118752704118144],[118.92224000200842,32.118704197063515],[118.92202470484882,32.1186007035158],[118.92198850117197,32.11865830108669],[118.92181749861092,32.118578297627145]]],"type":"Polygon"},"id":"osm_way_1173057035","properties":{"area_m2":882.517625,"asset_id":"osm_way_1173057035","base_z":0.0,"center":[-280.029,393.859],"confidence":{"appearance":"requires_photo_evidence","footprint":"mapped_unverified","height":"inferred","levels":"inferred"},"geometry_role":"mapped_building_outline","height":19.2,"height_source":"inferred building typology","id":"osm_way_1173057035","is_part":false,"levels":6.0,"levels_source":"inferred building typology","map_feature_id":"map-feature-ce9a0d641a7b6256ba23","min_height":0.0,"name":"樱苑55栋","name_source":"OSM addr:housenumber; Yingyuan group identity cross-checked against official photograph construction_home_image_02.jpg (55/52 visible)","osm_id":1173057035,"osm_type":"way","osm_version":2,"parent_id":null,"source_ids":["construction_home_image_02","k-plan","k_structure_2025_image_00","ying-procurement"],"source_timestamp":"2023-12-26T17:51:39Z","source_url":"https://www.openstreetmap.org/way/1173057035","space_id":null,"spatial_signature":"1337b6cb1e8c60bc75e9c0ec4cd3235b7672098f9b5d8406d28beb38e24d8216","storey_height_assumption_m":3.1,"style_hint":"dormitory","tags":{"addr:housenumber":"55","building":"apartments"},"underground":false},"type":"Feature"},{"geometry":{"coordinates":[[[118.92156559874991,32.11894969947308],[118.92166870357815,32.11878720065434],[118.92215320151597,32.11901900322727],[118.92205019741702,32.11917010034381],[118.92195539709407,32.119124097671346],[118.92198810358589,32.119075599690795],[118.92177280352476,32.118971997544286],[118.9217366018196,32.11902970325034],[118.92156559874991,32.11894969947308]]],"type":"Polygon"},"id":"osm_way_1173057036","properties":{"area_m2":882.416314,"asset_id":"osm_way_1173057036","base_z":0.0,"center":[-304.53,434.612],"confidence":{"appearance":"requires_photo_evidence","footprint":"mapped_unverified","height":"inferred","levels":"inferred"},"geometry_role":"mapped_building_outline","height":19.2,"height_source":"inferred building typology","id":"osm_way_1173057036","is_part":false,"levels":6.0,"levels_source":"inferred building typology","map_feature_id":"map-feature-eace9b01cdb8f1a26682","min_height":0.0,"name":"樱苑52栋","name_source":"OSM addr:housenumber; Yingyuan group identity cross-checked against official photograph construction_home_image_02.jpg (55/52 visible)","osm_id":1173057036,"osm_type":"way","osm_version":2,"parent_id":null,"source_ids":["construction_home_image_02","k-plan","k_structure_2025_image_00","ying-procurement"],"source_timestamp":"2023-12-26T17:51:41Z","source_url":"https://www.openstreetmap.org/way/1173057036","space_id":null,"spatial_signature":"74a150ab147b8c3e9c5aae1c3b88b2c854db5a7a27da36763c882a2973ffff97","storey_height_assumption_m":3.1,"style_hint":"dormitory","tags":{"addr:housenumber":"52","building":"apartments"},"underground":false},"type":"Feature"},{"geometry":{"coordinates":[[[118.92314340032509,32.11536389562052],[118.92325050247683,32.11520180387157],[118.9235630954082,32.11535960222152],[118.92442559780673,32.11534440040553],[118.92442509795029,32.11553770320443],[118.92350320211673,32.115542199579274],[118.92314340032509,32.11536389562052]]],"type":"Polygon"},"id":"osm_way_1173057050","properties":{"area_m2":2505.009516,"asset_id":"osm_way_1173057050","base_z":0.0,"center":[-114.337,44.92],"confidence":{"appearance":"requires_photo_evidence","footprint":"mapped_unverified","height":"inferred","levels":"community_record"},"geometry_role":"mapped_building_outline","height":22.2,"height_source":"osm:building:levels × assumed storey","id":"osm_way_1173057050","is_part":false,"levels":6.0,"levels_source":"osm:building:levels","map_feature_id":"map-feature-4a3a4e4d8ed20f93513b","min_height":0.0,"name":"电子与光学工程学院、柔性材料（未来技术）学院","osm_id":1173057050,"osm_type":"way","osm_version":3,"parent_id":null,"source_ids":["construction_home_image_03","gallery-13"],"source_timestamp":"2024-05-21T02:58:50Z","source_url":"https://www.openstreetmap.org/way/1173057050","space_id":null,"spatial_signature":"afab5eb9264845a567e5dde295f6ee0b52192a14b3d89539a5cf26d21361820a","storey_height_assumption_m":3.6,"style_hint":"academic","tags":{"building":"yes","building:levels":"6","name":"电子与光学工程学院、柔性材料（未来技术）学院"},"underground":false},"type":"Feature"},{"geometry":{"coordinates":[[[118.9228971971586,32.11572380383511],[118.92300189816102,32.11557249991247],[118.92367679586296,32.1158924014295],[118.92356959480365,32.11605230330865],[118.9228971971586,32.11572380383511]]],"type":"Polygon"},"id":"osm_way_1173057051","properties":{"area_m2":1456.447164,"asset_id":"osm_way_1173057051","base_z":0.0,"center":[-163.057,87.098],"confidence":{"appearance":"requires_photo_evidence","footprint":"mapped_unverified","height":"inferred","levels":"community_record"},"geometry_role":"mapped_building_outline","height":22.2,"height_source":"osm:building:levels × assumed storey","id":"osm_way_1173057051","is_part":false,"levels":6.0,"levels_source":"osm:building:levels","map_feature_id":"map-feature-baa20354808a4b1260f1","min_height":0.0,"name":"自动化学院、人工智能学院","osm_id":1173057051,"osm_type":"way","osm_version":3,"parent_id":null,"source_ids":["construction_home_image_03","gallery-13"],"source_timestamp":"2024-05-21T02:58:50Z","source_url":"https://www.openstreetmap.org/way/1173057051","space_id":null,"spatial_signature":"259befff5300fcde2ac0d6fd78e8e622d2b41df1f15a858f9261866bc0fc5ca6","storey_height_assumption_m":3.6,"style_hint":"academic","tags":{"building":"yes","building:levels":"6","name":"自动化学院、人工智能学院"},"underground":false},"type":"Feature"},{"geometry":{"coordinates":[[[118.9239339975383,32.1160092986538],[118.92431929782516,32.116185399723264],[118.92421980178479,32.116336697723064],[118.92383700376143,32.116162695937646],[118.9239339975383,32.1160092986538]]],"type":"Polygon"},"id":"osm_way_1173057052","properties":{"area_m2":792.282892,"asset_id":"osm_way_1173057052","base_z":0.0,"center":[-89.377,128.537],"confidence":{"appearance":"requires_photo_evidence","footprint":"mapped_unverified","height":"inferred","levels":"community_record"},"geometry_role":"mapped_building_outline","height":22.2,"height_source":"osm:building:levels × assumed storey","id":"osm_way_1173057052","is_part":false,"levels":6.0,"levels_source":"osm:building:levels","map_feature_id":"map-feature-c2816462930f4bbefe0b","min_height":0.0,"name":"地理与生物信息学院","osm_id":1173057052,"osm_type":"way","osm_version":3,"parent_id":null,"source_ids":["construction_home_image_03","gallery-13"],"source_timestamp":"2024-05-21T02:58:50Z","source_url":"https://www.openstreetmap.org/way/1173057052","space_id":null,"spatial_signature":"1325cc44f5abe417c154b319300f2df7c1a374acbb70d3c95baca14b73c31ac1","storey_height_assumption_m":3.6,"style_hint":"academic","tags":{"building":"yes","building:levels":"6","name":"地理与生物信息学院"},"underground":false},"type":"Feature"},{"geometry":{"coordinates":[[[118.92262180417129,32.11612760151467],[118.92272640012233,32.1159762994028],[118.92340129999012,32.11629620229219],[118.92329420394738,32.11645610235547],[118.92262180417129,32.11612760151467]]],"type":"Polygon"},"id":"osm_way_1173057053","properties":{"area_m2":1456.076369,"asset_id":"osm_way_1173057053","base_z":0.0,"center":[-189.847,131.404],"confidence":{"appearance":"requires_photo_evidence","footprint":"mapped_unverified","height":"inferred","levels":"community_record"},"geometry_role":"mapped_building_outline","height":22.2,"height_source":"osm:building:levels × assumed storey","id":"osm_way_1173057053","is_part":false,"levels":6.0,"levels_source":"osm:building:levels","map_feature_id":"map-feature-fa404dcc5c86d457ec83","min_height":0.0,"name":"集成电路科学与工程学院","osm_id":1173057053,"osm_type":"way","osm_version":3,"parent_id":null,"source_ids":["construction_home_image_03","gallery-13"],"source_timestamp":"2024-05-21T02:58:50Z","source_url":"https://www.openstreetmap.org/way/1173057053","space_id":null,"spatial_signature":"ae9f62e3940637d888b7afa8b5b3855cc72dc4fa51305a8e37c8c037465d1773","storey_height_assumption_m":3.6,"style_hint":"academic","tags":{"building":"yes","building:levels":"6","name":"集成电路科学与工程学院"},"underground":false},"type":"Feature"},{"geometry":{"coordinates":[[[118.9236437005611,32.11641779861292],[118.92414259793483,32.11664580330072],[118.9240750048927,32.11674629690169],[118.92400609590607,32.11671490145689],[118.92397039607998,32.11676459991313],[118.9235468014299,32.11657120326806],[118.9236437005611,32.11641779861292]]],"type":"Polygon"},"id":"osm_way_1173057054","properties":{"area_m2":978.387494,"asset_id":"osm_way_1173057054","base_z":0.0,"center":[-113.125,175.484],"confidence":{"appearance":"requires_photo_evidence","footprint":"mapped_unverified","height":"inferred","levels":"community_record"},"geometry_role":"mapped_building_outline","height":22.2,"height_source":"osm:building:levels × assumed storey","id":"osm_way_1173057054","is_part":false,"levels":6.0,"levels_source":"osm:building:levels","map_feature_id":"map-feature-f82f010a4135e6f53953","min_height":0.0,"name":"工程实验教学部","osm_id":1173057054,"osm_type":"way","osm_version":4,"parent_id":null,"source_ids":["construction_home_image_03","gallery-13"],"source_timestamp":"2024-05-27T06:24:24Z","source_url":"https://www.openstreetmap.org/way/1173057054","space_id":null,"spatial_signature":"b0cbbe8818406c72b9c1ea5e0a0b736b80f6ab7e558a8b2ef3a77e4208ef17fc","storey_height_assumption_m":3.6,"style_hint":"academic","tags":{"building":"yes","building:levels":"6","name":"工程实验教学部"},"underground":false},"type":"Feature"},{"geometry":{"coordinates":[[[118.9227633978987,32.11676570360183],[118.92286930094032,32.116600401414274],[118.92336300167851,32.1168414039458],[118.92359909598176,32.11739680396916],[118.92331200007975,32.117825800818686],[118.92311930378908,32.117737199495714],[118.92316059695277,32.11767269659216],[118.92336689487118,32.11735030168744],[118.92330689762431,32.11721529966301],[118.92310019680741,32.11727899654134],[118.92303390425428,32.117137397606456],[118.92324310209835,32.11707149824165],[118.92319080014927,32.116952704381326],[118.92316779907557,32.116959096851815],[118.92313280441851,32.1169424014268],[118.9227633978987,32.11676570360183]]],"type":"Polygon"},"id":"osm_way_1173057055","properties":{"area_m2":3544.353249,"asset_id":"osm_way_1173057055","base_z":0.0,"center":[-168.888,238.331],"confidence":{"appearance":"requires_photo_evidence","footprint":"mapped_unverified","height":"inferred","levels":"community_record"},"geometry_role":"mapped_building_outline","height":22.2,"height_source":"osm:building:levels × assumed storey","id":"osm_way_1173057055","is_part":false,"levels":6.0,"levels_source":"osm:building:levels","map_feature_id":"map-feature-adda8baff513f33f4eb9","min_height":0.0,"name":"计算机学院、软件学院、网络空间安全学院","osm_id":1173057055,"osm_type":"way","osm_version":4,"parent_id":null,"source_ids":["construction_home_image_03","gallery-13"],"source_timestamp":"2024-05-21T02:58:50Z","source_url":"https://www.openstreetmap.org/way/1173057055","space_id":null,"spatial_signature":"a7fe4eb008e950e68dd78c20bc0af0d9503b0144e5372dac15b821343bc6bec0","storey_height_assumption_m":3.6,"style_hint":"academic","tags":{"building":"yes","building:levels":"6","name":"计算机学院、软件学院、网络空间安全学院"},"underground":false},"type":"Feature"},{"geometry":{"coordinates":[[[118.9245717993796,32.11745660005585],[118.92418929787256,32.11727779665121],[118.92411170026682,32.117398501541004],[118.92468190052752,32.117679698896914],[118.92458089933812,32.117827998554674],[118.92385010401102,32.117474903629045],[118.9241280006838,32.11705010419464],[118.9246783008347,32.11730680072661],[118.9245717993796,32.11745660005585]]],"type":"Polygon"},"id":"osm_way_1173057056","properties":{"area_m2":2940.828363,"asset_id":"osm_way_1173057056","base_z":0.0,"center":[-72.666,267.727],"confidence":{"appearance":"requires_photo_evidence","footprint":"mapped_unverified","height":"inferred","levels":"community_record"},"geometry_role":"mapped_building_outline","height":22.2,"height_source":"osm:building:levels × assumed storey","id":"osm_way_1173057056","is_part":false,"levels":6.0,"levels_source":"osm:building:levels","map_feature_id":"map-feature-c56aec79aa973967b065","min_height":0.0,"name":"南京邮电大学-文科楼","osm_id":1173057056,"osm_type":"way","osm_version":2,"parent_id":null,"source_ids":["construction_home_image_03","gallery-13"],"source_timestamp":"2024-05-21T02:58:50Z","source_url":"https://www.openstreetmap.org/way/1173057056","space_id":null,"spatial_signature":"f5e8ce2c912d8ff268cb7bd53ff26bb39c3f05a320b3663ce211f60f3df644ab","storey_height_assumption_m":3.6,"style_hint":"academic","tags":{"building":"yes","building:levels":"6","name":"南京邮电大学-文科楼"},"underground":false},"type":"Feature"},{"geometry":{"coordinates":[[[118.92345600141849,32.11816810043095],[118.92374050497551,32.11775090398604],[118.9239281011263,32.117843902167174],[118.9239510046485,32.1178070975586],[118.92444350434866,32.11803839995297],[118.92414370027446,32.11850410241608],[118.92398679722587,32.11842739615087],[118.92392929703011,32.118516002010566],[118.92348659562776,32.118306399292024],[118.92350189624398,32.118280497518114],[118.9234495956147,32.118257796681334],[118.9234955029249,32.11818540372197],[118.92345600141849,32.11816810043095]],[[118.92417736984784,32.11811678386108],[118.92382512690676,32.11795076897182],[118.92366598939796,32.11819532283955],[118.92401823303811,32.11836133814053],[118.92417736984784,32.11811678386108]]],"type":"Polygon"},"id":"osm_way_1173059720","properties":{"area_m2":3651.903362,"asset_id":"osm_way_1173059720","base_z":0.0,"center":[-107.697,346.906],"confidence":{"appearance":"photo_informed_unmeasured","footprint":"inferred_photo_plan","height":"inferred","levels":"inferred"},"courtyard_area_m2":1178.0,"geometry_role":"plan_outline_with_courtyards","height":22.2,"height_source":"osm:building:levels × assumed storey","id":"osm_way_1173059720","is_part":false,"levels":6.0,"levels_source":"osm:building:levels","map_feature_id":"map-feature-b9659bf61142504b2823","min_height":0.0,"name":"材料科学与工程学院-新大楼","osm_id":1173059720,"osm_type":"way","osm_version":3,"parent_id":null,"reason":"Visible internal courtyard(s) absent from simple OSM footprint; schematic proportions fitted inside mapped exterior. Meter sizes require field verification.","source_ids":["construction_home_image_01","gallery-17","materials-completion","materials_completion_2023_image_02"],"source_timestamp":"2024-05-21T02:58:50Z","source_url":"https://www.openstreetmap.org/way/1173059720","space_id":null,"spatial_signature":"64ee40905cd5f06f6a259dfef7338e02c12964463ad5c96fd8eefbedaac74ce2","storey_height_assumption_m":3.6,"style_hint":"science","tags":{"building":"yes","building:levels":"6","name":"材料科学与工程学院-新大楼"},"underground":false},"type":"Feature"},{"geometry":{"coordinates":[[[118.92391580311511,32.119758703951184],[118.92395080534514,32.11970500246635],[118.92387910502798,32.119671502823536],[118.92395369789612,32.11955700399568],[118.92389099666177,32.1195275976771],[118.92410809744509,32.1191941960738],[118.92417730295115,32.119226497860886],[118.92425469814117,32.11910769910139],[118.925275502897,32.11958479886402],[118.92487119654658,32.12020529621552],[118.92391580311511,32.119758703951184]]],"type":"Polygon"},"id":"osm_way_1281082570","properties":{"area_m2":8923.206687,"asset_id":"osm_way_1281082570","base_z":0.0,"center":[-51.933,514.377],"confidence":{"appearance":"requires_photo_evidence","footprint":"mapped_unverified","height":"inferred","levels":"community_record"},"geometry_role":"mapped_building_outline","height":19.8,"height_source":"osm:building:levels × assumed storey","id":"osm_way_1281082570","is_part":false,"levels":4.0,"levels_source":"osm:building:levels","map_feature_id":"map-feature-66e464a36e411b02c0c4","min_height":0.0,"name":"新体育馆","osm_id":1281082570,"osm_type":"way","osm_version":2,"parent_id":null,"source_ids":["construction_article_241104_image_01","construction_article_248369_image_01_original","construction_article_267603_image_00_original","construction_home_image_00","gym-case","gym-opening","new-gym-01","new-gym-02","new-gym-03"],"source_timestamp":"2026-05-21T00:32:04Z","source_url":"https://www.openstreetmap.org/way/1281082570","space_id":null,"spatial_signature":"39d179bca34678cec29f2eca536803f5a294f25c428c80d6fce5a1ff960fcecc","storey_height_assumption_m":4.8,"style_hint":"sports_hall","tags":{"building":"yes","building:levels":"4","fee":"no","leisure":"sports_centre","name":"新体育馆","name:zh":"新体育馆","wheelchair":"limited"},"underground":false},"type":"Feature"},{"geometry":{"coordinates":[[[118.92842080259396,32.1105686019006],[118.92838329927477,32.11056910102523],[118.92830510311562,32.11056910157157],[118.92840829926388,32.110318701952686],[118.92846139880263,32.11032059891378],[118.92848949490086,32.11031420006307],[118.92848919980284,32.11027900177174],[118.92849820009775,32.11027109894783],[118.92851079625784,32.11026839966593],[118.928522499213,32.11027109858181],[118.9285310986262,32.11027839958099],[118.92853110337386,32.110313899935726],[118.92857510244386,32.11031389709461],[118.92857510231373,32.11023780027224],[118.92861130192556,32.11023779898419],[118.92861129852926,32.11028399649137],[118.92863309677624,32.11028399812547],[118.92863309555268,32.110278397086],[118.92864010026017,32.110278398605345],[118.92864009972568,32.11025620182768],[118.9287587975898,32.11025619734259],[118.92875879959438,32.11044020243525],[118.9287265948723,32.11044019702058],[118.9287266036561,32.110568597303306],[118.92842080259396,32.1105686019006]]],"type":"Polygon"},"id":"osm_way_1390009973","properties":{"area_m2":1150.290577,"asset_id":"osm_way_1390009973","base_z":0.0,"center":[345.006,-500.996],"confidence":{"appearance":"requires_photo_evidence","footprint":"mapped_unverified","height":"inferred","levels":"community_record"},"geometry_role":"mapped_building_outline","height":12.6,"height_source":"osm:building:levels × assumed storey","id":"osm_way_1390009973","is_part":false,"levels":3.0,"levels_source":"osm:building:levels","map_feature_id":"map-feature-f6ccfaa9cf4e47010942","min_height":0.0,"name":"南邮仙林一食堂","osm_id":1390009973,"osm_type":"way","osm_version":1,"parent_id":null,"source_ids":["guide-2020-02","guide-2020-05","guide-2020-08","guide-2020-page","map-2017"],"source_timestamp":"2025-05-27T09:15:45Z","source_url":"https://www.openstreetmap.org/way/1390009973","space_id":null,"spatial_signature":"70ef42576322780783198fb53bafdc10e31b2ee9410d02b07010489e370a5372","storey_height_assumption_m":4.0,"style_hint":"dining","tags":{"amenity":"restaurant","building":"yes","building:levels":"3","fast_food":"cafeteria","name":"南邮仙林一食堂","name:zh":"南邮仙林一食堂"},"underground":false},"type":"Feature"},{"geometry":{"coordinates":[[[118.92849380044994,32.11093669974128],[118.92848859511597,32.11093659864883],[118.92837959477791,32.11093669870617],[118.92837960415638,32.11099509928806],[118.92832699976312,32.11099509785677],[118.92832699980711,32.111008203069034],[118.92810970474251,32.1110082026605],[118.92828809870842,32.110570298601296],[118.92838329927477,32.11056910102523],[118.92842080259396,32.1105686019006],[118.92838839732677,32.11058929901872],[118.92836140435236,32.11061490142417],[118.92834089814208,32.110644599044925],[118.92832769927709,32.110677098627484],[118.92832230183153,32.110711202085014],[118.92832539635064,32.11074799926865],[118.92833759633601,32.11078340405582],[118.9283584036301,32.110815899750385],[118.92838679927104,32.11084389641325],[118.92842149700665,32.11086619601155],[118.92842070148502,32.110908996243765],[118.92849359936419,32.11090950024365],[118.92849380044994,32.11093669974128]]],"type":"Polygon"},"id":"osm_way_1390009974","properties":{"area_m2":786.831925,"asset_id":"osm_way_1390009974","base_z":0.0,"center":[318.032,-455.586],"confidence":{"appearance":"requires_photo_evidence","footprint":"mapped_unverified","height":"inferred","levels":"community_record"},"geometry_role":"mapped_building_outline","height":12.6,"height_source":"osm:building:levels × assumed storey","id":"osm_way_1390009974","is_part":false,"levels":3.0,"levels_source":"osm:building:levels","map_feature_id":"map-feature-d776574d67e5d69e8c62","min_height":0.0,"name":"南邮仙林一食堂","osm_id":1390009974,"osm_type":"way","osm_version":1,"parent_id":null,"source_ids":["guide-2020-02","guide-2020-05","guide-2020-08","guide-2020-page","map-2017"],"source_timestamp":"2025-05-27T09:15:45Z","source_url":"https://www.openstreetmap.org/way/1390009974","space_id":null,"spatial_signature":"b95084d43d8353ce339183fb9f279e210f7cfed50ed48525b3716a57f5cd3ec7","storey_height_assumption_m":4.0,"style_hint":"dining","tags":{"amenity":"restaurant","building":"yes","building:levels":"3","fast_food":"cafeteria","name":"南邮仙林一食堂","name:zh":"南邮仙林一食堂"},"underground":false},"type":"Feature"},{"geometry":{"coordinates":[[[118.92874969601623,32.11094050385243],[118.92872900180579,32.11094009758671],[118.92872999750983,32.11098240151724],[118.92854720495633,32.11098180403672],[118.92854720467723,32.110995396301675],[118.9284881997494,32.11099540224914],[118.92848859511597,32.11093659864883],[118.92849380044994,32.11093669974128],[118.92849359936419,32.11090950024365],[118.92842070148502,32.110908996243765],[118.92842149700665,32.11086619601155],[118.92838679927104,32.11084389641325],[118.9283584036301,32.110815899750385],[118.92833759633601,32.11078340405582],[118.92832539635064,32.11074799926865],[118.92832230183153,32.110711202085014],[118.92832769927709,32.110677098627484],[118.92834089814208,32.110644599044925],[118.92836140435236,32.11061490142417],[118.92838839732677,32.11058929901872],[118.92842080259396,32.1105686019006],[118.9287266036561,32.110568597303306],[118.92875040475306,32.11056859545969],[118.92875039823333,32.1106483993566],[118.92873630401253,32.11064839762314],[118.9287606018719,32.11066999873055],[118.92877880153264,32.11069539972413],[118.92879029909669,32.11072359963282],[118.92879430222554,32.11075320350166],[118.92879070475894,32.110783698842184],[118.92877920427091,32.11081279932995],[118.92876040490007,32.1108389985354],[118.92873529880056,32.11086109979594],[118.92875039984065,32.110861104228064],[118.92874969601623,32.11094050385243]]],"type":"Polygon"},"id":"osm_way_1390009975","properties":{"area_m2":1642.652378,"asset_id":"osm_way_1390009975","base_z":0.0,"center":[345.106,-463.904],"confidence":{"appearance":"requires_photo_evidence","footprint":"mapped_unverified","height":"inferred","levels":"community_record"},"geometry_role":"mapped_building_outline","height":12.6,"height_source":"osm:building:levels × assumed storey","id":"osm_way_1390009975","is_part":false,"levels":3.0,"levels_source":"osm:building:levels","map_feature_id":"map-feature-c110ab0b45706e3b93ad","min_height":0.0,"name":"南邮仙林一食堂","osm_id":1390009975,"osm_type":"way","osm_version":1,"parent_id":null,"source_ids":["guide-2020-02","guide-2020-05","guide-2020-08","guide-2020-page","map-2017"],"source_timestamp":"2025-05-27T09:15:45Z","source_url":"https://www.openstreetmap.org/way/1390009975","space_id":null,"spatial_signature":"01a625632e3bd461943fc40a8331aa5f550aab6cf74590f746f94cd244f1a711","storey_height_assumption_m":4.0,"style_hint":"dining","tags":{"amenity":"restaurant","building":"yes","building:levels":"3","fast_food":"cafeteria","name":"南邮仙林一食堂","name:zh":"南邮仙林一食堂"},"underground":false},"type":"Feature"},{"geometry":{"coordinates":[[[118.92600060102141,32.10936019683055],[118.92600120019259,32.10917679575436],[118.92653470294255,32.10917419809969],[118.92653489889616,32.10936160069669],[118.92600060102141,32.10936019683055]]],"type":"Polygon"},"id":"osm_way_1454085437","properties":{"area_m2":1035.980569,"asset_id":"osm_way_1454085437","base_z":0.0,"center":[131.087,-633.353],"confidence":{"appearance":"requires_photo_evidence","footprint":"mapped_unverified","height":"community_record","levels":"inferred"},"geometry_role":"mapped_building_outline","height":18.0,"height_source":"osm:height","id":"osm_way_1454085437","is_part":false,"levels":5.0,"levels_source":"inferred building typology","map_feature_id":"map-feature-c0c46fab7fac5ffdbae1","min_height":17.8,"name":"仙林南门","name_source":"Official campus map and south-entrance photographs","osm_id":1454085437,"osm_type":"way","osm_version":2,"parent_id":null,"source_ids":["gallery-01","gallery-02","gallery-08","official-logo-ai","official-name-vector","visiting_gallery_image_35","visiting_gallery_image_44"],"source_timestamp":"2026-04-25T08:16:15Z","source_url":"https://www.openstreetmap.org/way/1454085437","space_id":null,"spatial_signature":"ccb8cc123ede5ea373af69541991a0d615fb26561c7390464278cfc19cecb4aa","storey_height_assumption_m":null,"style_hint":"academic","tags":{"building":"roof","height":"18","layer":"1","min_height":"17.8"},"underground":false},"type":"Feature"},{"geometry":{"coordinates":[[[118.92086040608994,32.11783564457701],[118.92100800682488,32.11765368357645],[118.92151312288956,32.11783805844132],[118.92135805343435,32.118045405805034],[118.92086040608994,32.11783564457701]]],"type":"Polygon"},"id":"njupt_k_dormitory_01","properties":{"area_m2":1333.433675,"asset_id":"njupt_k_dormitory_01","base_z":0.0,"center":[-365.204,309.048],"confidence":{"appearance":"requires_photo_evidence","footprint":"inferred from manually registered official design drawing","height":"inferred","levels":"official design record; as-built unmeasured"},"geometry_role":"roof_block_proxy","height":18.1,"height_source":"five observed official design storeys × assumed 4.0m dining / 3.5m dormitory + 0.6m parapet","id":"njupt_k_dormitory_01","is_part":false,"levels":5.0,"levels_source":"Official NJUPT K-group project announcement 2024-06-21","map_feature_id":null,"min_height":0.0,"name":"K组团宿舍（模型序号1）","notes":"The numbered dormitory label is an internal modelling index, not a verified campus building number. Footprint is approximate roof block, not a survey. Not one of the existing six Yingyuan dormitories.","parent_id":null,"source_ids":["construction_article_300088_image_00_original","k-opening-2026","k-plan","k_complete_20260901_image_00","k_inspection_20260901_full_image_00_original","k_structure_2025_image_00"],"source_url":"https://www.njupt.edu.cn/2024/0621/c72a266456/page.htm","space_id":null,"spatial_signature":"cb3c6b790b2034e166797f6a5e878e598e612a5551922f02a987a15f2a0ae6f7","style_hint":"dormitory","tags":{"building":"dormitory","building:levels":"5","source":"Official NJUPT 2024 K-group site drawing"},"underground":false},"type":"Feature"},{"geometry":{"coordinates":[[[118.92147523648319,32.11807781064606],[118.92163756672606,32.117882664430994],[118.92209123920553,32.11808811158701],[118.92193623658804,32.118282930638905],[118.92147523648319,32.11807781064606]]],"type":"Polygon"},"id":"njupt_k_dormitory_02","properties":{"area_m2":1274.041407,"asset_id":"njupt_k_dormitory_02","base_z":0.0,"center":[-309.523,336.382],"confidence":{"appearance":"requires_photo_evidence","footprint":"inferred from manually registered official design drawing","height":"inferred","levels":"official design record; as-built unmeasured"},"geometry_role":"roof_block_proxy","height":18.1,"height_source":"five observed official design storeys × assumed 4.0m dining / 3.5m dormitory + 0.6m parapet","id":"njupt_k_dormitory_02","is_part":false,"levels":5.0,"levels_source":"Official NJUPT K-group project announcement 2024-06-21","map_feature_id":null,"min_height":0.0,"name":"K组团宿舍（模型序号2）","notes":"The numbered dormitory label is an internal modelling index, not a verified campus building number. Footprint is approximate roof block, not a survey. Not one of the existing six Yingyuan dormitories.","parent_id":null,"source_ids":["construction_article_300088_image_00_original","k-opening-2026","k-plan","k_complete_20260901_image_00","k_inspection_20260901_full_image_00_original","k_structure_2025_image_00"],"source_url":"https://www.njupt.edu.cn/2024/0621/c72a266456/page.htm","space_id":null,"spatial_signature":"b4c0c0629f8cb73c3dada7ef96025fddba09c33b6e55865fc5d34bc308b7cf44","style_hint":"dormitory","tags":{"building":"dormitory","building:levels":"5","source":"Official NJUPT 2024 K-group site drawing"},"underground":false},"type":"Feature"},{"geometry":{"coordinates":[[[118.92206809525126,32.11831467915502],[118.92224519324307,32.118100087553785],[118.92266219048571,32.11830715383672],[118.92249244781219,32.118515158345005],[118.92206809525126,32.11831467915502]]],"type":"Polygon"},"id":"njupt_k_dormitory_03","properties":{"area_m2":1300.011449,"asset_id":"njupt_k_dormitory_03","base_z":0.0,"center":[-255.118,362.408],"confidence":{"appearance":"requires_photo_evidence","footprint":"inferred from manually registered official design drawing","height":"inferred","levels":"official design record; as-built unmeasured"},"geometry_role":"roof_block_proxy","height":18.1,"height_source":"five observed official design storeys × assumed 4.0m dining / 3.5m dormitory + 0.6m parapet","id":"njupt_k_dormitory_03","is_part":false,"levels":5.0,"levels_source":"Official NJUPT K-group project announcement 2024-06-21","map_feature_id":null,"min_height":0.0,"name":"K组团宿舍（模型序号3）","notes":"The numbered dormitory label is an internal modelling index, not a verified campus building number. Footprint is approximate roof block, not a survey. Not one of the existing six Yingyuan dormitories.","parent_id":null,"source_ids":["construction_article_300088_image_00_original","k-opening-2026","k-plan","k_complete_20260901_image_00","k_inspection_20260901_full_image_00_original","k_structure_2025_image_00"],"source_url":"https://www.njupt.edu.cn/2024/0621/c72a266456/page.htm","space_id":null,"spatial_signature":"3a0d710c8015040f8908159afb9aa5c6ace6f0a906a79a8d527a798259218a76","style_hint":"dormitory","tags":{"building":"dormitory","building:levels":"5","source":"Official NJUPT 2024 K-group site drawing"},"underground":false},"type":"Feature"},{"geometry":{"coordinates":[[[118.92114093178704,32.11747236906275],[118.92133242494954,32.11731352575836],[118.9218152743402,32.117549007766684],[118.92160184536431,32.117696297194115],[118.92114093178704,32.11747236906275]]],"type":"Polygon"},"id":"njupt_k_dormitory_04","properties":{"area_m2":1242.562548,"asset_id":"njupt_k_dormitory_04","base_z":0.0,"center":[-337.74,272.028],"confidence":{"appearance":"requires_photo_evidence","footprint":"inferred from manually registered official design drawing","height":"inferred","levels":"official design record; as-built unmeasured"},"geometry_role":"roof_block_proxy","height":18.1,"height_source":"five observed official design storeys × assumed 4.0m dining / 3.5m dormitory + 0.6m parapet","id":"njupt_k_dormitory_04","is_part":false,"levels":5.0,"levels_source":"Official NJUPT K-group project announcement 2024-06-21","map_feature_id":null,"min_height":0.0,"name":"K组团宿舍（模型序号4）","notes":"The numbered dormitory label is an internal modelling index, not a verified campus building number. Footprint is approximate roof block, not a survey. Not one of the existing six Yingyuan dormitories.","parent_id":null,"source_ids":["construction_article_300088_image_00_original","k-opening-2026","k-plan","k_complete_20260901_image_00","k_inspection_20260901_full_image_00_original","k_structure_2025_image_00"],"source_url":"https://www.njupt.edu.cn/2024/0621/c72a266456/page.htm","space_id":null,"spatial_signature":"5846779cc9594dfe92d1ac8e6eff53880347c3f5bceea7eaf15f4efa74fe6b7a","style_hint":"dormitory","tags":{"building":"dormitory","building:levels":"5","source":"Official NJUPT 2024 K-group site drawing"},"underground":false},"type":"Feature"},{"geometry":{"coordinates":[[[118.9221435359895,32.117897837431556],[118.92236427468211,32.11775649714341],[118.92273728308622,32.11795924352707],[118.92261178096848,32.11812143396435],[118.9221435359895,32.117897837431556]]],"type":"Polygon"},"id":"njupt_k_dormitory_05","properties":{"area_m2":1054.246089,"asset_id":"njupt_k_dormitory_05","base_z":0.0,"center":[-245.705,321.013],"confidence":{"appearance":"requires_photo_evidence","footprint":"inferred from manually registered official design drawing","height":"inferred","levels":"official design record; as-built unmeasured"},"geometry_role":"roof_block_proxy","height":18.1,"height_source":"five observed official design storeys × assumed 4.0m dining / 3.5m dormitory + 0.6m parapet","id":"njupt_k_dormitory_05","is_part":false,"levels":5.0,"levels_source":"Official NJUPT K-group project announcement 2024-06-21","map_feature_id":null,"min_height":0.0,"name":"K组团宿舍（模型序号5）","notes":"The numbered dormitory label is an internal modelling index, not a verified campus building number. Footprint is approximate roof block, not a survey. Not one of the existing six Yingyuan dormitories.","parent_id":null,"source_ids":["construction_article_300088_image_00_original","k-opening-2026","k-plan","k_complete_20260901_image_00","k_inspection_20260901_full_image_00_original","k_structure_2025_image_00"],"source_url":"https://www.njupt.edu.cn/2024/0621/c72a266456/page.htm","space_id":null,"spatial_signature":"8929059c5ca1595df5de60d9c86751cb62bf7cfe59322effb8dad4d183a5c190","style_hint":"dormitory","tags":{"building":"dormitory","building:levels":"5","source":"Official NJUPT 2024 K-group site drawing"},"underground":false},"type":"Feature"},{"geometry":{"coordinates":[[[118.92135528991079,32.11714335193903],[118.92158344852685,32.11698288744025],[118.92204420127293,32.11723814090675],[118.92180158241585,32.11735539724149],[118.92135528991079,32.11714335193903]]],"type":"Polygon"},"id":"njupt_k_dormitory_06","properties":{"area_m2":1234.605891,"asset_id":"njupt_k_dormitory_06","base_z":0.0,"center":[-316.358,235.694],"confidence":{"appearance":"requires_photo_evidence","footprint":"inferred from manually registered official design drawing","height":"inferred","levels":"official design record; as-built unmeasured"},"geometry_role":"roof_block_proxy","height":18.1,"height_source":"five observed official design storeys × assumed 4.0m dining / 3.5m dormitory + 0.6m parapet","id":"njupt_k_dormitory_06","is_part":false,"levels":5.0,"levels_source":"Official NJUPT K-group project announcement 2024-06-21","map_feature_id":null,"min_height":0.0,"name":"K组团宿舍（模型序号6）","notes":"The numbered dormitory label is an internal modelling index, not a verified campus building number. Footprint is approximate roof block, not a survey. Not one of the existing six Yingyuan dormitories.","parent_id":null,"source_ids":["construction_article_300088_image_00_original","k-opening-2026","k-plan","k_complete_20260901_image_00","k_inspection_20260901_full_image_00_original","k_structure_2025_image_00"],"source_url":"https://www.njupt.edu.cn/2024/0621/c72a266456/page.htm","space_id":null,"spatial_signature":"86e76315f167bbcc735be215c6102f8bd02d574bf10bf21d33bb293c5e0e4841","style_hint":"dormitory","tags":{"building":"dormitory","building:levels":"5","source":"Official NJUPT 2024 K-group site drawing"},"underground":false},"type":"Feature"},{"geometry":{"coordinates":[[[118.9213715486729,32.11682938247087],[118.92178629353677,32.1160278707908],[118.92220385095811,32.11612214248166],[118.92193518049342,32.117042487334416],[118.9213715486729,32.11682938247087]]],"type":"Polygon"},"id":"njupt_k_dining_04","properties":{"area_m2":4969.688733,"asset_id":"njupt_k_dining_04","base_z":0.0,"center":[-303.348,164.447],"confidence":{"appearance":"requires_photo_evidence","footprint":"inferred from manually registered official design drawing","height":"inferred","levels":"official design record; as-built unmeasured"},"geometry_role":"roof_block_proxy","height":20.6,"height_source":"five observed official design storeys × assumed 4.0m dining / 3.5m dormitory + 0.6m parapet","id":"njupt_k_dining_04","is_part":false,"levels":5.0,"levels_source":"Official NJUPT K-group project announcement 2024-06-21","map_feature_id":null,"min_height":0.0,"name":"南四食堂（K组团）","notes":"The numbered dormitory label is an internal modelling index, not a verified campus building number. Footprint is approximate roof block, not a survey. Not one of the existing six Yingyuan dormitories.","parent_id":null,"roof_activity_hint":"sports courts visible on official roof plan; court arrangement inferred","source_ids":["construction_article_300088_image_00_original","k-opening-2026","k-plan","k_complete_20260901_image_00","k_inspection_20260901_full_image_00_original","k_structure_2025_image_00"],"source_url":"https://www.njupt.edu.cn/2024/0621/c72a266456/page.htm","space_id":null,"spatial_signature":"3fcabe06e6ed7d979eb36768b120297d6ce6e24ba877b7428ca912dca3b0ac50","style_hint":"dining","tags":{"building":"dining","building:levels":"5","source":"Official NJUPT 2024 K-group site drawing"},"underground":false},"type":"Feature"},{"geometry":{"coordinates":[[[118.92533179881534,32.12028009691791],[118.92581709920479,32.1205164997486],[118.92586449712793,32.12044699655948],[118.925350003556,32.12019820334314],[118.92541519778932,32.12009850320252],[118.92543579827019,32.12006709992057],[118.92556900399207,32.11986359793058],[118.92567469649478,32.11991540296967],[118.92571009744036,32.11993269576586],[118.92610219776324,32.12012479604811],[118.92614370518423,32.12014519768666],[118.9261984041605,32.1201720007736],[118.92598040173242,32.12049349585548],[118.92592099483578,32.12058110338047],[118.92585899879472,32.12067260156194],[118.92533359540138,32.120416100364],[118.92533179881534,32.12028009691791]]],"type":"Polygon"},"id":"osm_way_223944208","properties":{"area_m2":3786.69452,"asset_id":"osm_way_223944208","base_z":0.0,"center":[59.695,583.937],"confidence":{"appearance":"photographic references; individual hidden elevations unverified","footprint":"mapped_unverified","height":"inferred"},"geometry_role":"mapped_building_outline","height":22.13,"height_source":"photo-proportioned 22m hall facade using mapped 42.47m width; ridge +0.13m, unmeasured","id":"osm_way_223944208","is_part":false,"levels":2.0,"levels_source":"Two hall facade/glazed-link levels; not a repeated ordinary-storey height conversion","map_feature_id":null,"min_height":0.0,"name":"体育馆（旧馆）","osm_version":7,"parent_id":null,"recovery_note":"Missing from v1 because source OSM way has leisure=stadium but no building tag; restored exact raw projected footprint, not a newly invented building.","source_ids":["construction_article_241104_image_01","construction_home_image_00","construction_home_image_04","map-2017"],"source_timestamp":"2026-05-21T00:32:56Z","source_url":"https://www.openstreetmap.org/way/223944208","space_id":null,"spatial_signature":"44f7a83546ed93d02dba8df6d031d4a0ac087a984a734c78d9df3d8624e6b1a7","style_hint":"old_gym","tags":{"leisure":"stadium","name":"体育馆","name:zh":"体育馆","wheelchair":"limited"},"triangulation_note":"Constrained Delaunay triangulation of saved projected outer ring; 2026-09-30 corrected missing concave-boundary triangle without changing the footprint.","underground":false},"type":"Feature"}],"name":"buildings","type":"FeatureCollection"}
