{"coordinate_frame":"campus_local_east_north_m","features":[{"geometry":{"coordinates":[[[-519.958,527.512],[-524.891,523.066],[-527.605,515.964],[-526.616,508.639],[-522.224,500.533],[-453.084,377.006],[-317.421,117.706],[-286.273,58.993],[-254.114,-2.386],[-230.546,-44.587],[-206.661,-88.734],[-201.668,-92.427],[-196.622,-93.779],[-189.111,-93.667],[-188.889,-102.369],[-187.673,-129.786],[-187.489,-140.097],[-183.488,-140.048],[-182.619,-159.086],[-179.249,-185.566],[-172.047,-235.268],[-161.846,-235.086],[-160.922,-274.707],[-161.949,-348.29],[-162.909,-413.477],[-163.319,-434.944],[-164.008,-471.467],[-164.462,-517.391],[-166.572,-674.229],[-166.3,-695.263],[-166.34,-698.857],[-166.281,-702.139],[-166.574,-731.246],[-167.114,-750.698],[-165.992,-787.111],[-166.575,-827.957],[-166.749,-856.818],[-166.818,-869.896],[-166.714,-884.156],[-166.408,-892.868],[-165.902,-896.331],[-160.878,-896.995],[-45.705,-852.406],[50.378,-814.578],[92.044,-794.958],[92.517,-814.591],[108.707,-807.747],[115.385,-804.788],[158.449,-787.881],[164.553,-785.554],[180.252,-779.262],[179.781,-761.925],[189.087,-758.143],[212.886,-747.625],[240.826,-736.467],[277.704,-725.226],[314.658,-713.974],[421.967,-674.289],[465.464,-652.071],[510.41,-629.118],[520.701,-624.486],[524.875,-616.637],[523.919,-608.602],[515.856,-594.806],[475.208,-522.046],[472.979,-518.304],[470.687,-514.175],[448.354,-471.011],[432.49,-431.701],[424.789,-410.168],[417.2,-384.906],[405.748,-332.075],[399.474,-285.861],[397.982,-234.16],[399.45,-200.696],[402.098,-170.393],[409.077,-130.496],[415.827,-98.434],[425.898,-53.059],[436.711,-7.482],[455.099,66.246],[470.107,129.455],[484.414,189.657],[500.849,256.995],[512.904,331.697],[513.597,347.27],[513.146,349.247],[512.118,350.826],[504.144,363.87],[495.024,379.788],[490.533,387.083],[485.16,396.158],[478.104,408.021],[472.506,417.57],[469.586,422.508],[488.343,433.447],[496.239,442.073],[498.506,447.781],[499.703,475.285],[497.332,494.896],[495.938,501.548],[485.962,535.761],[468.481,585.833],[452.979,617.674],[427.72,663.581],[397.679,722.501],[352.462,801.933],[346.433,813.415],[326.883,852.115],[317.386,866.43],[289.83,913.682],[266.376,958.49],[258.976,968.561],[252.298,974.109],[245.958,974.495],[232.093,971.352],[216.392,964.771],[164.675,940.289],[118.904,916.291],[89.158,902.406],[64.473,888.367],[6.986,853.956],[-192.248,733.501],[-196.644,731.781],[-199.716,733.611],[-206.537,747.22],[-241.605,725.81],[-245.302,720.332],[-244.901,712.143],[-237.808,700.269],[-237.773,698.262],[-248.574,691.626],[-257.781,686.027],[-259.706,687.601],[-267.986,683.006],[-317.535,654.772],[-360.88,629.089],[-396.863,604.425],[-449.231,571.25],[-519.958,527.512]]],"type":"Polygon"},"id":"osm_way_89910254","properties":{"area_m2":1183170.024433,"asset_id":"osm_way_89910254","center":[77.911342,88.129861],"context_layer":"boundary","geometry_role":"campus_boundary","geometry_status":"source_community_mapping_not_surveyed","id":"osm_way_89910254","map_feature_id":null,"measured":false,"name":"南京邮电大学（仙林校区）","source_url":"","space_id":null},"type":"Feature"},{"geometry":{"coordinates":[[[-427.058,530.366],[-428.278,527.827],[-428.158,525.356],[-419.848,511.363],[-417.143,510.524],[-339.641,556.99],[-338.274,559.188],[-338.331,562.37],[-344.935,573.842],[-347.915,575.83],[-351.125,576.405],[-423.683,532.7],[-427.058,530.366]],[[-417.467,512.293],[-423.707,522.418],[-389.758,543.131],[-383.518,533.006],[-417.467,512.293]],[[-376.082,536.798],[-382.547,547.386],[-346.691,569.086],[-340.225,558.499],[-376.082,536.798]]],"type":"Polygon"},"id":"osm_relation_7226454","properties":{"area_m2":1146.805491,"asset_id":"osm_relation_7226454","center":[-384.8,546.471669],"context_layer":"greens","geometry_role":"mapped_vegetation_outline","geometry_status":"source_community_mapping_not_surveyed","id":"osm_relation_7226454","map_feature_id":null,"measured":false,"name":"","osm_id":7226454,"osm_type":"relation","osm_version":1,"source_timestamp":"2017-05-08T05:23:42Z","source_url":"https://www.openstreetmap.org/relation/7226454","space_id":null,"tags":{"landuse":"grass","type":"multipolygon"},"vegetation":"grass"},"type":"Feature"},{"geometry":{"coordinates":[[[-394.434,417.346],[-394.492,420.616],[-404.65,437.149],[-406.933,438.661],[-409.361,438.784],[-460.596,408.746],[-461.564,404.77],[-450.667,386.01],[-447.535,385.034],[-395.953,415.245],[-394.434,417.346]],[[-406.44,431.694],[-399.962,420.896],[-448.762,391.889],[-455.24,402.676],[-406.44,431.694]]],"type":"Polygon"},"id":"osm_relation_7226455_p0","properties":{"area_m2":1048.200935,"asset_id":"osm_relation_7226455_p0","center":[-428.13845,412.446928],"context_layer":"greens","geometry_role":"mapped_vegetation_outline","geometry_status":"source_community_mapping_not_surveyed","id":"osm_relation_7226455_p0","map_feature_id":null,"measured":false,"name":"","osm_id":7226455,"osm_type":"relation","osm_version":1,"source_timestamp":"2017-05-08T05:23:42Z","source_url":"https://www.openstreetmap.org/relation/7226455","space_id":null,"tags":{"landuse":"grass","type":"multipolygon"},"vegetation":"grass"},"type":"Feature"},{"geometry":{"coordinates":[[[-410.491,445.551],[-410.674,448.92],[-422.061,467.116],[-424.361,469.072],[-428.275,470.0],[-478.29,440.838],[-479.373,438.068],[-478.808,434.951],[-467.645,415.009],[-464.854,413.55],[-461.337,413.746],[-412.193,442.516],[-410.491,445.551]],[[-443.663,451.071],[-423.882,462.858],[-417.696,452.588],[-467.643,422.828],[-473.82,433.099],[-443.663,451.071]]],"type":"Polygon"},"id":"osm_relation_7226455_p1","properties":{"area_m2":1370.92088,"asset_id":"osm_relation_7226455_p1","center":[-444.622977,441.166011],"context_layer":"greens","geometry_role":"mapped_vegetation_outline","geometry_status":"source_community_mapping_not_surveyed","id":"osm_relation_7226455_p1","map_feature_id":null,"measured":false,"name":"","osm_id":7226455,"osm_type":"relation","osm_version":1,"source_timestamp":"2017-05-08T05:23:42Z","source_url":"https://www.openstreetmap.org/relation/7226455","space_id":null,"tags":{"landuse":"grass","type":"multipolygon"},"vegetation":"grass"},"type":"Feature"},{"geometry":{"coordinates":[[[-344.743,446.657],[-345.141,449.922],[-355.142,466.635],[-357.758,467.797],[-360.872,467.742],[-398.567,445.354],[-400.087,443.264],[-400.368,439.466],[-390.72,422.924],[-387.927,421.421],[-384.634,421.48],[-345.741,444.399],[-344.743,446.657]],[[-355.159,460.734],[-349.094,450.384],[-387.452,428.106],[-393.517,438.468],[-355.159,460.734]]],"type":"Polygon"},"id":"osm_relation_7226455_p2","properties":{"area_m2":907.082189,"asset_id":"osm_relation_7226455_p2","center":[-373.482375,444.684824],"context_layer":"greens","geometry_role":"mapped_vegetation_outline","geometry_status":"source_community_mapping_not_surveyed","id":"osm_relation_7226455_p2","map_feature_id":null,"measured":false,"name":"","osm_id":7226455,"osm_type":"relation","osm_version":1,"source_timestamp":"2017-05-08T05:23:42Z","source_url":"https://www.openstreetmap.org/relation/7226455","space_id":null,"tags":{"landuse":"grass","type":"multipolygon"},"vegetation":"grass"},"type":"Feature"},{"geometry":{"coordinates":[[[-291.96,477.755],[-292.374,481.374],[-302.353,497.388],[-304.969,498.551],[-308.265,498.658],[-348.87,474.333],[-350.704,471.317],[-350.391,468.062],[-341.032,452.413],[-338.404,450.564],[-335.104,450.279],[-293.82,475.137],[-291.96,477.755]],[[-303.578,491.466],[-297.503,481.615],[-336.895,457.555],[-342.97,467.406],[-303.578,491.466]]],"type":"Polygon"},"id":"osm_relation_7226455_p3","properties":{"area_m2":999.352145,"asset_id":"osm_relation_7226455_p3","center":[-322.08059,474.674197],"context_layer":"greens","geometry_role":"mapped_vegetation_outline","geometry_status":"source_community_mapping_not_surveyed","id":"osm_relation_7226455_p3","map_feature_id":null,"measured":false,"name":"","osm_id":7226455,"osm_type":"relation","osm_version":1,"source_timestamp":"2017-05-08T05:23:42Z","source_url":"https://www.openstreetmap.org/relation/7226455","space_id":null,"tags":{"landuse":"grass","type":"multipolygon"},"vegetation":"grass"},"type":"Feature"},{"geometry":{"coordinates":[[[-361.883,474.145],[-361.341,477.626],[-373.204,497.167],[-375.516,499.244],[-379.014,500.08],[-418.758,476.147],[-419.464,473.418],[-418.642,469.661],[-407.695,450.703],[-404.79,449.246],[-400.843,449.162],[-363.957,471.391],[-361.883,474.145]],[[-373.929,492.307],[-368.049,482.786],[-406.367,459.333],[-412.247,468.855],[-373.929,492.307]]],"type":"Polygon"},"id":"osm_relation_7226455_p4","properties":{"area_m2":1192.075638,"asset_id":"osm_relation_7226455_p4","center":[-390.646642,473.643218],"context_layer":"greens","geometry_role":"mapped_vegetation_outline","geometry_status":"source_community_mapping_not_surveyed","id":"osm_relation_7226455_p4","map_feature_id":null,"measured":false,"name":"","osm_id":7226455,"osm_type":"relation","osm_version":1,"source_timestamp":"2017-05-08T05:23:42Z","source_url":"https://www.openstreetmap.org/relation/7226455","space_id":null,"tags":{"landuse":"grass","type":"multipolygon"},"vegetation":"grass"},"type":"Feature"},{"geometry":{"coordinates":[[[-309.238,505.55],[-309.146,508.868],[-321.338,529.923],[-323.639,531.39],[-326.834,531.632],[-367.777,507.223],[-368.931,504.186],[-368.559,500.267],[-357.146,480.562],[-354.551,479.555],[-350.755,479.467],[-311.167,503.109],[-309.238,505.55]],[[-323.057,523.592],[-316.651,513.182],[-355.185,489.692],[-361.59,500.091],[-323.057,523.592]]],"type":"Polygon"},"id":"osm_relation_7226455_p5","properties":{"area_m2":1232.2404,"asset_id":"osm_relation_7226455_p5","center":[-339.241491,504.721494],"context_layer":"greens","geometry_role":"mapped_vegetation_outline","geometry_status":"source_community_mapping_not_surveyed","id":"osm_relation_7226455_p5","map_feature_id":null,"measured":false,"name":"","osm_id":7226455,"osm_type":"relation","osm_version":1,"source_timestamp":"2017-05-08T05:23:42Z","source_url":"https://www.openstreetmap.org/relation/7226455","space_id":null,"tags":{"landuse":"grass","type":"multipolygon"},"vegetation":"grass"},"type":"Feature"},{"geometry":{"coordinates":[[[-463.542,518.924],[-472.92,534.606],[-474.689,536.438],[-477.9,536.513],[-510.744,516.808],[-512.202,514.431],[-511.988,511.939],[-502.07,496.134],[-499.378,494.984],[-496.163,495.175],[-465.056,513.84],[-463.898,516.123],[-463.542,518.924]],[[-473.875,532.559],[-467.548,521.825],[-501.467,502.034],[-507.793,512.757],[-473.875,532.559]]],"type":"Polygon"},"id":"osm_relation_7226455_p6","properties":{"area_m2":661.354164,"asset_id":"osm_relation_7226455_p6","center":[-487.696188,514.226849],"context_layer":"greens","geometry_role":"mapped_vegetation_outline","geometry_status":"source_community_mapping_not_surveyed","id":"osm_relation_7226455_p6","map_feature_id":null,"measured":false,"name":"","osm_id":7226455,"osm_type":"relation","osm_version":1,"source_timestamp":"2017-05-08T05:23:42Z","source_url":"https://www.openstreetmap.org/relation/7226455","space_id":null,"tags":{"landuse":"grass","type":"multipolygon"},"vegetation":"grass"},"type":"Feature"},{"geometry":{"coordinates":[[[-409.623,549.32],[-410.091,552.772],[-419.205,568.459],[-421.498,569.482],[-424.036,569.437],[-467.852,543.092],[-469.019,540.798],[-468.823,537.74],[-458.093,520.896],[-456.074,520.4],[-452.871,520.723],[-410.524,546.909],[-409.623,549.32]],[[-413.103,554.46],[-459.746,526.767],[-466.137,537.444],[-419.504,565.137],[-413.103,554.46]]],"type":"Polygon"},"id":"osm_relation_7226455_p7","properties":{"area_m2":844.750579,"asset_id":"osm_relation_7226455_p7","center":[-438.810756,544.021455],"context_layer":"greens","geometry_role":"mapped_vegetation_outline","geometry_status":"source_community_mapping_not_surveyed","id":"osm_relation_7226455_p7","map_feature_id":null,"measured":false,"name":"","osm_id":7226455,"osm_type":"relation","osm_version":1,"source_timestamp":"2017-05-08T05:23:42Z","source_url":"https://www.openstreetmap.org/relation/7226455","space_id":null,"tags":{"landuse":"grass","type":"multipolygon"},"vegetation":"grass"},"type":"Feature"},{"geometry":{"coordinates":[[[-352.664,581.701],[-351.819,584.111],[-352.508,587.249],[-362.013,602.629],[-364.037,603.923],[-366.724,604.275],[-413.198,576.717],[-414.927,574.169],[-415.112,570.262],[-405.219,554.822],[-402.156,553.491],[-399.0,553.791],[-352.664,581.701]],[[-358.147,587.525],[-406.275,558.996],[-412.599,569.552],[-364.461,598.082],[-358.147,587.525]]],"type":"Polygon"},"id":"osm_relation_7226455_p8","properties":{"area_m2":948.256758,"asset_id":"osm_relation_7226455_p8","center":[-382.403558,578.78035],"context_layer":"greens","geometry_role":"mapped_vegetation_outline","geometry_status":"source_community_mapping_not_surveyed","id":"osm_relation_7226455_p8","map_feature_id":null,"measured":false,"name":"","osm_id":7226455,"osm_type":"relation","osm_version":1,"source_timestamp":"2017-05-08T05:23:42Z","source_url":"https://www.openstreetmap.org/relation/7226455","space_id":null,"tags":{"landuse":"grass","type":"multipolygon"},"vegetation":"grass"},"type":"Feature"},{"geometry":{"coordinates":[[[-283.412,479.038],[-283.621,476.451],[-317.129,454.825],[-449.259,376.874],[-451.656,377.419],[-487.481,441.794],[-434.867,473.343],[-415.311,485.07],[-327.939,537.48],[-328.705,543.921],[-331.979,549.663],[-337.901,552.574],[-420.233,502.24],[-432.488,522.062],[-435.31,523.62],[-439.274,523.117],[-450.817,516.168],[-451.97,513.641],[-451.561,510.787],[-440.573,492.162],[-443.654,490.31],[-455.254,509.889],[-457.681,511.521],[-459.714,511.24],[-493.258,491.566],[-495.855,489.036],[-495.952,485.962],[-486.85,470.475],[-491.656,467.894],[-521.358,517.595],[-365.682,611.491],[-361.936,611.536],[-326.096,554.847],[-324.072,555.127],[-221.054,617.687],[-220.688,619.956],[-253.997,677.122],[-254.943,677.76],[-256.079,677.418],[-261.299,674.253],[-262.36,673.956],[-263.155,674.608],[-267.986,683.006],[-317.535,654.772],[-360.88,629.089],[-396.863,604.425],[-449.231,571.25],[-519.958,527.512],[-524.891,523.066],[-527.605,515.964],[-526.616,508.639],[-522.224,500.533],[-453.084,377.006],[-317.421,117.706],[-286.273,58.993],[-254.114,-2.386],[-230.546,-44.587],[-206.661,-88.734],[-201.668,-92.427],[-196.622,-93.779],[-189.111,-93.667],[-180.997,-93.455],[-180.785,-102.158],[-143.663,-101.484],[-140.796,-99.259],[-139.473,-97.206],[-139.922,-93.72],[-153.151,-67.006],[-169.791,-39.077],[-191.412,-8.631],[-210.85,15.887],[-228.727,40.179],[-241.14,65.078],[-250.685,89.007],[-257.12,114.279],[-260.298,146.341],[-260.301,176.131],[-258.177,202.587],[-245.361,257.726],[-233.664,287.724],[-221.351,312.299],[-196.28,351.342],[-156.983,395.564],[-121.014,423.7],[-120.467,424.231],[-120.421,424.809],[-121.158,430.13],[-119.99,437.149],[-118.061,442.773],[-117.924,443.552],[-118.256,444.7],[-212.519,604.897],[-214.391,607.714],[-218.024,607.128],[-321.318,546.748],[-322.3,543.625],[-283.412,479.038]],[[-457.93,470.425],[-462.062,477.228],[-444.497,487.8],[-440.364,480.997],[-457.93,470.425]],[[-483.206,473.069],[-489.444,483.583],[-455.172,503.713],[-448.944,493.199],[-483.206,473.069]]],"type":"Polygon"},"id":"osm_relation_7226456","properties":{"area_m2":105236.876217,"asset_id":"osm_relation_7226456","center":[-286.443729,361.180592],"context_layer":"greens","geometry_role":"mapped_vegetation_outline","geometry_status":"source_community_mapping_not_surveyed","id":"osm_relation_7226456","map_feature_id":null,"measured":false,"name":"","osm_id":7226456,"osm_type":"relation","osm_version":2,"source_timestamp":"2023-05-15T13:14:14Z","source_url":"https://www.openstreetmap.org/relation/7226456","space_id":null,"tags":{"landuse":"grass","type":"multipolygon"},"vegetation":"grass"},"type":"Feature"},{"geometry":{"coordinates":[[[-101.169,-554.979],[-101.212,-552.595],[-105.609,-552.707],[-105.588,-549.623],[-106.102,-547.814],[-108.132,-546.707],[-110.622,-546.841],[-112.431,-547.549],[-113.757,-548.904],[-114.201,-551.019],[-113.928,-555.207],[-101.169,-554.979]],[[-108.755,-549.391],[-108.16,-550.423],[-108.176,-552.719],[-111.196,-552.773],[-111.237,-550.478],[-110.773,-549.516],[-109.909,-549.224],[-108.755,-549.391]]],"type":"Polygon"},"id":"osm_relation_9602135","properties":{"area_m2":65.947336,"asset_id":"osm_relation_9602135","center":[-108.77725,-551.663554],"context_layer":"greens","geometry_role":"mapped_vegetation_outline","geometry_status":"source_community_mapping_not_surveyed","id":"osm_relation_9602135","map_feature_id":null,"measured":false,"name":"","osm_id":9602135,"osm_type":"relation","osm_version":1,"source_timestamp":"2019-05-19T08:02:16Z","source_url":"https://www.openstreetmap.org/relation/9602135","space_id":null,"tags":{"natural":"scrub","type":"multipolygon"},"vegetation":"scrub"},"type":"Feature"},{"geometry":{"coordinates":[[[164.091,530.753],[164.819,528.082],[219.637,432.662],[223.257,429.743],[228.109,430.229],[264.901,451.849],[267.29,456.018],[267.474,460.014],[266.239,464.117],[217.676,549.679],[214.26,553.322],[209.441,554.666],[203.796,554.676],[165.342,532.627],[164.091,530.753]]],"type":"Polygon"},"id":"osm_way_224896150","properties":{"area_m2":6681.475705,"asset_id":"osm_way_224896150","center":[217.069761,493.324213],"context_layer":"greens","geometry_role":"mapped_vegetation_outline","geometry_status":"source_community_mapping_not_surveyed","id":"osm_way_224896150","map_feature_id":null,"measured":false,"name":"","osm_id":224896150,"osm_type":"way","osm_version":3,"source_timestamp":"2013-06-11T07:43:25Z","source_url":"https://www.openstreetmap.org/way/224896150","space_id":null,"tags":{"natural":"wood"},"vegetation":"wood"},"type":"Feature"},{"geometry":{"coordinates":[[[302.272,257.121],[303.505,262.034],[302.097,266.9],[298.438,270.417],[293.498,271.637],[288.615,270.241],[285.084,266.596],[283.851,261.682],[285.259,256.817],[288.918,253.311],[293.848,252.079],[298.741,253.487],[302.272,257.121]]],"type":"Polygon"},"id":"osm_way_224896261","properties":{"area_m2":288.235093,"asset_id":"osm_way_224896261","center":[293.677895,261.861027],"context_layer":"greens","geometry_role":"mapped_vegetation_outline","geometry_status":"source_community_mapping_not_surveyed","id":"osm_way_224896261","map_feature_id":null,"measured":false,"name":"","osm_id":224896261,"osm_type":"way","osm_version":2,"source_timestamp":"2013-06-09T04:55:40Z","source_url":"https://www.openstreetmap.org/way/224896261","space_id":null,"tags":{"landuse":"meadow"},"vegetation":"meadow"},"type":"Feature"},{"geometry":{"coordinates":[[[102.418,-248.387],[54.416,-248.713],[54.882,-336.055],[102.724,-335.2],[102.418,-248.387]]],"type":"Polygon"},"id":"osm_way_224937739","properties":{"area_m2":4173.155888,"asset_id":"osm_way_224937739","center":[78.585544,-292.065179],"context_layer":"greens","geometry_role":"mapped_vegetation_outline","geometry_status":"source_community_mapping_not_surveyed","id":"osm_way_224937739","map_feature_id":null,"measured":false,"name":"","osm_id":224937739,"osm_type":"way","osm_version":2,"source_timestamp":"2013-06-10T15:34:45Z","source_url":"https://www.openstreetmap.org/way/224937739","space_id":null,"tags":{"natural":"wood"},"vegetation":"wood"},"type":"Feature"},{"geometry":{"coordinates":[[[157.797,-186.531],[146.704,-186.952],[146.868,-196.165],[147.944,-257.877],[149.38,-304.965],[151.458,-417.997],[154.084,-516.281],[154.937,-546.554],[158.289,-552.949],[161.026,-619.966],[164.202,-622.327],[167.924,-619.843],[163.422,-616.74],[161.945,-559.483],[162.829,-552.402],[164.24,-546.333],[167.207,-542.254],[170.692,-538.665],[178.725,-534.994],[187.295,-532.822],[196.42,-533.158],[204.052,-535.539],[211.739,-540.448],[217.888,-544.364],[226.566,-548.246],[234.717,-551.117],[243.377,-553.99],[252.037,-556.862],[260.688,-559.225],[269.313,-560.08],[276.445,-562.47],[283.923,-565.763],[288.77,-572.331],[291.407,-578.328],[293.608,-583.701],[294.635,-588.851],[294.252,-595.413],[294.142,-600.882],[291.903,-606.035],[289.455,-610.615],[289.056,-615.768],[281.152,-623.496],[279.562,-629.635],[300.141,-612.764],[323.643,-598.369],[321.783,-590.972],[322.984,-582.61],[326.479,-575.383],[322.701,-565.779],[305.598,-535.264],[279.925,-474.214],[275.112,-461.635],[264.112,-430.301],[254.942,-401.085],[247.394,-363.811],[244.29,-348.606],[239.554,-302.842],[235.54,-262.044],[234.495,-183.596],[182.765,-185.575],[157.797,-186.531]]],"type":"Polygon"},"id":"osm_way_224937908","properties":{"area_m2":40805.724784,"asset_id":"osm_way_224937908","center":[211.875969,-396.294439],"context_layer":"greens","geometry_role":"mapped_vegetation_outline","geometry_status":"source_community_mapping_not_surveyed","id":"osm_way_224937908","map_feature_id":null,"measured":false,"name":"","osm_id":224937908,"osm_type":"way","osm_version":8,"source_timestamp":"2026-05-21T00:28:37Z","source_url":"https://www.openstreetmap.org/way/224937908","space_id":null,"tags":{"leisure":"park","wheelchair":"limited"},"vegetation":"park"},"type":"Feature"},{"geometry":{"coordinates":[[[101.807,-185.714],[-86.815,-187.941],[-86.159,-244.248],[102.465,-242.032],[101.807,-185.714]]],"type":"Polygon"},"id":"osm_way_224937955","properties":{"area_m2":10623.292213,"asset_id":"osm_way_224937955","center":[7.827577,-214.98376],"context_layer":"greens","geometry_role":"mapped_vegetation_outline","geometry_status":"source_community_mapping_not_surveyed","id":"osm_way_224937955","map_feature_id":null,"measured":false,"name":"","osm_id":224937955,"osm_type":"way","osm_version":2,"source_timestamp":"2013-06-11T06:48:49Z","source_url":"https://www.openstreetmap.org/way/224937955","space_id":null,"tags":{"landuse":"grass"},"vegetation":"grass"},"type":"Feature"},{"geometry":{"coordinates":[[[268.767,269.076],[271.169,275.707],[276.546,284.288],[267.295,310.696],[256.538,331.664],[246.271,353.651],[225.364,390.065],[137.612,338.343],[66.76,453.739],[60.487,450.356],[41.582,483.578],[76.447,504.242],[69.445,515.763],[-69.846,433.664],[-68.884,422.59],[-74.271,412.424],[-81.385,407.506],[-87.093,404.232],[-87.744,403.654],[-88.09,402.949],[-87.98,402.109],[-87.655,401.305],[-40.513,323.358],[-1.068,254.668],[2.849,247.851],[2.957,247.066],[2.763,246.33],[-8.334,229.762],[-8.874,228.821],[-9.174,227.617],[-11.318,214.536],[-11.64,213.499],[-12.116,212.692],[-33.325,198.406],[-33.964,197.74],[-34.27,196.891],[-39.889,163.253],[-39.935,162.087],[-39.714,160.849],[-31.05,136.061],[-30.716,134.78],[-30.52,133.353],[-28.562,37.453],[-28.684,36.375],[-29.174,35.269],[-34.333,28.688],[-34.925,28.034],[-35.671,27.511],[-40.551,24.884],[-44.198,22.933],[-45.048,22.452],[-45.792,21.862],[-52.582,16.185],[-53.684,15.544],[-54.991,15.288],[-106.538,14.766],[-107.54,14.815],[-108.53,15.285],[-112.55,17.909],[-113.331,18.283],[-114.183,18.412],[-117.711,18.327],[-119.161,18.079],[-120.453,17.523],[-163.911,-7.841],[-164.699,-8.631],[-165.091,-9.958],[-164.787,-11.66],[-163.954,-12.832],[-153.176,-28.588],[-129.381,-71.905],[-112.072,-120.395],[-96.939,-163.867],[-94.372,-168.08],[-91.014,-169.528],[106.648,-167.15],[109.126,-166.351],[109.755,-164.044],[107.669,-36.838],[108.643,-34.813],[110.868,-33.597],[118.199,-33.411],[126.758,-33.313],[180.247,-32.656],[202.57,-33.643],[224.916,-35.428],[242.863,-40.376],[245.114,-40.102],[246.469,-38.292],[249.236,-25.677],[256.41,-3.545],[264.392,19.345],[275.185,46.544],[282.935,73.378],[289.668,107.514],[293.716,135.558],[295.627,170.616],[294.072,200.567],[288.511,237.045],[283.305,238.382],[277.711,241.875],[270.306,251.658],[268.153,261.734],[268.767,269.076]]],"type":"Polygon"},"id":"osm_way_224938414","properties":{"area_m2":175476.147493,"asset_id":"osm_way_224938414","center":[82.910518,137.300334],"context_layer":"greens","geometry_role":"mapped_vegetation_outline","geometry_status":"source_community_mapping_not_surveyed","id":"osm_way_224938414","map_feature_id":null,"measured":false,"name":"鼎山","osm_id":224938414,"osm_type":"way","osm_version":9,"source_timestamp":"2023-05-16T05:28:12Z","source_url":"https://www.openstreetmap.org/way/224938414","space_id":null,"tags":{"name":"鼎山","natural":"wood"},"vegetation":"wood"},"type":"Feature"},{"geometry":{"coordinates":[[[357.93,-596.38],[359.181,-591.378],[357.752,-586.424],[354.025,-582.853],[349.0,-581.612],[344.023,-583.032],[340.436,-586.734],[339.175,-591.736],[340.614,-596.69],[344.331,-600.273],[349.356,-601.514],[354.334,-600.094],[357.93,-596.38]]],"type":"Polygon"},"id":"osm_way_224938508","properties":{"area_m2":298.700492,"asset_id":"osm_way_224938508","center":[349.180538,-591.561859],"context_layer":"greens","geometry_role":"mapped_vegetation_outline","geometry_status":"source_community_mapping_not_surveyed","id":"osm_way_224938508","map_feature_id":null,"measured":false,"name":"","osm_id":224938508,"osm_type":"way","osm_version":2,"source_timestamp":"2013-06-11T06:48:50Z","source_url":"https://www.openstreetmap.org/way/224938508","space_id":null,"tags":{"landuse":"grass"},"vegetation":"grass"},"type":"Feature"},{"geometry":{"coordinates":[[[144.639,-744.597],[128.632,-744.761],[129.046,-785.878],[145.053,-785.714],[144.639,-744.597]]],"type":"Polygon"},"id":"osm_way_224939064","properties":{"area_m2":658.227715,"asset_id":"osm_way_224939064","center":[136.8425,-765.2375],"context_layer":"greens","geometry_role":"mapped_vegetation_outline","geometry_status":"source_community_mapping_not_surveyed","id":"osm_way_224939064","map_feature_id":null,"measured":false,"name":"","osm_id":224939064,"osm_type":"way","osm_version":2,"source_timestamp":"2013-06-11T06:48:50Z","source_url":"https://www.openstreetmap.org/way/224939064","space_id":null,"tags":{"landuse":"grass"},"vegetation":"grass"},"type":"Feature"},{"geometry":{"coordinates":[[[107.636,-744.127],[108.707,-807.747],[115.385,-804.788],[114.393,-744.007],[107.636,-744.127]]],"type":"Polygon"},"id":"osm_way_224939102","properties":{"area_m2":419.419853,"asset_id":"osm_way_224939102","center":[111.504227,-775.148584],"context_layer":"greens","geometry_role":"mapped_vegetation_outline","geometry_status":"source_community_mapping_not_surveyed","id":"osm_way_224939102","map_feature_id":null,"measured":false,"name":"","osm_id":224939102,"osm_type":"way","osm_version":4,"source_timestamp":"2013-06-23T10:32:09Z","source_url":"https://www.openstreetmap.org/way/224939102","space_id":null,"tags":{"landuse":"grass"},"vegetation":"grass"},"type":"Feature"},{"geometry":{"coordinates":[[[157.435,-743.858],[158.449,-787.881],[164.553,-785.554],[164.195,-743.882],[157.435,-743.858]]],"type":"Polygon"},"id":"osm_way_224939105","properties":{"area_m2":276.385049,"asset_id":"osm_way_224939105","center":[161.121729,-764.956971],"context_layer":"greens","geometry_role":"mapped_vegetation_outline","geometry_status":"source_community_mapping_not_surveyed","id":"osm_way_224939105","map_feature_id":null,"measured":false,"name":"","osm_id":224939105,"osm_type":"way","osm_version":2,"source_timestamp":"2013-06-11T06:48:50Z","source_url":"https://www.openstreetmap.org/way/224939105","space_id":null,"tags":{"landuse":"grass"},"vegetation":"grass"},"type":"Feature"},{"geometry":{"coordinates":[[[-78.317,-701.356],[-77.084,-696.421],[-78.493,-691.522],[-82.181,-687.983],[-87.149,-686.752],[-92.061,-688.16],[-95.62,-691.828],[-96.854,-696.774],[-95.445,-701.662],[-91.757,-705.201],[-86.798,-706.432],[-81.877,-705.024],[-78.317,-701.356]]],"type":"Polygon"},"id":"osm_way_224939149","properties":{"area_m2":291.87621,"asset_id":"osm_way_224939149","center":[-86.968974,-696.592122],"context_layer":"greens","geometry_role":"mapped_vegetation_outline","geometry_status":"source_community_mapping_not_surveyed","id":"osm_way_224939149","map_feature_id":null,"measured":false,"name":"","osm_id":224939149,"osm_type":"way","osm_version":2,"source_timestamp":"2013-06-11T06:48:50Z","source_url":"https://www.openstreetmap.org/way/224939149","space_id":null,"tags":{"landuse":"grass"},"vegetation":"grass"},"type":"Feature"},{"geometry":{"coordinates":[[[-133.065,-700.992],[-166.281,-702.139],[-166.574,-731.246],[-167.114,-750.698],[-165.992,-787.111],[-166.575,-827.957],[-166.749,-856.818],[-166.818,-869.896],[-166.714,-884.156],[-166.408,-892.868],[-153.966,-889.696],[-131.762,-881.847],[-64.849,-854.545],[19.519,-821.973],[77.447,-800.098],[89.584,-794.147],[92.512,-790.003],[91.654,-755.182],[90.915,-713.838],[87.642,-707.675],[81.982,-704.715],[27.255,-706.558],[26.367,-710.189],[26.359,-718.208],[27.961,-723.847],[29.999,-727.503],[39.107,-737.489],[42.888,-745.673],[43.105,-757.857],[40.363,-768.132],[33.268,-777.852],[23.149,-786.362],[8.904,-793.704],[-7.553,-801.462],[-21.775,-805.886],[-42.608,-807.511],[-65.448,-807.22],[-86.999,-808.858],[-104.068,-810.317],[-114.247,-809.6],[-122.504,-804.501],[-125.139,-799.136],[-126.427,-767.717],[-127.221,-763.938],[-130.726,-761.117],[-136.348,-761.395],[-140.49,-763.088],[-142.81,-765.303],[-144.163,-770.928],[-143.865,-777.611],[-142.881,-781.93],[-139.92,-784.938],[-134.26,-786.833],[-133.802,-791.882],[-140.55,-790.372],[-145.509,-787.034],[-148.157,-780.937],[-149.671,-757.474],[-132.622,-756.449],[-128.832,-755.117],[-126.928,-750.203],[-127.718,-705.954],[-129.946,-702.744],[-133.065,-700.992]]],"type":"Polygon"},"id":"osm_way_224939486","properties":{"area_m2":19842.28852,"asset_id":"osm_way_224939486","center":[-56.119796,-796.08015],"context_layer":"greens","geometry_role":"mapped_vegetation_outline","geometry_status":"source_community_mapping_not_surveyed","id":"osm_way_224939486","map_feature_id":null,"measured":false,"name":"","osm_id":224939486,"osm_type":"way","osm_version":2,"source_timestamp":"2013-06-11T06:48:49Z","source_url":"https://www.openstreetmap.org/way/224939486","space_id":null,"tags":{"landuse":"grass"},"vegetation":"grass"},"type":"Feature"},{"geometry":{"coordinates":[[[17.954,-615.481],[-83.628,-617.517],[-81.759,-672.493],[-74.011,-675.571],[-67.294,-680.608],[-63.414,-687.493],[19.649,-686.087],[17.954,-615.481]]],"type":"Polygon"},"id":"osm_way_224939759","properties":{"area_m2":6955.314865,"asset_id":"osm_way_224939759","center":[-30.674893,-650.899925],"context_layer":"greens","geometry_role":"mapped_vegetation_outline","geometry_status":"source_community_mapping_not_surveyed","id":"osm_way_224939759","map_feature_id":null,"measured":false,"name":"教1小公园","osm_id":224939759,"osm_type":"way","osm_version":3,"source_timestamp":"2026-05-21T00:27:41Z","source_url":"https://www.openstreetmap.org/way/224939759","space_id":null,"tags":{"leisure":"park","name":"教1小公园","wheelchair":"no"},"vegetation":"park"},"type":"Feature"},{"geometry":{"coordinates":[[[48.484,-614.048],[25.594,-614.623],[25.543,-635.574],[49.006,-635.854],[48.484,-614.048]]],"type":"Polygon"},"id":"osm_way_224939766","properties":{"area_m2":495.513541,"asset_id":"osm_way_224939766","center":[37.234794,-625.067575],"context_layer":"greens","geometry_role":"mapped_vegetation_outline","geometry_status":"source_community_mapping_not_surveyed","id":"osm_way_224939766","map_feature_id":null,"measured":false,"name":"","osm_id":224939766,"osm_type":"way","osm_version":4,"source_timestamp":"2017-12-02T02:06:41Z","source_url":"https://www.openstreetmap.org/way/224939766","space_id":null,"tags":{"landuse":"grass"},"vegetation":"grass"},"type":"Feature"},{"geometry":{"coordinates":[[[47.001,-646.193],[26.261,-646.708],[27.841,-682.791],[106.421,-680.91],[105.993,-670.725],[109.995,-670.132],[109.765,-658.358],[106.413,-652.495],[106.667,-660.876],[51.739,-662.556],[47.001,-646.193]]],"type":"Polygon"},"id":"osm_way_224939777","properties":{"area_m2":1986.407407,"asset_id":"osm_way_224939777","center":[62.577163,-668.495672],"context_layer":"greens","geometry_role":"mapped_vegetation_outline","geometry_status":"source_community_mapping_not_surveyed","id":"osm_way_224939777","map_feature_id":null,"measured":false,"name":"","osm_id":224939777,"osm_type":"way","osm_version":3,"source_timestamp":"2017-12-02T02:06:41Z","source_url":"https://www.openstreetmap.org/way/224939777","space_id":null,"tags":{"landuse":"grass"},"vegetation":"grass"},"type":"Feature"},{"geometry":{"coordinates":[[[475.208,-522.046],[446.137,-540.667],[374.715,-582.76],[374.42,-584.185],[376.486,-593.586],[374.561,-601.007],[369.18,-609.443],[360.911,-615.248],[350.054,-617.804],[338.469,-615.028],[335.505,-617.122],[300.966,-642.528],[305.296,-647.12],[311.365,-646.512],[322.491,-645.803],[328.113,-648.73],[327.73,-655.291],[331.377,-661.271],[337.07,-668.222],[336.223,-677.31],[332.811,-684.425],[329.862,-689.513],[322.489,-692.672],[314.752,-695.994],[299.201,-702.66],[289.648,-706.358],[281.787,-709.116],[273.545,-711.692],[263.955,-713.883],[254.24,-714.311],[244.732,-714.725],[234.151,-717.943],[220.919,-722.272],[213.007,-724.864],[204.27,-730.355],[196.485,-735.241],[189.806,-740.784],[186.097,-745.076],[185.175,-709.358],[187.139,-706.75],[193.561,-704.783],[201.476,-702.9],[204.952,-698.812],[203.481,-693.093],[191.88,-694.21],[185.448,-695.556],[181.813,-698.671],[178.829,-703.926],[178.424,-715.568],[179.786,-757.455],[190.149,-752.068],[200.465,-744.542],[216.676,-739.971],[237.452,-732.557],[253.625,-725.846],[265.885,-724.096],[285.189,-720.39],[329.792,-704.597],[407.065,-676.596],[451.58,-655.913],[491.196,-636.228],[513.429,-624.816],[524.875,-616.637],[523.919,-608.602],[515.856,-594.806],[475.208,-522.046]]],"type":"Polygon"},"id":"osm_way_224939838","properties":{"area_m2":21205.353201,"asset_id":"osm_way_224939838","center":[400.075885,-628.458033],"context_layer":"greens","geometry_role":"mapped_vegetation_outline","geometry_status":"source_community_mapping_not_surveyed","id":"osm_way_224939838","map_feature_id":null,"measured":false,"name":"","osm_id":224939838,"osm_type":"way","osm_version":7,"source_timestamp":"2013-06-23T11:01:14Z","source_url":"https://www.openstreetmap.org/way/224939838","space_id":null,"tags":{"landuse":"grass"},"vegetation":"grass"},"type":"Feature"},{"geometry":{"coordinates":[[[367.68,-575.732],[470.687,-514.175],[448.354,-471.011],[432.49,-431.701],[424.789,-410.168],[417.2,-384.906],[405.748,-332.075],[399.474,-285.861],[397.982,-234.16],[399.45,-200.696],[402.098,-170.393],[409.077,-130.496],[415.827,-98.434],[425.898,-53.059],[436.711,-7.482],[455.099,66.246],[470.107,129.455],[484.414,189.657],[500.849,256.995],[512.904,331.697],[513.597,347.27],[497.696,337.624],[499.018,331.803],[496.789,320.273],[496.153,317.866],[494.924,316.879],[495.486,280.8],[495.853,257.172],[488.955,257.059],[489.066,222.924],[473.384,222.632],[474.521,161.808],[457.3,161.489],[457.558,98.642],[448.536,64.831],[437.523,17.798],[424.448,-36.393],[416.863,-67.705],[406.376,-115.151],[396.529,-182.515],[393.823,-226.427],[394.488,-263.591],[396.148,-296.723],[398.666,-314.523],[402.81,-339.835],[409.769,-385.294],[418.156,-407.181],[419.52,-414.798],[415.961,-422.204],[407.793,-429.393],[395.332,-437.257],[389.798,-437.667],[389.453,-521.198],[387.744,-528.57],[379.522,-533.309],[367.258,-534.748],[332.5,-534.151],[329.455,-535.425],[327.971,-538.513],[342.644,-568.228],[350.303,-566.871],[357.705,-567.959],[363.606,-571.225],[367.68,-575.732]]],"type":"Polygon"},"id":"osm_way_224940111","properties":{"area_m2":14543.894541,"asset_id":"osm_way_224940111","center":[424.165632,-302.21513],"context_layer":"greens","geometry_role":"mapped_vegetation_outline","geometry_status":"source_community_mapping_not_surveyed","id":"osm_way_224940111","map_feature_id":null,"measured":false,"name":"","osm_id":224940111,"osm_type":"way","osm_version":9,"source_timestamp":"2013-06-11T07:28:12Z","source_url":"https://www.openstreetmap.org/way/224940111","space_id":null,"tags":{"landuse":"grass"},"vegetation":"grass"},"type":"Feature"},{"geometry":{"coordinates":[[[-100.378,-535.833],[-116.278,-535.673],[-115.24,-584.809],[-99.15,-585.054],[-100.378,-535.833]]],"type":"Polygon"},"id":"osm_way_224940526","properties":{"area_m2":786.380675,"asset_id":"osm_way_224940526","center":[-107.75815,-560.390472],"context_layer":"greens","geometry_role":"mapped_vegetation_outline","geometry_status":"source_community_mapping_not_surveyed","id":"osm_way_224940526","map_feature_id":null,"measured":false,"name":"","osm_id":224940526,"osm_type":"way","osm_version":2,"source_timestamp":"2013-06-11T08:05:41Z","source_url":"https://www.openstreetmap.org/way/224940526","space_id":null,"tags":{"landuse":"grass"},"vegetation":"grass"},"type":"Feature"},{"geometry":{"coordinates":[[[-113.38,-580.606],[-113.233,-583.564],[-101.047,-583.535],[-101.092,-580.963],[-107.143,-580.971],[-101.347,-577.807],[-101.299,-574.656],[-113.388,-574.872],[-113.431,-577.745],[-106.909,-577.717],[-113.38,-580.606]]],"type":"Polygon"},"id":"osm_way_224940542","properties":{"area_m2":87.97019,"asset_id":"osm_way_224940542","center":[-107.292421,-579.139051],"context_layer":"greens","geometry_role":"mapped_vegetation_outline","geometry_status":"source_community_mapping_not_surveyed","id":"osm_way_224940542","map_feature_id":null,"measured":false,"name":"","osm_id":224940542,"osm_type":"way","osm_version":2,"source_timestamp":"2013-06-11T08:05:41Z","source_url":"https://www.openstreetmap.org/way/224940542","space_id":null,"tags":{"natural":"scrub"},"vegetation":"scrub"},"type":"Feature"},{"geometry":{"coordinates":[[[-113.69,-563.232],[-113.649,-565.516],[-104.341,-565.549],[-102.061,-564.267],[-101.035,-563.006],[-100.871,-561.096],[-101.102,-559.281],[-102.086,-557.579],[-103.825,-556.945],[-113.804,-556.835],[-113.956,-559.41],[-105.222,-559.543],[-103.973,-559.709],[-103.376,-560.941],[-103.539,-562.374],[-104.867,-563.075],[-113.69,-563.232]]],"type":"Polygon"},"id":"osm_way_224940570","properties":{"area_m2":67.959296,"asset_id":"osm_way_224940570","center":[-107.086969,-561.08141],"context_layer":"greens","geometry_role":"mapped_vegetation_outline","geometry_status":"source_community_mapping_not_surveyed","id":"osm_way_224940570","map_feature_id":null,"measured":false,"name":"","osm_id":224940570,"osm_type":"way","osm_version":2,"source_timestamp":"2013-06-11T08:05:41Z","source_url":"https://www.openstreetmap.org/way/224940570","space_id":null,"tags":{"natural":"scrub"},"vegetation":"scrub"},"type":"Feature"},{"geometry":{"coordinates":[[[-111.288,-537.026],[-114.262,-536.979],[-113.901,-546.145],[-111.125,-546.184],[-111.272,-543.226],[-101.869,-543.257],[-101.926,-540.098],[-111.127,-540.262],[-111.288,-537.026]]],"type":"Polygon"},"id":"osm_way_224940608","properties":{"area_m2":54.845807,"asset_id":"osm_way_224940608","center":[-109.453248,-541.610463],"context_layer":"greens","geometry_role":"mapped_vegetation_outline","geometry_status":"source_community_mapping_not_surveyed","id":"osm_way_224940608","map_feature_id":null,"measured":false,"name":"","osm_id":224940608,"osm_type":"way","osm_version":2,"source_timestamp":"2013-06-11T08:05:41Z","source_url":"https://www.openstreetmap.org/way/224940608","space_id":null,"tags":{"natural":"scrub"},"vegetation":"scrub"},"type":"Feature"},{"geometry":{"coordinates":[[[142.096,560.482],[143.347,565.473],[141.919,570.427],[138.193,573.998],[133.177,575.239],[128.2,573.82],[124.604,570.117],[123.363,565.116],[124.782,560.172],[128.508,556.59],[133.533,555.349],[138.501,556.769],[142.096,560.482]]],"type":"Polygon"},"id":"osm_way_224941413","properties":{"area_m2":298.316078,"asset_id":"osm_way_224941413","center":[133.351841,565.29519],"context_layer":"greens","geometry_role":"mapped_vegetation_outline","geometry_status":"source_community_mapping_not_surveyed","id":"osm_way_224941413","map_feature_id":null,"measured":false,"name":"","osm_id":224941413,"osm_type":"way","osm_version":2,"source_timestamp":"2013-06-11T06:34:40Z","source_url":"https://www.openstreetmap.org/way/224941413","space_id":null,"tags":{"landuse":"grass"},"vegetation":"grass"},"type":"Feature"},{"geometry":{"coordinates":[[[-86.651,424.902],[-85.453,429.703],[-86.822,434.459],[-90.403,437.888],[-95.229,439.089],[-100.009,437.717],[-103.457,434.162],[-104.655,429.36],[-103.286,424.604],[-99.713,421.164],[-94.888,419.974],[-90.108,421.335],[-86.651,424.902]]],"type":"Polygon"},"id":"osm_way_224941417","properties":{"area_m2":275.431233,"asset_id":"osm_way_224941417","center":[-95.054877,429.528988],"context_layer":"greens","geometry_role":"mapped_vegetation_outline","geometry_status":"source_community_mapping_not_surveyed","id":"osm_way_224941417","map_feature_id":null,"measured":false,"name":"","osm_id":224941417,"osm_type":"way","osm_version":2,"source_timestamp":"2013-06-11T06:48:50Z","source_url":"https://www.openstreetmap.org/way/224941417","space_id":null,"tags":{"landuse":"grass"},"vegetation":"grass"},"type":"Feature"},{"geometry":{"coordinates":[[[-63.827,-603.555],[-76.943,-603.844],[-76.793,-610.651],[-63.677,-610.362],[-63.827,-603.555]]],"type":"Polygon"},"id":"osm_way_224990801","properties":{"area_m2":89.323962,"asset_id":"osm_way_224990801","center":[-70.31,-607.103],"context_layer":"greens","geometry_role":"mapped_vegetation_outline","geometry_status":"source_community_mapping_not_surveyed","id":"osm_way_224990801","map_feature_id":null,"measured":false,"name":"","osm_id":224990801,"osm_type":"way","osm_version":2,"source_timestamp":"2013-06-11T07:09:39Z","source_url":"https://www.openstreetmap.org/way/224990801","space_id":null,"tags":{"landuse":"grass"},"vegetation":"grass"},"type":"Feature"},{"geometry":{"coordinates":[[[-48.473,-603.336],[-60.533,-603.551],[-60.414,-610.215],[-48.354,-609.999],[-48.473,-603.336]]],"type":"Polygon"},"id":"osm_way_224990802","properties":{"area_m2":80.387455,"asset_id":"osm_way_224990802","center":[-54.443651,-606.775254],"context_layer":"greens","geometry_role":"mapped_vegetation_outline","geometry_status":"source_community_mapping_not_surveyed","id":"osm_way_224990802","map_feature_id":null,"measured":false,"name":"","osm_id":224990802,"osm_type":"way","osm_version":2,"source_timestamp":"2013-06-11T07:09:38Z","source_url":"https://www.openstreetmap.org/way/224990802","space_id":null,"tags":{"landuse":"grass"},"vegetation":"grass"},"type":"Feature"},{"geometry":{"coordinates":[[[-32.946,-603.281],[-44.95,-603.439],[-44.671,-610.1],[-32.854,-609.978],[-32.946,-603.281]]],"type":"Polygon"},"id":"osm_way_224990803","properties":{"area_m2":79.5762,"asset_id":"osm_way_224990803","center":[-38.850472,-606.690659],"context_layer":"greens","geometry_role":"mapped_vegetation_outline","geometry_status":"source_community_mapping_not_surveyed","id":"osm_way_224990803","map_feature_id":null,"measured":false,"name":"","osm_id":224990803,"osm_type":"way","osm_version":2,"source_timestamp":"2013-06-11T07:09:38Z","source_url":"https://www.openstreetmap.org/way/224990803","space_id":null,"tags":{"landuse":"grass"},"vegetation":"grass"},"type":"Feature"},{"geometry":{"coordinates":[[[-17.372,-603.169],[-29.716,-603.334],[-29.625,-610.031],[-17.281,-609.866],[-17.372,-603.169]]],"type":"Polygon"},"id":"osm_way_224990804","properties":{"area_m2":82.682783,"asset_id":"osm_way_224990804","center":[-23.4985,-606.6],"context_layer":"greens","geometry_role":"mapped_vegetation_outline","geometry_status":"source_community_mapping_not_surveyed","id":"osm_way_224990804","map_feature_id":null,"measured":false,"name":"","osm_id":224990804,"osm_type":"way","osm_version":2,"source_timestamp":"2013-06-11T07:09:38Z","source_url":"https://www.openstreetmap.org/way/224990804","space_id":null,"tags":{"landuse":"grass"},"vegetation":"grass"},"type":"Feature"},{"geometry":{"coordinates":[[[-1.851,-602.781],[-14.476,-603.062],[-14.311,-610.212],[-1.695,-609.931],[-1.851,-602.781]]],"type":"Polygon"},"id":"osm_way_224990805","properties":{"area_m2":90.281676,"asset_id":"osm_way_224990805","center":[-8.083289,-606.496076],"context_layer":"greens","geometry_role":"mapped_vegetation_outline","geometry_status":"source_community_mapping_not_surveyed","id":"osm_way_224990805","map_feature_id":null,"measured":false,"name":"","osm_id":224990805,"osm_type":"way","osm_version":2,"source_timestamp":"2013-06-11T07:09:38Z","source_url":"https://www.openstreetmap.org/way/224990805","space_id":null,"tags":{"landuse":"grass"},"vegetation":"grass"},"type":"Feature"},{"geometry":{"coordinates":[[[8.332,-504.889],[-2.652,-505.086],[-2.476,-514.964],[8.508,-514.768],[8.332,-504.889]]],"type":"Polygon"},"id":"osm_way_224991425","properties":{"area_m2":108.540028,"asset_id":"osm_way_224991425","center":[2.928093,-509.926747],"context_layer":"greens","geometry_role":"mapped_vegetation_outline","geometry_status":"source_community_mapping_not_surveyed","id":"osm_way_224991425","map_feature_id":null,"measured":false,"name":"","osm_id":224991425,"osm_type":"way","osm_version":2,"source_timestamp":"2013-06-11T06:48:53Z","source_url":"https://www.openstreetmap.org/way/224991425","space_id":null,"tags":{"landuse":"grass"},"vegetation":"grass"},"type":"Feature"},{"geometry":{"coordinates":[[[43.998,-504.03],[32.967,-504.272],[33.197,-514.46],[44.227,-514.219],[43.998,-504.03]]],"type":"Polygon"},"id":"osm_way_224991427","properties":{"area_m2":112.439673,"asset_id":"osm_way_224991427","center":[38.597336,-509.245169],"context_layer":"greens","geometry_role":"mapped_vegetation_outline","geometry_status":"source_community_mapping_not_surveyed","id":"osm_way_224991427","map_feature_id":null,"measured":false,"name":"","osm_id":224991427,"osm_type":"way","osm_version":2,"source_timestamp":"2013-06-11T06:48:53Z","source_url":"https://www.openstreetmap.org/way/224991427","space_id":null,"tags":{"landuse":"grass"},"vegetation":"grass"},"type":"Feature"},{"geometry":{"coordinates":[[[27.042,-504.444],[14.708,-504.598],[14.746,-507.27],[27.081,-507.116],[27.042,-504.444]]],"type":"Polygon"},"id":"osm_way_224991429","properties":{"area_m2":32.963713,"asset_id":"osm_way_224991429","center":[20.894255,-505.857018],"context_layer":"greens","geometry_role":"mapped_vegetation_outline","geometry_status":"source_community_mapping_not_surveyed","id":"osm_way_224991429","map_feature_id":null,"measured":false,"name":"","osm_id":224991429,"osm_type":"way","osm_version":2,"source_timestamp":"2013-06-11T06:48:53Z","source_url":"https://www.openstreetmap.org/way/224991429","space_id":null,"tags":{"landuse":"grass"},"vegetation":"grass"},"type":"Feature"},{"geometry":{"coordinates":[[[57.955,-600.47],[45.634,-600.867],[45.757,-606.71],[58.063,-606.512],[57.955,-600.47]]],"type":"Polygon"},"id":"osm_way_224992394","properties":{"area_m2":73.207335,"asset_id":"osm_way_224992394","center":[51.886519,-603.638163],"context_layer":"greens","geometry_role":"mapped_vegetation_outline","geometry_status":"source_community_mapping_not_surveyed","id":"osm_way_224992394","map_feature_id":null,"measured":false,"name":"","osm_id":224992394,"osm_type":"way","osm_version":2,"source_timestamp":"2013-06-11T07:09:39Z","source_url":"https://www.openstreetmap.org/way/224992394","space_id":null,"tags":{"landuse":"grass"},"vegetation":"grass"},"type":"Feature"},{"geometry":{"coordinates":[[[73.752,-600.188],[60.899,-600.417],[61.007,-606.46],[73.86,-606.23],[73.752,-600.188]]],"type":"Polygon"},"id":"osm_way_224992395","properties":{"area_m2":77.689038,"asset_id":"osm_way_224992395","center":[67.379323,-603.323754],"context_layer":"greens","geometry_role":"mapped_vegetation_outline","geometry_status":"source_community_mapping_not_surveyed","id":"osm_way_224992395","map_feature_id":null,"measured":false,"name":"","osm_id":224992395,"osm_type":"way","osm_version":2,"source_timestamp":"2013-06-11T07:09:39Z","source_url":"https://www.openstreetmap.org/way/224992395","space_id":null,"tags":{"landuse":"grass"},"vegetation":"grass"},"type":"Feature"},{"geometry":{"coordinates":[[[88.103,-599.82],[76.526,-600.138],[76.69,-606.124],[88.266,-605.806],[88.103,-599.82]]],"type":"Polygon"},"id":"osm_way_224992396","properties":{"area_m2":69.348922,"asset_id":"osm_way_224992396","center":[82.396244,-602.971957],"context_layer":"greens","geometry_role":"mapped_vegetation_outline","geometry_status":"source_community_mapping_not_surveyed","id":"osm_way_224992396","map_feature_id":null,"measured":false,"name":"","osm_id":224992396,"osm_type":"way","osm_version":2,"source_timestamp":"2013-06-11T07:09:39Z","source_url":"https://www.openstreetmap.org/way/224992396","space_id":null,"tags":{"landuse":"grass"},"vegetation":"grass"},"type":"Feature"},{"geometry":{"coordinates":[[[103.065,-599.309],[90.587,-599.887],[90.859,-605.605],[103.337,-605.027],[103.065,-599.309]]],"type":"Polygon"},"id":"osm_way_224992397","properties":{"area_m2":71.50642,"asset_id":"osm_way_224992397","center":[96.962,-602.457],"context_layer":"greens","geometry_role":"mapped_vegetation_outline","geometry_status":"source_community_mapping_not_surveyed","id":"osm_way_224992397","map_feature_id":null,"measured":false,"name":"","osm_id":224992397,"osm_type":"way","osm_version":2,"source_timestamp":"2013-06-11T07:09:39Z","source_url":"https://www.openstreetmap.org/way/224992397","space_id":null,"tags":{"landuse":"grass"},"vegetation":"grass"},"type":"Feature"},{"geometry":{"coordinates":[[[31.159,-579.51],[13.965,-579.817],[14.237,-595.007],[31.43,-594.7],[31.159,-579.51]]],"type":"Polygon"},"id":"osm_way_224992509","properties":{"area_m2":261.252615,"asset_id":"osm_way_224992509","center":[22.697747,-587.258426],"context_layer":"greens","geometry_role":"mapped_vegetation_outline","geometry_status":"source_community_mapping_not_surveyed","id":"osm_way_224992509","map_feature_id":null,"measured":false,"name":"","osm_id":224992509,"osm_type":"way","osm_version":2,"source_timestamp":"2013-06-11T07:09:38Z","source_url":"https://www.openstreetmap.org/way/224992509","space_id":null,"tags":{"landuse":"grass"},"vegetation":"grass"},"type":"Feature"},{"geometry":{"coordinates":[[[30.639,-569.97],[13.075,-570.672],[13.277,-575.637],[30.841,-574.924],[30.639,-569.97]]],"type":"Polygon"},"id":"osm_way_224992510","properties":{"area_m2":87.251573,"asset_id":"osm_way_224992510","center":[21.954759,-572.800891],"context_layer":"greens","geometry_role":"mapped_vegetation_outline","geometry_status":"source_community_mapping_not_surveyed","id":"osm_way_224992510","map_feature_id":null,"measured":false,"name":"","osm_id":224992510,"osm_type":"way","osm_version":2,"source_timestamp":"2013-06-11T07:09:38Z","source_url":"https://www.openstreetmap.org/way/224992510","space_id":null,"tags":{"landuse":"grass"},"vegetation":"grass"},"type":"Feature"},{"geometry":{"coordinates":[[[-67.726,-570.763],[-79.291,-570.703],[-78.63,-592.362],[-76.652,-596.386],[-72.009,-597.379],[-0.743,-596.106],[-1.193,-585.733],[-67.347,-587.27],[-67.726,-570.763]]],"type":"Polygon"},"id":"osm_way_224992782","properties":{"area_m2":973.532803,"asset_id":"osm_way_224992782","center":[-45.864991,-589.182842],"context_layer":"greens","geometry_role":"mapped_vegetation_outline","geometry_status":"source_community_mapping_not_surveyed","id":"osm_way_224992782","map_feature_id":null,"measured":false,"name":"","osm_id":224992782,"osm_type":"way","osm_version":2,"source_timestamp":"2013-06-11T07:09:38Z","source_url":"https://www.openstreetmap.org/way/224992782","space_id":null,"tags":{"landuse":"grass"},"vegetation":"grass"},"type":"Feature"},{"geometry":{"coordinates":[[[-80.122,-511.482],[-79.164,-547.144],[-68.087,-546.869],[-68.46,-531.781],[-14.122,-530.444],[-14.728,-506.011],[-76.975,-507.422],[-78.561,-508.515],[-80.122,-511.482]]],"type":"Polygon"},"id":"osm_way_224992783","properties":{"area_m2":1767.322114,"asset_id":"osm_way_224992783","center":[-49.623527,-520.968279],"context_layer":"greens","geometry_role":"mapped_vegetation_outline","geometry_status":"source_community_mapping_not_surveyed","id":"osm_way_224992783","map_feature_id":null,"measured":false,"name":"","osm_id":224992783,"osm_type":"way","osm_version":3,"source_timestamp":"2013-06-11T06:48:53Z","source_url":"https://www.openstreetmap.org/way/224992783","space_id":null,"tags":{"landuse":"grass"},"vegetation":"grass"},"type":"Feature"},{"geometry":{"coordinates":[[[8.243,-518.422],[-2.494,-518.713],[-2.437,-527.707],[8.404,-527.413],[8.243,-518.422]]],"type":"Polygon"},"id":"osm_way_224992784","properties":{"area_m2":97.051965,"asset_id":"osm_way_224992784","center":[2.92907,-523.070974],"context_layer":"greens","geometry_role":"mapped_vegetation_outline","geometry_status":"source_community_mapping_not_surveyed","id":"osm_way_224992784","map_feature_id":null,"measured":false,"name":"","osm_id":224992784,"osm_type":"way","osm_version":2,"source_timestamp":"2013-06-11T06:48:53Z","source_url":"https://www.openstreetmap.org/way/224992784","space_id":null,"tags":{"landuse":"grass"},"vegetation":"grass"},"type":"Feature"},{"geometry":{"coordinates":[[[43.88,-517.486],[33.037,-517.679],[33.243,-526.592],[44.04,-526.477],[43.88,-517.486]]],"type":"Polygon"},"id":"osm_way_224992785","properties":{"area_m2":96.888822,"asset_id":"osm_way_224992785","center":[38.557721,-522.055109],"context_layer":"greens","geometry_role":"mapped_vegetation_outline","geometry_status":"source_community_mapping_not_surveyed","id":"osm_way_224992785","map_feature_id":null,"measured":false,"name":"","osm_id":224992785,"osm_type":"way","osm_version":2,"source_timestamp":"2013-06-11T06:48:53Z","source_url":"https://www.openstreetmap.org/way/224992785","space_id":null,"tags":{"landuse":"grass"},"vegetation":"grass"},"type":"Feature"},{"geometry":{"coordinates":[[[15.052,-524.4],[15.071,-526.529],[26.926,-526.439],[26.916,-524.321],[15.052,-524.4]]],"type":"Polygon"},"id":"osm_way_224992786","properties":{"area_m2":25.184874,"asset_id":"osm_way_224992786","center":[20.9861,-525.422154],"context_layer":"greens","geometry_role":"mapped_vegetation_outline","geometry_status":"source_community_mapping_not_surveyed","id":"osm_way_224992786","map_feature_id":null,"measured":false,"name":"","osm_id":224992786,"osm_type":"way","osm_version":2,"source_timestamp":"2013-06-11T06:48:53Z","source_url":"https://www.openstreetmap.org/way/224992786","space_id":null,"tags":{"landuse":"grass"},"vegetation":"grass"},"type":"Feature"},{"geometry":{"coordinates":[[[99.761,-501.049],[85.866,-501.618],[86.624,-526.071],[100.63,-525.921],[99.761,-501.049]]],"type":"Polygon"},"id":"osm_way_224993034","properties":{"area_m2":344.346659,"asset_id":"osm_way_224993034","center":[93.240591,-513.678542],"context_layer":"greens","geometry_role":"mapped_vegetation_outline","geometry_status":"source_community_mapping_not_surveyed","id":"osm_way_224993034","map_feature_id":null,"measured":false,"name":"","osm_id":224993034,"osm_type":"way","osm_version":2,"source_timestamp":"2013-06-11T06:48:53Z","source_url":"https://www.openstreetmap.org/way/224993034","space_id":null,"tags":{"landuse":"grass"},"vegetation":"grass"},"type":"Feature"},{"geometry":{"coordinates":[[[-70.809,-499.083],[-71.151,-484.682],[-80.291,-485.101],[-80.077,-499.193],[-78.435,-500.772],[-14.485,-500.062],[-14.388,-497.587],[-70.809,-499.083]]],"type":"Polygon"},"id":"osm_way_224994117","properties":{"area_m2":259.65269,"asset_id":"osm_way_224994117","center":[-60.070428,-495.665745],"context_layer":"greens","geometry_role":"mapped_vegetation_outline","geometry_status":"source_community_mapping_not_surveyed","id":"osm_way_224994117","map_feature_id":null,"measured":false,"name":"","osm_id":224994117,"osm_type":"way","osm_version":2,"source_timestamp":"2013-06-11T06:48:53Z","source_url":"https://www.openstreetmap.org/way/224994117","space_id":null,"tags":{"landuse":"grass"},"vegetation":"grass"},"type":"Feature"},{"geometry":{"coordinates":[[[-81.578,-463.752],[-71.643,-463.519],[-72.077,-449.785],[-4.5,-448.168],[-5.3,-433.498],[-78.678,-435.319],[-81.279,-437.162],[-82.375,-440.298],[-81.578,-463.752]]],"type":"Polygon"},"id":"osm_way_224994118","properties":{"area_m2":1264.577657,"asset_id":"osm_way_224994118","center":[-46.972992,-443.426098],"context_layer":"greens","geometry_role":"mapped_vegetation_outline","geometry_status":"source_community_mapping_not_surveyed","id":"osm_way_224994118","map_feature_id":null,"measured":false,"name":"","osm_id":224994118,"osm_type":"way","osm_version":2,"source_timestamp":"2013-06-11T06:48:53Z","source_url":"https://www.openstreetmap.org/way/224994118","space_id":null,"tags":{"landuse":"grass"},"vegetation":"grass"},"type":"Feature"},{"geometry":{"coordinates":[[[44.326,-432.068],[44.597,-439.815],[101.38,-438.49],[101.618,-448.667],[106.884,-448.584],[106.252,-433.822],[105.508,-431.784],[103.337,-430.747],[44.326,-432.068]]],"type":"Polygon"},"id":"osm_way_224994119","properties":{"area_m2":527.659009,"asset_id":"osm_way_224994119","center":[78.059957,-436.085888],"context_layer":"greens","geometry_role":"mapped_vegetation_outline","geometry_status":"source_community_mapping_not_surveyed","id":"osm_way_224994119","map_feature_id":null,"measured":false,"name":"","osm_id":224994119,"osm_type":"way","osm_version":2,"source_timestamp":"2013-06-11T06:48:53Z","source_url":"https://www.openstreetmap.org/way/224994119","space_id":null,"tags":{"landuse":"grass"},"vegetation":"grass"},"type":"Feature"},{"geometry":{"coordinates":[[[27.019,-432.366],[12.129,-432.632],[12.38,-446.713],[27.271,-446.447],[27.019,-432.366]]],"type":"Polygon"},"id":"osm_way_224994120","properties":{"area_m2":209.740029,"asset_id":"osm_way_224994120","center":[19.699753,-439.539579],"context_layer":"greens","geometry_role":"mapped_vegetation_outline","geometry_status":"source_community_mapping_not_surveyed","id":"osm_way_224994120","map_feature_id":null,"measured":false,"name":"","osm_id":224994120,"osm_type":"way","osm_version":2,"source_timestamp":"2013-06-11T06:48:52Z","source_url":"https://www.openstreetmap.org/way/224994120","space_id":null,"tags":{"landuse":"grass"},"vegetation":"grass"},"type":"Feature"},{"geometry":{"coordinates":[[[26.513,-396.619],[11.247,-397.024],[11.614,-411.236],[26.889,-410.83],[26.513,-396.619]]],"type":"Polygon"},"id":"osm_way_224994121","properties":{"area_m2":217.167354,"asset_id":"osm_way_224994121","center":[19.0657,-403.927951],"context_layer":"greens","geometry_role":"mapped_vegetation_outline","geometry_status":"source_community_mapping_not_surveyed","id":"osm_way_224994121","map_feature_id":null,"measured":false,"name":"","osm_id":224994121,"osm_type":"way","osm_version":2,"source_timestamp":"2013-06-11T06:48:51Z","source_url":"https://www.openstreetmap.org/way/224994121","space_id":null,"tags":{"landuse":"grass"},"vegetation":"grass"},"type":"Feature"},{"geometry":{"coordinates":[[[26.305,-386.042],[10.918,-386.561],[11.243,-391.002],[26.389,-390.732],[26.305,-386.042]]],"type":"Polygon"},"id":"osm_way_224994122","properties":{"area_m2":69.779881,"asset_id":"osm_way_224994122","center":[18.781041,-388.576227],"context_layer":"greens","geometry_role":"mapped_vegetation_outline","geometry_status":"source_community_mapping_not_surveyed","id":"osm_way_224994122","map_feature_id":null,"measured":false,"name":"","osm_id":224994122,"osm_type":"way","osm_version":2,"source_timestamp":"2013-06-11T06:48:51Z","source_url":"https://www.openstreetmap.org/way/224994122","space_id":null,"tags":{"landuse":"grass"},"vegetation":"grass"},"type":"Feature"},{"geometry":{"coordinates":[[[-4.961,-407.54],[-4.968,-401.884],[-71.994,-403.114],[-72.223,-390.319],[-83.516,-390.643],[-83.118,-409.224],[-81.787,-412.394],[-79.047,-414.12],[-8.231,-412.101],[-5.663,-410.558],[-4.961,-407.54]]],"type":"Polygon"},"id":"osm_way_224994870","properties":{"area_m2":955.283245,"asset_id":"osm_way_224994870","center":[-49.425462,-406.164958],"context_layer":"greens","geometry_role":"mapped_vegetation_outline","geometry_status":"source_community_mapping_not_surveyed","id":"osm_way_224994870","map_feature_id":null,"measured":false,"name":"","osm_id":224994870,"osm_type":"way","osm_version":2,"source_timestamp":"2013-06-11T06:48:51Z","source_url":"https://www.openstreetmap.org/way/224994870","space_id":null,"tags":{"landuse":"grass"},"vegetation":"grass"},"type":"Feature"},{"geometry":{"coordinates":[[[-84.398,-364.019],[-72.714,-363.855],[-72.92,-352.346],[-5.516,-351.109],[-5.517,-343.667],[-83.032,-345.318],[-83.936,-345.977],[-84.581,-346.876],[-84.398,-364.019]]],"type":"Polygon"},"id":"osm_way_224994871","properties":{"area_m2":711.76455,"asset_id":"osm_way_224994871","center":[-51.124872,-350.055571],"context_layer":"greens","geometry_role":"mapped_vegetation_outline","geometry_status":"source_community_mapping_not_surveyed","id":"osm_way_224994871","map_feature_id":null,"measured":false,"name":"","osm_id":224994871,"osm_type":"way","osm_version":2,"source_timestamp":"2013-06-11T06:48:51Z","source_url":"https://www.openstreetmap.org/way/224994871","space_id":null,"tags":{"landuse":"grass"},"vegetation":"grass"},"type":"Feature"},{"geometry":{"coordinates":[[[41.111,-343.034],[41.448,-350.248],[98.292,-349.198],[98.463,-358.767],[103.644,-358.674],[103.455,-345.446],[102.189,-343.295],[100.103,-342.234],[41.111,-343.034]]],"type":"Polygon"},"id":"osm_way_224994872","properties":{"area_m2":485.350079,"asset_id":"osm_way_224994872","center":[74.862607,-346.966486],"context_layer":"greens","geometry_role":"mapped_vegetation_outline","geometry_status":"source_community_mapping_not_surveyed","id":"osm_way_224994872","map_feature_id":null,"measured":false,"name":"","osm_id":224994872,"osm_type":"way","osm_version":2,"source_timestamp":"2013-06-11T06:48:51Z","source_url":"https://www.openstreetmap.org/way/224994872","space_id":null,"tags":{"landuse":"grass"},"vegetation":"grass"},"type":"Feature"},{"geometry":{"coordinates":[[[50.4,-315.562],[26.043,-315.942],[26.362,-336.421],[50.718,-336.03],[50.4,-315.562]]],"type":"Polygon"},"id":"osm_way_224995376","properties":{"area_m2":498.785584,"asset_id":"osm_way_224995376","center":[38.379657,-325.988709],"context_layer":"greens","geometry_role":"mapped_vegetation_outline","geometry_status":"source_community_mapping_not_surveyed","id":"osm_way_224995376","map_feature_id":null,"measured":false,"name":"","osm_id":224995376,"osm_type":"way","osm_version":2,"source_timestamp":"2013-06-11T06:48:50Z","source_url":"https://www.openstreetmap.org/way/224995376","space_id":null,"tags":{"landuse":"grass"},"vegetation":"grass"},"type":"Feature"},{"geometry":{"coordinates":[[[22.041,-315.914],[11.359,-316.105],[11.808,-336.503],[22.312,-336.36],[22.041,-315.914]]],"type":"Polygon"},"id":"osm_way_224995377","properties":{"area_m2":216.390366,"asset_id":"osm_way_224995377","center":[16.881447,-326.191744],"context_layer":"greens","geometry_role":"mapped_vegetation_outline","geometry_status":"source_community_mapping_not_surveyed","id":"osm_way_224995377","map_feature_id":null,"measured":false,"name":"","osm_id":224995377,"osm_type":"way","osm_version":2,"source_timestamp":"2013-06-11T06:48:51Z","source_url":"https://www.openstreetmap.org/way/224995377","space_id":null,"tags":{"landuse":"grass"},"vegetation":"grass"},"type":"Feature"},{"geometry":{"coordinates":[[[-11.277,-310.298],[-11.245,-314.19],[3.186,-314.088],[3.152,-310.096],[-11.277,-310.298]]],"type":"Polygon"},"id":"osm_way_224995378","properties":{"area_m2":56.888076,"asset_id":"osm_way_224995378","center":[-4.015491,-312.167705],"context_layer":"greens","geometry_role":"mapped_vegetation_outline","geometry_status":"source_community_mapping_not_surveyed","id":"osm_way_224995378","map_feature_id":null,"measured":false,"name":"","osm_id":224995378,"osm_type":"way","osm_version":2,"source_timestamp":"2013-06-11T06:48:51Z","source_url":"https://www.openstreetmap.org/way/224995378","space_id":null,"tags":{"landuse":"grass"},"vegetation":"grass"},"type":"Feature"},{"geometry":{"coordinates":[[[-75.189,-311.44],[-75.411,-299.022],[-84.668,-299.21],[-84.189,-334.458],[-82.692,-337.936],[-79.776,-339.481],[-76.115,-339.427],[-44.067,-338.932],[-41.516,-338.044],[-39.306,-335.997],[-36.845,-334.256],[-31.9,-333.092],[-2.822,-332.306],[-0.473,-331.743],[0.811,-330.156],[4.438,-335.049],[2.754,-336.377],[0.805,-337.199],[4.865,-337.26],[6.818,-336.703],[7.849,-335.243],[7.794,-317.898],[6.33,-316.228],[-15.82,-316.501],[-15.797,-310.368],[-75.189,-311.44]]],"type":"Polygon"},"id":"osm_way_224995720","properties":{"area_m2":2291.617574,"asset_id":"osm_way_224995720","center":[-44.722112,-323.308663],"context_layer":"greens","geometry_role":"mapped_vegetation_outline","geometry_status":"source_community_mapping_not_surveyed","id":"osm_way_224995720","map_feature_id":null,"measured":false,"name":"","osm_id":224995720,"osm_type":"way","osm_version":3,"source_timestamp":"2013-06-11T06:48:51Z","source_url":"https://www.openstreetmap.org/way/224995720","space_id":null,"tags":{"landuse":"grass"},"vegetation":"grass"},"type":"Feature"},{"geometry":{"coordinates":[[[-85.6,-271.289],[-76.09,-271.041],[-76.416,-257.527],[-8.861,-256.354],[-8.547,-274.449],[-8.615,-279.618],[43.404,-279.066],[43.568,-290.885],[49.398,-290.659],[50.795,-290.124],[51.402,-288.206],[51.248,-272.737],[48.953,-272.645],[48.869,-267.955],[41.349,-268.089],[41.231,-261.492],[48.751,-261.358],[48.85,-249.999],[48.133,-248.925],[47.189,-248.388],[-0.888,-248.792],[0.993,-249.446],[2.395,-250.796],[-1.759,-254.974],[-3.951,-253.837],[-6.807,-253.5],[-27.048,-253.862],[-31.874,-253.194],[-35.697,-251.632],[-38.462,-249.519],[-84.711,-250.234],[-86.102,-251.645],[-85.6,-271.289]]],"type":"Polygon"},"id":"osm_way_224996124","properties":{"area_m2":2352.846568,"asset_id":"osm_way_224996124","center":[1.488751,-263.181945],"context_layer":"greens","geometry_role":"mapped_vegetation_outline","geometry_status":"source_community_mapping_not_surveyed","id":"osm_way_224996124","map_feature_id":null,"measured":false,"name":"","osm_id":224996124,"osm_type":"way","osm_version":2,"source_timestamp":"2013-06-11T06:48:51Z","source_url":"https://www.openstreetmap.org/way/224996124","space_id":null,"tags":{"landuse":"grass"},"vegetation":"grass"},"type":"Feature"},{"geometry":{"coordinates":[[[43.833,-309.391],[29.093,-309.643],[29.13,-311.695],[30.306,-313.581],[48.79,-313.173],[50.687,-312.651],[51.581,-310.872],[51.581,-298.228],[50.908,-296.466],[49.104,-295.356],[43.629,-295.321],[43.833,-309.391]]],"type":"Polygon"},"id":"osm_way_224996125","properties":{"area_m2":192.410136,"asset_id":"osm_way_224996125","center":[44.332161,-306.38121],"context_layer":"greens","geometry_role":"mapped_vegetation_outline","geometry_status":"source_community_mapping_not_surveyed","id":"osm_way_224996125","map_feature_id":null,"measured":false,"name":"","osm_id":224996125,"osm_type":"way","osm_version":3,"source_timestamp":"2013-06-11T06:48:51Z","source_url":"https://www.openstreetmap.org/way/224996125","space_id":null,"tags":{"landuse":"grass"},"vegetation":"grass"},"type":"Feature"},{"geometry":{"coordinates":[[[-66.709,-420.011],[-78.77,-420.148],[-78.702,-426.081],[-66.641,-425.943],[-66.709,-420.011]]],"type":"Polygon"},"id":"osm_way_224997626","properties":{"area_m2":71.561232,"asset_id":"osm_way_224997626","center":[-72.705669,-423.045752],"context_layer":"greens","geometry_role":"mapped_vegetation_outline","geometry_status":"source_community_mapping_not_surveyed","id":"osm_way_224997626","map_feature_id":null,"measured":false,"name":"","osm_id":224997626,"osm_type":"way","osm_version":2,"source_timestamp":"2013-06-11T06:48:52Z","source_url":"https://www.openstreetmap.org/way/224997626","space_id":null,"tags":{"landuse":"grass"},"vegetation":"grass"},"type":"Feature"},{"geometry":{"coordinates":[[[-50.886,-419.584],[-63.304,-419.872],[-63.171,-425.726],[-50.744,-425.437],[-50.886,-419.584]]],"type":"Polygon"},"id":"osm_way_224997627","properties":{"area_m2":72.754773,"asset_id":"osm_way_224997627","center":[-57.026381,-422.655107],"context_layer":"greens","geometry_role":"mapped_vegetation_outline","geometry_status":"source_community_mapping_not_surveyed","id":"osm_way_224997627","map_feature_id":null,"measured":false,"name":"","osm_id":224997627,"osm_type":"way","osm_version":2,"source_timestamp":"2013-06-11T06:48:52Z","source_url":"https://www.openstreetmap.org/way/224997627","space_id":null,"tags":{"landuse":"grass"},"vegetation":"grass"},"type":"Feature"},{"geometry":{"coordinates":[[[-35.937,-419.417],[-47.941,-419.598],[-47.73,-425.583],[-35.849,-425.426],[-35.937,-419.417]]],"type":"Polygon"},"id":"osm_way_224997628","properties":{"area_m2":71.644438,"asset_id":"osm_way_224997628","center":[-41.860686,-422.500777],"context_layer":"greens","geometry_role":"mapped_vegetation_outline","geometry_status":"source_community_mapping_not_surveyed","id":"osm_way_224997628","map_feature_id":null,"measured":false,"name":"","osm_id":224997628,"osm_type":"way","osm_version":2,"source_timestamp":"2013-06-11T06:48:52Z","source_url":"https://www.openstreetmap.org/way/224997628","space_id":null,"tags":{"landuse":"grass"},"vegetation":"grass"},"type":"Feature"},{"geometry":{"coordinates":[[[-21.27,-419.332],[-33.096,-419.432],[-32.892,-425.018],[-21.111,-425.063],[-21.27,-419.332]]],"type":"Polygon"},"id":"osm_way_224997629","properties":{"area_m2":66.795096,"asset_id":"osm_way_224997629","center":[-27.067128,-422.209208],"context_layer":"greens","geometry_role":"mapped_vegetation_outline","geometry_status":"source_community_mapping_not_surveyed","id":"osm_way_224997629","map_feature_id":null,"measured":false,"name":"","osm_id":224997629,"osm_type":"way","osm_version":2,"source_timestamp":"2013-06-11T06:48:52Z","source_url":"https://www.openstreetmap.org/way/224997629","space_id":null,"tags":{"landuse":"grass"},"vegetation":"grass"},"type":"Feature"},{"geometry":{"coordinates":[[[-6.008,-419.259],[-18.152,-419.476],[-17.951,-424.951],[-5.806,-424.734],[-6.008,-419.259]]],"type":"Polygon"},"id":"osm_way_224997630","properties":{"area_m2":66.534863,"asset_id":"osm_way_224997630","center":[-11.979245,-422.105037],"context_layer":"greens","geometry_role":"mapped_vegetation_outline","geometry_status":"source_community_mapping_not_surveyed","id":"osm_way_224997630","map_feature_id":null,"measured":false,"name":"","osm_id":224997630,"osm_type":"way","osm_version":2,"source_timestamp":"2013-06-11T06:48:52Z","source_url":"https://www.openstreetmap.org/way/224997630","space_id":null,"tags":{"landuse":"grass"},"vegetation":"grass"},"type":"Feature"},{"geometry":{"coordinates":[[[55.327,-416.965],[43.226,-417.015],[43.248,-423.492],[55.348,-423.442],[55.327,-416.965]]],"type":"Polygon"},"id":"osm_way_224997758","properties":{"area_m2":78.376013,"asset_id":"osm_way_224997758","center":[49.287249,-420.228455],"context_layer":"greens","geometry_role":"mapped_vegetation_outline","geometry_status":"source_community_mapping_not_surveyed","id":"osm_way_224997758","map_feature_id":null,"measured":false,"name":"","osm_id":224997758,"osm_type":"way","osm_version":2,"source_timestamp":"2013-06-11T06:48:52Z","source_url":"https://www.openstreetmap.org/way/224997758","space_id":null,"tags":{"landuse":"grass"},"vegetation":"grass"},"type":"Feature"},{"geometry":{"coordinates":[[[69.865,-416.495],[58.91,-416.735],[59.052,-423.087],[70.007,-422.847],[69.865,-416.495]]],"type":"Polygon"},"id":"osm_way_224997759","properties":{"area_m2":69.62024,"asset_id":"osm_way_224997759","center":[64.4585,-419.791],"context_layer":"greens","geometry_role":"mapped_vegetation_outline","geometry_status":"source_community_mapping_not_surveyed","id":"osm_way_224997759","map_feature_id":null,"measured":false,"name":"","osm_id":224997759,"osm_type":"way","osm_version":2,"source_timestamp":"2013-06-11T06:48:52Z","source_url":"https://www.openstreetmap.org/way/224997759","space_id":null,"tags":{"landuse":"grass"},"vegetation":"grass"},"type":"Feature"},{"geometry":{"coordinates":[[[85.421,-416.483],[73.369,-416.61],[73.439,-422.631],[85.481,-422.504],[85.421,-416.483]]],"type":"Polygon"},"id":"osm_way_224997760","properties":{"area_m2":72.543242,"asset_id":"osm_way_224997760","center":[79.427478,-419.556584],"context_layer":"greens","geometry_role":"mapped_vegetation_outline","geometry_status":"source_community_mapping_not_surveyed","id":"osm_way_224997760","map_feature_id":null,"measured":false,"name":"","osm_id":224997760,"osm_type":"way","osm_version":2,"source_timestamp":"2013-06-11T06:48:52Z","source_url":"https://www.openstreetmap.org/way/224997760","space_id":null,"tags":{"landuse":"grass"},"vegetation":"grass"},"type":"Feature"},{"geometry":{"coordinates":[[[101.38,-416.342],[88.649,-416.47],[88.714,-422.213],[101.436,-422.086],[101.38,-416.342]]],"type":"Polygon"},"id":"osm_way_224997761","properties":{"area_m2":73.102366,"asset_id":"osm_way_224997761","center":[95.044914,-419.277409],"context_layer":"greens","geometry_role":"mapped_vegetation_outline","geometry_status":"source_community_mapping_not_surveyed","id":"osm_way_224997761","map_feature_id":null,"measured":false,"name":"","osm_id":224997761,"osm_type":"way","osm_version":2,"source_timestamp":"2013-06-11T06:48:52Z","source_url":"https://www.openstreetmap.org/way/224997761","space_id":null,"tags":{"landuse":"grass"},"vegetation":"grass"},"type":"Feature"},{"geometry":{"coordinates":[[[384.913,-419.455],[342.524,-419.138],[342.82,-429.901],[382.035,-430.586],[392.273,-429.316],[400.944,-424.902],[403.986,-421.353],[406.586,-415.784],[407.375,-409.204],[404.659,-399.848],[396.859,-399.688],[393.594,-399.746],[393.552,-403.773],[393.656,-415.871],[384.711,-416.076],[384.913,-419.455]]],"type":"Polygon"},"id":"osm_way_225001565","properties":{"area_m2":897.581725,"asset_id":"osm_way_225001565","center":[379.789204,-420.173595],"context_layer":"greens","geometry_role":"mapped_vegetation_outline","geometry_status":"source_community_mapping_not_surveyed","id":"osm_way_225001565","map_feature_id":null,"measured":false,"name":"","osm_id":225001565,"osm_type":"way","osm_version":2,"source_timestamp":"2013-06-11T07:09:39Z","source_url":"https://www.openstreetmap.org/way/225001565","space_id":null,"tags":{"landuse":"grass"},"vegetation":"grass"},"type":"Feature"},{"geometry":{"coordinates":[[[393.146,-385.27],[393.343,-391.555],[401.099,-390.817],[403.531,-388.522],[403.798,-385.523],[399.456,-356.032],[394.243,-326.902],[390.727,-309.253],[340.959,-310.587],[341.189,-323.437],[371.33,-322.975],[371.223,-315.413],[386.435,-315.185],[386.641,-328.801],[387.346,-345.513],[387.621,-356.644],[387.525,-374.513],[392.818,-374.351],[393.146,-385.27]]],"type":"Polygon"},"id":"osm_way_225001566","properties":{"area_m2":1277.887835,"asset_id":"osm_way_225001566","center":[381.12663,-340.184335],"context_layer":"greens","geometry_role":"mapped_vegetation_outline","geometry_status":"source_community_mapping_not_surveyed","id":"osm_way_225001566","map_feature_id":null,"measured":false,"name":"","osm_id":225001566,"osm_type":"way","osm_version":4,"source_timestamp":"2013-06-11T07:20:37Z","source_url":"https://www.openstreetmap.org/way/225001566","space_id":null,"tags":{"landuse":"grass"},"vegetation":"grass"},"type":"Feature"},{"geometry":{"coordinates":[[[374.259,-289.429],[340.754,-290.184],[340.84,-302.36],[389.482,-302.443],[390.968,-300.52],[388.761,-276.371],[387.762,-241.708],[388.246,-219.684],[389.419,-196.638],[385.097,-196.683],[378.649,-196.665],[378.978,-214.471],[384.762,-214.356],[384.951,-224.39],[378.968,-224.497],[379.311,-243.667],[385.229,-243.616],[385.307,-253.752],[379.682,-253.797],[379.709,-274.292],[385.389,-274.157],[385.617,-284.29],[374.144,-284.551],[374.259,-289.429]]],"type":"Polygon"},"id":"osm_way_225002056","properties":{"area_m2":1333.983965,"asset_id":"osm_way_225002056","center":[375.467378,-267.741167],"context_layer":"greens","geometry_role":"mapped_vegetation_outline","geometry_status":"source_community_mapping_not_surveyed","id":"osm_way_225002056","map_feature_id":null,"measured":false,"name":"","osm_id":225002056,"osm_type":"way","osm_version":2,"source_timestamp":"2013-06-11T07:09:40Z","source_url":"https://www.openstreetmap.org/way/225002056","space_id":null,"tags":{"landuse":"grass"},"vegetation":"grass"},"type":"Feature"},{"geometry":{"coordinates":[[[384.732,-184.744],[385.097,-196.683],[389.419,-196.638],[391.28,-176.697],[390.733,-175.154],[388.476,-173.498],[335.424,-173.804],[335.587,-190.304],[370.435,-189.681],[370.356,-185.279],[384.732,-184.744]]],"type":"Polygon"},"id":"osm_way_225002057","properties":{"area_m2":860.19529,"asset_id":"osm_way_225002057","center":[362.732911,-181.750148],"context_layer":"greens","geometry_role":"mapped_vegetation_outline","geometry_status":"source_community_mapping_not_surveyed","id":"osm_way_225002057","map_feature_id":null,"measured":false,"name":"","osm_id":225002057,"osm_type":"way","osm_version":3,"source_timestamp":"2013-06-11T07:24:28Z","source_url":"https://www.openstreetmap.org/way/225002057","space_id":null,"tags":{"landuse":"grass"},"vegetation":"grass"},"type":"Feature"},{"geometry":{"coordinates":[[[295.483,-191.022],[328.123,-190.438],[327.714,-173.942],[280.338,-174.968],[278.702,-176.938],[278.581,-187.033],[289.916,-186.941],[295.274,-186.767],[295.483,-191.022]]],"type":"Polygon"},"id":"osm_way_225002058","properties":{"area_m2":736.192384,"asset_id":"osm_way_225002058","center":[304.953555,-182.091779],"context_layer":"greens","geometry_role":"mapped_vegetation_outline","geometry_status":"source_community_mapping_not_surveyed","id":"osm_way_225002058","map_feature_id":null,"measured":false,"name":"","osm_id":225002058,"osm_type":"way","osm_version":2,"source_timestamp":"2013-06-11T07:09:41Z","source_url":"https://www.openstreetmap.org/way/225002058","space_id":null,"tags":{"landuse":"grass"},"vegetation":"grass"},"type":"Feature"},{"geometry":{"coordinates":[[[284.7,-296.378],[282.295,-296.465],[282.44,-303.505],[333.54,-302.701],[333.328,-290.35],[291.793,-291.293],[291.698,-287.047],[284.555,-287.208],[284.7,-296.378]]],"type":"Polygon"},"id":"osm_way_225002897","properties":{"area_m2":640.920112,"asset_id":"osm_way_225002897","center":[307.516325,-296.702405],"context_layer":"greens","geometry_role":"mapped_vegetation_outline","geometry_status":"source_community_mapping_not_surveyed","id":"osm_way_225002897","map_feature_id":null,"measured":false,"name":"","osm_id":225002897,"osm_type":"way","osm_version":2,"source_timestamp":"2013-06-11T07:09:40Z","source_url":"https://www.openstreetmap.org/way/225002897","space_id":null,"tags":{"landuse":"grass"},"vegetation":"grass"},"type":"Feature"},{"geometry":{"coordinates":[[[333.324,-310.702],[283.713,-311.9],[284.054,-316.707],[295.179,-316.497],[301.435,-316.341],[317.764,-316.271],[317.801,-323.601],[333.724,-323.527],[333.324,-310.702]]],"type":"Polygon"},"id":"osm_way_225002899","properties":{"area_m2":367.000174,"asset_id":"osm_way_225002899","center":[314.439991,-315.744918],"context_layer":"greens","geometry_role":"mapped_vegetation_outline","geometry_status":"source_community_mapping_not_surveyed","id":"osm_way_225002899","map_feature_id":null,"measured":false,"name":"","osm_id":225002899,"osm_type":"way","osm_version":3,"source_timestamp":"2013-06-11T07:20:37Z","source_url":"https://www.openstreetmap.org/way/225002899","space_id":null,"tags":{"landuse":"grass"},"vegetation":"grass"},"type":"Feature"},{"geometry":{"coordinates":[[[334.698,-419.078],[312.219,-418.904],[312.323,-429.46],[339.159,-429.435],[339.106,-419.11],[334.698,-419.078]]],"type":"Polygon"},"id":"osm_way_225002901","properties":{"area_m2":280.416554,"asset_id":"osm_way_225002901","center":[325.65199,-424.225929],"context_layer":"greens","geometry_role":"mapped_vegetation_outline","geometry_status":"source_community_mapping_not_surveyed","id":"osm_way_225002901","map_feature_id":null,"measured":false,"name":"","osm_id":225002901,"osm_type":"way","osm_version":3,"source_timestamp":"2013-06-11T07:20:37Z","source_url":"https://www.openstreetmap.org/way/225002901","space_id":null,"tags":{"landuse":"grass"},"vegetation":"grass"},"type":"Feature"},{"geometry":{"coordinates":[[[141.102,-114.396],[136.065,-114.608],[136.704,-166.147],[137.183,-167.114],[138.465,-167.546],[176.422,-167.078],[176.267,-161.092],[148.147,-161.572],[147.477,-121.99],[141.059,-122.016],[141.102,-114.396]]],"type":"Polygon"},"id":"osm_way_225004378","properties":{"area_m2":722.934621,"asset_id":"osm_way_225004378","center":[146.622458,-147.914846],"context_layer":"greens","geometry_role":"mapped_vegetation_outline","geometry_status":"source_community_mapping_not_surveyed","id":"osm_way_225004378","map_feature_id":null,"measured":false,"name":"","osm_id":225004378,"osm_type":"way","osm_version":3,"source_timestamp":"2013-06-11T06:48:48Z","source_url":"https://www.openstreetmap.org/way/225004378","space_id":null,"tags":{"landuse":"grass"},"vegetation":"grass"},"type":"Feature"},{"geometry":{"coordinates":[[[134.914,-48.65],[135.798,-95.959],[140.872,-95.701],[140.912,-88.459],[146.895,-87.852],[146.27,-50.787],[174.038,-50.158],[173.911,-43.051],[139.898,-42.86],[136.444,-44.985],[134.914,-48.65]]],"type":"Polygon"},"id":"osm_way_225004379","properties":{"area_m2":749.168564,"asset_id":"osm_way_225004379","center":[146.07062,-61.953087],"context_layer":"greens","geometry_role":"mapped_vegetation_outline","geometry_status":"source_community_mapping_not_surveyed","id":"osm_way_225004379","map_feature_id":null,"measured":false,"name":"","osm_id":225004379,"osm_type":"way","osm_version":2,"source_timestamp":"2013-06-11T06:48:48Z","source_url":"https://www.openstreetmap.org/way/225004379","space_id":null,"tags":{"landuse":"grass"},"vegetation":"grass"},"type":"Feature"},{"geometry":{"coordinates":[[[213.329,-43.61],[188.209,-42.95],[188.331,-49.758],[215.429,-49.107],[216.457,-91.311],[222.597,-91.035],[220.889,-44.074],[213.329,-43.61]]],"type":"Polygon"},"id":"osm_way_225004380","properties":{"area_m2":443.131939,"asset_id":"osm_way_225004380","center":[212.260614,-59.850936],"context_layer":"greens","geometry_role":"mapped_vegetation_outline","geometry_status":"source_community_mapping_not_surveyed","id":"osm_way_225004380","map_feature_id":null,"measured":false,"name":"","osm_id":225004380,"osm_type":"way","osm_version":2,"source_timestamp":"2013-06-11T06:48:48Z","source_url":"https://www.openstreetmap.org/way/225004380","space_id":null,"tags":{"landuse":"grass"},"vegetation":"grass"},"type":"Feature"},{"geometry":{"coordinates":[[[234.212,-47.506],[225.269,-45.127],[226.138,-75.799],[238.846,-75.405],[240.377,-63.367],[243.181,-51.294],[234.212,-47.506]]],"type":"Polygon"},"id":"osm_way_225004381","properties":{"area_m2":423.000192,"asset_id":"osm_way_225004381","center":[233.031817,-60.794474],"context_layer":"greens","geometry_role":"mapped_vegetation_outline","geometry_status":"source_community_mapping_not_surveyed","id":"osm_way_225004381","map_feature_id":null,"measured":false,"name":"","osm_id":225004381,"osm_type":"way","osm_version":2,"source_timestamp":"2013-06-11T06:48:48Z","source_url":"https://www.openstreetmap.org/way/225004381","space_id":null,"tags":{"landuse":"grass"},"vegetation":"grass"},"type":"Feature"},{"geometry":{"coordinates":[[[218.141,-160.077],[188.75,-160.791],[188.94,-166.665],[221.21,-165.955],[222.904,-165.171],[223.301,-163.589],[222.011,-115.267],[217.048,-115.356],[218.141,-160.077]]],"type":"Polygon"},"id":"osm_way_225004382","properties":{"area_m2":426.709948,"asset_id":"osm_way_225004382","center":[213.407796,-149.875274],"context_layer":"greens","geometry_role":"mapped_vegetation_outline","geometry_status":"source_community_mapping_not_surveyed","id":"osm_way_225004382","map_feature_id":null,"measured":false,"name":"","osm_id":225004382,"osm_type":"way","osm_version":3,"source_timestamp":"2013-06-11T06:48:48Z","source_url":"https://www.openstreetmap.org/way/225004382","space_id":null,"tags":{"landuse":"grass"},"vegetation":"grass"},"type":"Feature"},{"geometry":{"coordinates":[[[236.918,-130.173],[226.812,-130.354],[227.405,-165.578],[229.878,-165.6],[229.959,-162.749],[232.073,-162.711],[232.106,-164.574],[232.124,-165.571],[233.775,-165.542],[235.568,-164.456],[236.291,-162.635],[236.918,-130.173]]],"type":"Polygon"},"id":"osm_way_225004383","properties":{"area_m2":325.699059,"asset_id":"osm_way_225004383","center":[231.834694,-147.077682],"context_layer":"greens","geometry_role":"mapped_vegetation_outline","geometry_status":"source_community_mapping_not_surveyed","id":"osm_way_225004383","map_feature_id":null,"measured":false,"name":"","osm_id":225004383,"osm_type":"way","osm_version":2,"source_timestamp":"2013-06-11T06:48:48Z","source_url":"https://www.openstreetmap.org/way/225004383","space_id":null,"tags":{"landuse":"grass"},"vegetation":"grass"},"type":"Feature"},{"geometry":{"coordinates":[[[272.783,-125.183],[257.157,-125.463],[255.719,-152.75],[255.975,-167.019],[257.285,-168.493],[259.231,-169.101],[273.564,-168.845],[272.783,-125.183]]],"type":"Polygon"},"id":"osm_way_225006155","properties":{"area_m2":737.909484,"asset_id":"osm_way_225006155","center":[264.719775,-147.549364],"context_layer":"greens","geometry_role":"mapped_vegetation_outline","geometry_status":"source_community_mapping_not_surveyed","id":"osm_way_225006155","map_feature_id":null,"measured":false,"name":"","osm_id":225006155,"osm_type":"way","osm_version":2,"source_timestamp":"2013-06-11T06:48:48Z","source_url":"https://www.openstreetmap.org/way/225006155","space_id":null,"tags":{"landuse":"grass"},"vegetation":"grass"},"type":"Feature"},{"geometry":{"coordinates":[[[291.238,-168.506],[291.297,-163.892],[282.719,-164.012],[282.183,-125.126],[277.446,-125.2],[278.364,-168.593],[291.238,-168.506]]],"type":"Polygon"},"id":"osm_way_225006156","properties":{"area_m2":237.79662,"asset_id":"osm_way_225006156","center":[281.310469,-149.837955],"context_layer":"greens","geometry_role":"mapped_vegetation_outline","geometry_status":"source_community_mapping_not_surveyed","id":"osm_way_225006156","map_feature_id":null,"measured":false,"name":"","osm_id":225006156,"osm_type":"way","osm_version":3,"source_timestamp":"2013-06-11T06:48:47Z","source_url":"https://www.openstreetmap.org/way/225006156","space_id":null,"tags":{"landuse":"grass"},"vegetation":"grass"},"type":"Feature"},{"geometry":{"coordinates":[[[260.971,-91.768],[271.837,-91.285],[271.831,-50.87],[268.115,-51.07],[266.004,-52.816],[264.51,-57.401],[260.971,-91.768]]],"type":"Polygon"},"id":"osm_way_225006466","properties":{"area_m2":348.757647,"asset_id":"osm_way_225006466","center":[267.390655,-73.216262],"context_layer":"greens","geometry_role":"mapped_vegetation_outline","geometry_status":"source_community_mapping_not_surveyed","id":"osm_way_225006466","map_feature_id":null,"measured":false,"name":"","osm_id":225006466,"osm_type":"way","osm_version":2,"source_timestamp":"2013-06-11T06:48:48Z","source_url":"https://www.openstreetmap.org/way/225006466","space_id":null,"tags":{"landuse":"grass"},"vegetation":"grass"},"type":"Feature"},{"geometry":{"coordinates":[[[276.41,-50.921],[277.13,-91.19],[281.663,-91.286],[281.223,-56.159],[290.647,-55.824],[290.559,-50.391],[276.41,-50.921]]],"type":"Polygon"},"id":"osm_way_225006467","properties":{"area_m2":238.562606,"asset_id":"osm_way_225006467","center":[280.547973,-67.109229],"context_layer":"greens","geometry_role":"mapped_vegetation_outline","geometry_status":"source_community_mapping_not_surveyed","id":"osm_way_225006467","map_feature_id":null,"measured":false,"name":"","osm_id":225006467,"osm_type":"way","osm_version":2,"source_timestamp":"2013-06-11T06:48:48Z","source_url":"https://www.openstreetmap.org/way/225006467","space_id":null,"tags":{"landuse":"grass"},"vegetation":"grass"},"type":"Feature"},{"geometry":{"coordinates":[[[324.431,-163.465],[296.299,-163.824],[296.381,-168.414],[329.842,-167.815],[331.966,-166.779],[332.938,-165.198],[332.68,-110.692],[331.793,-109.144],[323.741,-109.144],[324.431,-163.465]]],"type":"Polygon"},"id":"osm_way_225006468","properties":{"area_m2":634.06916,"asset_id":"osm_way_225006468","center":[324.804383,-143.676426],"context_layer":"greens","geometry_role":"mapped_vegetation_outline","geometry_status":"source_community_mapping_not_surveyed","id":"osm_way_225006468","map_feature_id":null,"measured":false,"name":"","osm_id":225006468,"osm_type":"way","osm_version":2,"source_timestamp":"2013-06-11T06:48:48Z","source_url":"https://www.openstreetmap.org/way/225006468","space_id":null,"tags":{"landuse":"grass"},"vegetation":"grass"},"type":"Feature"},{"geometry":{"coordinates":[[[323.432,-49.658],[295.702,-50.299],[296.081,-55.693],[322.9,-55.28],[323.674,-104.309],[330.984,-104.034],[332.395,-102.722],[330.921,-52.508],[327.304,-50.299],[323.432,-49.658]]],"type":"Polygon"},"id":"osm_way_225006469","properties":{"area_m2":597.547367,"asset_id":"osm_way_225006469","center":[322.950737,-71.490118],"context_layer":"greens","geometry_role":"mapped_vegetation_outline","geometry_status":"source_community_mapping_not_surveyed","id":"osm_way_225006469","map_feature_id":null,"measured":false,"name":"","osm_id":225006469,"osm_type":"way","osm_version":2,"source_timestamp":"2013-06-11T06:48:47Z","source_url":"https://www.openstreetmap.org/way/225006469","space_id":null,"tags":{"landuse":"grass"},"vegetation":"grass"},"type":"Feature"},{"geometry":{"coordinates":[[[359.829,-167.201],[359.669,-158.287],[350.429,-158.33],[350.398,-152.908],[339.921,-152.962],[340.0,-164.229],[340.629,-166.669],[341.661,-167.382],[359.829,-167.201]]],"type":"Polygon"},"id":"osm_way_225088249","properties":{"area_m2":232.38499,"asset_id":"osm_way_225088249","center":[348.77253,-161.04267],"context_layer":"greens","geometry_role":"mapped_vegetation_outline","geometry_status":"source_community_mapping_not_surveyed","id":"osm_way_225088249","map_feature_id":null,"measured":false,"name":"","osm_id":225088249,"osm_type":"way","osm_version":2,"source_timestamp":"2013-06-11T06:48:47Z","source_url":"https://www.openstreetmap.org/way/225088249","space_id":null,"tags":{"landuse":"grass"},"vegetation":"grass"},"type":"Feature"},{"geometry":{"coordinates":[[[378.571,-158.037],[363.595,-158.239],[363.749,-166.842],[387.743,-166.845],[390.493,-165.92],[392.5,-164.154],[396.547,-140.303],[401.802,-114.833],[410.072,-76.999],[415.577,-53.898],[414.42,-50.935],[410.617,-49.439],[371.451,-50.296],[371.879,-65.793],[381.639,-65.774],[381.628,-61.482],[391.085,-61.435],[400.749,-61.328],[400.893,-74.113],[393.938,-74.193],[393.635,-103.146],[393.691,-112.594],[389.255,-112.607],[389.562,-139.241],[389.797,-152.391],[378.475,-152.682],[378.571,-158.037]]],"type":"Polygon"},"id":"osm_way_225090743","properties":{"area_m2":1859.232274,"asset_id":"osm_way_225090743","center":[393.613021,-98.897357],"context_layer":"greens","geometry_role":"mapped_vegetation_outline","geometry_status":"source_community_mapping_not_surveyed","id":"osm_way_225090743","map_feature_id":null,"measured":false,"name":"","osm_id":225090743,"osm_type":"way","osm_version":2,"source_timestamp":"2013-06-11T06:48:47Z","source_url":"https://www.openstreetmap.org/way/225090743","space_id":null,"tags":{"landuse":"grass"},"vegetation":"grass"},"type":"Feature"},{"geometry":{"coordinates":[[[339.094,-54.014],[339.288,-62.251],[348.301,-62.123],[359.474,-61.989],[359.609,-65.858],[367.957,-66.019],[367.353,-50.214],[343.76,-50.481],[340.47,-51.793],[339.094,-54.014]]],"type":"Polygon"},"id":"osm_way_225090744","properties":{"area_m2":360.218215,"asset_id":"osm_way_225090744","center":[354.517155,-57.011532],"context_layer":"greens","geometry_role":"mapped_vegetation_outline","geometry_status":"source_community_mapping_not_surveyed","id":"osm_way_225090744","map_feature_id":null,"measured":false,"name":"","osm_id":225090744,"osm_type":"way","osm_version":2,"source_timestamp":"2013-06-11T06:48:47Z","source_url":"https://www.openstreetmap.org/way/225090744","space_id":null,"tags":{"landuse":"grass"},"vegetation":"grass"},"type":"Feature"},{"geometry":{"coordinates":[[[356.614,-43.519],[357.382,-42.152],[357.338,-36.519],[307.362,-36.748],[307.675,-31.574],[297.086,-31.686],[296.998,-23.58],[296.954,-20.076],[317.375,-19.777],[316.801,1.218],[303.04,1.127],[302.992,9.644],[302.898,18.049],[288.81,17.786],[287.225,17.247],[286.303,16.011],[267.896,-40.904],[268.562,-43.875],[273.108,-45.202],[278.409,-45.573],[315.907,-44.791],[355.035,-44.457],[356.614,-43.519]]],"type":"Polygon"},"id":"osm_way_225092101","properties":{"area_m2":2339.485495,"asset_id":"osm_way_225092101","center":[299.306498,-20.843959],"context_layer":"greens","geometry_role":"mapped_vegetation_outline","geometry_status":"source_community_mapping_not_surveyed","id":"osm_way_225092101","map_feature_id":null,"measured":false,"name":"","osm_id":225092101,"osm_type":"way","osm_version":3,"source_timestamp":"2013-06-11T06:48:47Z","source_url":"https://www.openstreetmap.org/way/225092101","space_id":null,"tags":{"landuse":"grass"},"vegetation":"grass"},"type":"Feature"},{"geometry":{"coordinates":[[[323.328,24.171],[323.268,29.626],[323.217,33.529],[309.864,33.357],[309.736,43.658],[318.314,43.767],[317.896,60.817],[336.936,61.225],[336.78,65.248],[322.556,65.204],[322.38,75.038],[340.906,75.159],[340.954,72.498],[372.571,72.72],[372.534,85.319],[371.648,86.811],[370.267,87.541],[310.375,86.557],[307.631,85.31],[306.108,83.387],[302.539,65.012],[289.893,25.868],[290.278,24.367],[292.025,23.821],[323.328,24.171]]],"type":"Polygon"},"id":"osm_way_225092102","properties":{"area_m2":2013.166952,"asset_id":"osm_way_225092102","center":[323.049751,62.111415],"context_layer":"greens","geometry_role":"mapped_vegetation_outline","geometry_status":"source_community_mapping_not_surveyed","id":"osm_way_225092102","map_feature_id":null,"measured":false,"name":"","osm_id":225092102,"osm_type":"way","osm_version":3,"source_timestamp":"2013-06-11T06:48:47Z","source_url":"https://www.openstreetmap.org/way/225092102","space_id":null,"tags":{"landuse":"grass"},"vegetation":"grass"},"type":"Feature"},{"geometry":{"coordinates":[[[375.392,85.448],[375.515,72.773],[413.015,73.378],[412.909,76.116],[429.911,76.487],[430.098,66.087],[430.004,49.161],[422.126,48.975],[422.289,43.034],[422.429,33.653],[414.068,33.515],[414.072,30.675],[414.185,24.877],[431.198,25.182],[434.143,25.711],[435.869,27.406],[440.329,48.192],[448.714,81.759],[448.438,86.113],[446.117,88.145],[377.157,87.564],[375.942,86.855],[375.392,85.448]]],"type":"Polygon"},"id":"osm_way_225092251","properties":{"area_m2":1781.060889,"asset_id":"osm_way_225092251","center":[420.201644,66.350725],"context_layer":"greens","geometry_role":"mapped_vegetation_outline","geometry_status":"source_community_mapping_not_surveyed","id":"osm_way_225092251","map_feature_id":null,"measured":false,"name":"","osm_id":225092251,"osm_type":"way","osm_version":2,"source_timestamp":"2013-06-11T06:48:46Z","source_url":"https://www.openstreetmap.org/way/225092251","space_id":null,"tags":{"landuse":"grass"},"vegetation":"grass"},"type":"Feature"},{"geometry":{"coordinates":[[[398.759,-36.11],[361.726,-36.474],[361.556,-41.745],[361.85,-43.403],[363.274,-44.343],[414.337,-44.216],[417.668,-42.559],[419.382,-39.179],[424.806,-15.259],[432.585,15.757],[432.083,18.488],[429.775,19.833],[413.825,19.669],[413.948,12.828],[417.298,12.899],[417.557,1.569],[408.21,1.18],[408.29,-2.212],[408.691,-18.841],[409.069,-32.565],[398.687,-32.629],[398.759,-36.11]]],"type":"Polygon"},"id":"osm_way_225092397","properties":{"area_m2":1357.417503,"asset_id":"osm_way_225092397","center":[408.878448,-18.831038],"context_layer":"greens","geometry_role":"mapped_vegetation_outline","geometry_status":"source_community_mapping_not_surveyed","id":"osm_way_225092397","map_feature_id":null,"measured":false,"name":"","osm_id":225092397,"osm_type":"way","osm_version":2,"source_timestamp":"2013-06-11T06:48:47Z","source_url":"https://www.openstreetmap.org/way/225092397","space_id":null,"tags":{"landuse":"grass"},"vegetation":"grass"},"type":"Feature"},{"geometry":{"coordinates":[[[288.679,318.321],[286.427,315.485],[286.737,312.43],[291.283,301.554],[295.592,289.664],[298.44,287.674],[304.686,286.255],[309.979,283.733],[314.864,284.519],[400.972,335.769],[428.617,351.659],[432.118,356.402],[432.921,360.586],[417.781,385.89],[412.686,387.374],[407.528,386.061],[288.679,318.321]]],"type":"Polygon"},"id":"osm_way_225094685","properties":{"area_m2":6173.801427,"asset_id":"osm_way_225094685","center":[359.167059,334.861796],"context_layer":"greens","geometry_role":"mapped_vegetation_outline","geometry_status":"source_community_mapping_not_surveyed","id":"osm_way_225094685","map_feature_id":null,"measured":false,"name":"","osm_id":225094685,"osm_type":"way","osm_version":4,"source_timestamp":"2013-06-11T06:48:45Z","source_url":"https://www.openstreetmap.org/way/225094685","space_id":null,"tags":{"landuse":"grass"},"vegetation":"grass"},"type":"Feature"},{"geometry":{"coordinates":[[[476.075,357.965],[420.713,326.042],[419.78,325.437],[419.238,324.607],[419.325,320.76],[419.787,320.313],[438.118,320.775],[437.995,326.606],[448.251,326.79],[448.412,320.959],[456.965,321.445],[456.771,332.233],[481.937,332.673],[482.13,321.896],[492.755,322.053],[493.408,322.464],[493.95,323.339],[495.298,330.272],[494.108,335.575],[492.622,334.772],[478.291,357.539],[477.25,358.219],[476.075,357.965]]],"type":"Polygon"},"id":"osm_way_225100846","properties":{"area_m2":1286.915761,"asset_id":"osm_way_225100846","center":[462.434416,336.012506],"context_layer":"greens","geometry_role":"mapped_vegetation_outline","geometry_status":"source_community_mapping_not_surveyed","id":"osm_way_225100846","map_feature_id":null,"measured":false,"name":"","osm_id":225100846,"osm_type":"way","osm_version":2,"source_timestamp":"2013-06-11T06:48:46Z","source_url":"https://www.openstreetmap.org/way/225100846","space_id":null,"tags":{"landuse":"grass"},"vegetation":"grass"},"type":"Feature"},{"geometry":{"coordinates":[[[418.883,98.271],[418.813,118.0],[407.311,117.794],[404.896,114.047],[397.935,107.401],[390.94,102.695],[382.489,99.727],[372.421,98.493],[364.624,99.052],[356.977,100.678],[350.557,103.38],[344.097,108.378],[336.516,116.349],[326.957,116.178],[325.528,174.956],[318.989,174.794],[318.536,193.241],[325.075,193.403],[324.016,260.96],[334.218,261.597],[341.746,269.207],[350.953,275.305],[358.935,278.143],[370.072,279.219],[380.768,278.035],[390.382,274.104],[398.767,268.642],[403.898,262.49],[415.877,262.427],[414.309,320.459],[414.04,321.297],[412.689,321.351],[385.582,305.46],[319.801,266.563],[318.576,264.345],[318.774,261.187],[318.175,255.62],[315.653,249.386],[310.432,243.681],[309.092,241.017],[308.959,237.377],[310.609,223.765],[313.827,187.922],[314.955,163.931],[315.365,140.514],[313.571,114.696],[311.912,102.977],[311.408,99.508],[312.617,97.311],[315.546,96.62],[418.883,98.271]]],"type":"Polygon"},"id":"osm_way_225101766","properties":{"area_m2":5030.146522,"asset_id":"osm_way_225101766","center":[358.544138,214.352036],"context_layer":"greens","geometry_role":"mapped_vegetation_outline","geometry_status":"source_community_mapping_not_surveyed","id":"osm_way_225101766","map_feature_id":null,"measured":false,"name":"","osm_id":225101766,"osm_type":"way","osm_version":3,"source_timestamp":"2013-06-11T06:48:46Z","source_url":"https://www.openstreetmap.org/way/225101766","space_id":null,"tags":{"landuse":"grass"},"vegetation":"grass"},"type":"Feature"},{"geometry":{"coordinates":[[[432.591,394.318],[472.506,417.57],[469.586,422.508],[430.202,399.643],[427.19,396.007],[427.265,391.816],[442.836,363.547],[444.631,360.796],[447.48,359.838],[451.445,361.384],[432.591,394.318]]],"type":"Polygon"},"id":"osm_way_225102477","properties":{"area_m2":518.422676,"asset_id":"osm_way_225102477","center":[444.897813,393.71466],"context_layer":"greens","geometry_role":"mapped_vegetation_outline","geometry_status":"source_community_mapping_not_surveyed","id":"osm_way_225102477","map_feature_id":null,"measured":false,"name":"","osm_id":225102477,"osm_type":"way","osm_version":2,"source_timestamp":"2013-06-11T06:48:46Z","source_url":"https://www.openstreetmap.org/way/225102477","space_id":null,"tags":{"landuse":"grass"},"vegetation":"grass"},"type":"Feature"},{"geometry":{"coordinates":[[[450.815,380.205],[445.984,377.467],[454.085,363.084],[475.905,375.907],[474.823,377.784],[482.625,382.261],[484.314,383.311],[483.064,385.651],[479.84,390.673],[453.716,375.277],[450.815,380.205]]],"type":"Polygon"},"id":"osm_way_225102825","properties":{"area_m2":397.149892,"asset_id":"osm_way_225102825","center":[464.917822,376.722963],"context_layer":"greens","geometry_role":"mapped_vegetation_outline","geometry_status":"source_community_mapping_not_surveyed","id":"osm_way_225102825","map_feature_id":null,"measured":false,"name":"","osm_id":225102825,"osm_type":"way","osm_version":2,"source_timestamp":"2013-06-11T06:48:46Z","source_url":"https://www.openstreetmap.org/way/225102825","space_id":null,"tags":{"landuse":"grass"},"vegetation":"grass"},"type":"Feature"},{"geometry":{"coordinates":[[[470.278,403.345],[472.856,399.077],[475.063,400.259],[479.472,392.796],[483.161,394.969],[485.16,396.158],[478.104,408.021],[470.278,403.345]]],"type":"Polygon"},"id":"osm_way_225102826","properties":{"area_m2":103.57571,"asset_id":"osm_way_225102826","center":[478.051082,400.577628],"context_layer":"greens","geometry_role":"mapped_vegetation_outline","geometry_status":"source_community_mapping_not_surveyed","id":"osm_way_225102826","map_feature_id":null,"measured":false,"name":"","osm_id":225102826,"osm_type":"way","osm_version":2,"source_timestamp":"2013-06-11T06:48:46Z","source_url":"https://www.openstreetmap.org/way/225102826","space_id":null,"tags":{"landuse":"grass"},"vegetation":"grass"},"type":"Feature"},{"geometry":{"coordinates":[[[444.372,380.522],[449.14,383.103],[448.214,384.716],[451.642,386.707],[449.274,390.857],[443.483,387.493],[442.637,385.703],[442.58,383.595],[444.372,380.522]]],"type":"Polygon"},"id":"osm_way_225102827","properties":{"area_m2":51.485445,"asset_id":"osm_way_225102827","center":[446.631397,385.743064],"context_layer":"greens","geometry_role":"mapped_vegetation_outline","geometry_status":"source_community_mapping_not_surveyed","id":"osm_way_225102827","map_feature_id":null,"measured":false,"name":"","osm_id":225102827,"osm_type":"way","osm_version":1,"source_timestamp":"2013-06-10T13:41:49Z","source_url":"https://www.openstreetmap.org/way/225102827","space_id":null,"tags":{"landuse":"meadow"},"vegetation":"meadow"},"type":"Feature"},{"geometry":{"coordinates":[[[450.925,391.963],[453.427,387.738],[471.296,398.195],[468.794,402.42],[450.925,391.963]]],"type":"Polygon"},"id":"osm_way_225102828","properties":{"area_m2":101.659939,"asset_id":"osm_way_225102828","center":[461.1105,395.079],"context_layer":"greens","geometry_role":"mapped_vegetation_outline","geometry_status":"source_community_mapping_not_surveyed","id":"osm_way_225102828","map_feature_id":null,"measured":false,"name":"","osm_id":225102828,"osm_type":"way","osm_version":2,"source_timestamp":"2013-06-11T06:48:46Z","source_url":"https://www.openstreetmap.org/way/225102828","space_id":null,"tags":{"landuse":"grass"},"vegetation":"grass"},"type":"Feature"},{"geometry":{"coordinates":[[[44.053,540.196],[31.081,562.534],[6.645,548.234],[5.88,547.255],[6.127,546.106],[24.771,513.7],[25.974,512.401],[27.669,512.62],[60.659,532.042],[61.35,532.997],[61.245,534.104],[53.923,546.118],[44.053,540.196]]],"type":"Polygon"},"id":"osm_way_225106064","properties":{"area_m2":1414.252552,"asset_id":"osm_way_225106064","center":[31.675765,537.032739],"context_layer":"greens","geometry_role":"mapped_vegetation_outline","geometry_status":"source_community_mapping_not_surveyed","id":"osm_way_225106064","map_feature_id":null,"measured":false,"name":"","osm_id":225106064,"osm_type":"way","osm_version":3,"source_timestamp":"2013-06-11T06:34:41Z","source_url":"https://www.openstreetmap.org/way/225106064","space_id":null,"tags":{"landuse":"grass"},"vegetation":"grass"},"type":"Feature"},{"geometry":{"coordinates":[[[14.157,640.721],[9.981,623.001],[5.1,608.307],[-1.813,597.448],[-10.101,585.887],[-14.489,581.605],[-14.845,580.922],[-14.672,580.193],[2.555,551.61],[3.34,550.981],[4.611,551.148],[29.075,565.981],[22.726,576.925],[70.778,605.377],[66.168,613.003],[20.846,585.974],[20.746,601.056],[69.812,630.381],[75.843,620.341],[88.493,627.598],[89.093,628.929],[88.904,630.489],[77.617,649.929],[69.937,669.833],[47.534,708.727],[46.308,709.149],[45.048,708.904],[12.952,690.197],[12.16,689.085],[12.332,687.369],[15.303,673.769],[16.623,656.414],[14.157,640.721]]],"type":"Polygon"},"id":"osm_way_225106065","properties":{"area_m2":7041.199888,"asset_id":"osm_way_225106065","center":[35.187361,633.771265],"context_layer":"greens","geometry_role":"mapped_vegetation_outline","geometry_status":"source_community_mapping_not_surveyed","id":"osm_way_225106065","map_feature_id":null,"measured":false,"name":"","osm_id":225106065,"osm_type":"way","osm_version":4,"source_timestamp":"2013-06-11T06:34:40Z","source_url":"https://www.openstreetmap.org/way/225106065","space_id":null,"tags":{"landuse":"grass"},"vegetation":"grass"},"type":"Feature"},{"geometry":{"coordinates":[[[6.635,654.949],[-1.782,650.085],[-8.666,646.047],[-6.543,638.72],[-5.792,629.95],[-6.257,622.688],[-8.339,614.577],[-11.031,607.264],[-15.839,599.57],[-21.592,592.447],[-13.599,600.431],[-8.058,608.338],[-3.195,616.687],[0.492,626.38],[2.991,633.334],[5.191,643.899],[5.89,649.124],[6.635,654.949]]],"type":"Polygon"},"id":"osm_way_225106066","properties":{"area_m2":364.129782,"asset_id":"osm_way_225106066","center":[-2.588175,633.1464],"context_layer":"greens","geometry_role":"mapped_vegetation_outline","geometry_status":"source_community_mapping_not_surveyed","id":"osm_way_225106066","map_feature_id":null,"measured":false,"name":"","osm_id":225106066,"osm_type":"way","osm_version":2,"source_timestamp":"2013-06-11T06:48:45Z","source_url":"https://www.openstreetmap.org/way/225106066","space_id":null,"tags":{"landuse":"grass"},"vegetation":"grass"},"type":"Feature"},{"geometry":{"coordinates":[[[-200.205,723.488],[-237.808,700.269],[-237.773,698.262],[-195.713,715.039],[-192.262,708.923],[-177.411,716.619],[-169.623,708.574],[-146.949,717.918],[-146.246,720.303],[-142.399,727.969],[-136.31,734.721],[-129.783,740.805],[-121.667,745.641],[-112.647,749.462],[-102.479,751.463],[-96.41,751.46],[-89.729,750.992],[-81.812,748.993],[-73.649,745.323],[-68.145,741.052],[-49.334,754.209],[-45.805,754.272],[-34.667,749.979],[-22.322,742.104],[-8.861,728.791],[0.528,715.195],[6.696,703.816],[9.353,696.166],[9.695,695.507],[10.688,695.391],[42.457,713.416],[43.036,714.835],[43.11,716.456],[-5.226,796.865],[-4.978,798.322],[3.577,803.344],[4.813,802.867],[5.463,801.858],[114.607,864.72],[132.596,834.686],[165.687,780.811],[181.337,755.461],[186.065,749.689],[186.987,749.306],[187.888,749.611],[199.633,756.786],[198.324,758.715],[186.02,751.141],[165.991,783.345],[187.388,796.505],[207.389,764.3],[203.552,761.947],[221.546,732.124],[222.821,731.027],[225.039,731.066],[347.547,802.355],[340.68,814.765],[320.684,853.546],[314.468,861.265],[305.656,874.272],[281.563,921.519],[270.847,941.247],[260.166,958.49],[252.23,962.618],[241.185,960.646],[220.231,952.796],[170.285,928.478],[126.674,906.681],[121.236,904.1],[96.866,892.529],[72.698,879.675],[52.219,866.887],[23.597,849.728],[-24.446,821.342],[-82.14,785.83],[-159.634,739.085],[-190.353,720.936],[-196.718,720.622],[-200.205,723.488]]],"type":"Polygon"},"id":"osm_way_225106603","properties":{"area_m2":46039.959799,"asset_id":"osm_way_225106603","center":[149.468722,829.999074],"context_layer":"greens","geometry_role":"mapped_vegetation_outline","geometry_status":"source_community_mapping_not_surveyed","id":"osm_way_225106603","map_feature_id":null,"measured":false,"name":"","osm_id":225106603,"osm_type":"way","osm_version":8,"source_timestamp":"2026-04-25T08:16:15Z","source_url":"https://www.openstreetmap.org/way/225106603","space_id":null,"tags":{"landuse":"grass"},"vegetation":"grass"},"type":"Feature"},{"geometry":{"coordinates":[[[1.744,800.283],[0.326,799.348],[-0.542,796.726],[15.984,768.74],[18.611,768.055],[20.472,769.009],[20.944,771.624],[4.634,799.68],[1.744,800.283]]],"type":"Polygon"},"id":"osm_way_225106950","properties":{"area_m2":204.911919,"asset_id":"osm_way_225106950","center":[10.227081,784.244217],"context_layer":"greens","geometry_role":"mapped_vegetation_outline","geometry_status":"source_community_mapping_not_surveyed","id":"osm_way_225106950","map_feature_id":null,"measured":false,"name":"","osm_id":225106950,"osm_type":"way","osm_version":1,"source_timestamp":"2013-06-10T14:35:23Z","source_url":"https://www.openstreetmap.org/way/225106950","space_id":null,"tags":{"landuse":"meadow"},"vegetation":"meadow"},"type":"Feature"},{"geometry":{"coordinates":[[[81.686,732.24],[56.2,717.089],[51.221,714.194],[50.578,712.685],[50.864,710.894],[66.778,683.961],[68.763,682.721],[71.559,682.084],[74.227,682.242],[182.372,746.141],[182.777,746.691],[182.671,747.344],[177.002,752.954],[97.158,706.775],[81.686,732.24]]],"type":"Polygon"},"id":"osm_way_225107324","properties":{"area_m2":2304.60835,"asset_id":"osm_way_225107324","center":[98.951006,713.2642],"context_layer":"greens","geometry_role":"mapped_vegetation_outline","geometry_status":"source_community_mapping_not_surveyed","id":"osm_way_225107324","map_feature_id":null,"measured":false,"name":"","osm_id":225107324,"osm_type":"way","osm_version":3,"source_timestamp":"2013-06-11T06:48:44Z","source_url":"https://www.openstreetmap.org/way/225107324","space_id":null,"tags":{"landuse":"grass"},"vegetation":"grass"},"type":"Feature"},{"geometry":{"coordinates":[[[200.025,752.268],[76.252,679.306],[75.246,677.503],[75.483,675.322],[88.824,654.499],[90.635,652.968],[93.092,653.356],[216.057,726.137],[216.971,727.24],[216.933,729.358],[203.389,752.062],[201.715,752.764],[200.025,752.268]]],"type":"Polygon"},"id":"osm_way_225107427","properties":{"area_m2":4570.239475,"asset_id":"osm_way_225107427","center":[146.15635,702.667037],"context_layer":"greens","geometry_role":"mapped_vegetation_outline","geometry_status":"source_community_mapping_not_surveyed","id":"osm_way_225107427","map_feature_id":null,"measured":false,"name":"","osm_id":225107427,"osm_type":"way","osm_version":3,"source_timestamp":"2013-06-11T06:48:45Z","source_url":"https://www.openstreetmap.org/way/225107427","space_id":null,"tags":{"landuse":"grass"},"vegetation":"grass"},"type":"Feature"},{"geometry":{"coordinates":[[[93.845,570.055],[57.229,548.095],[64.198,535.798],[64.963,535.213],[65.963,535.275],[100.643,556.214],[101.371,557.192],[101.106,558.296],[93.845,570.055]]],"type":"Polygon"},"id":"osm_way_225109397","properties":{"area_m2":661.940755,"asset_id":"osm_way_225109397","center":[79.440001,552.416731],"context_layer":"greens","geometry_role":"mapped_vegetation_outline","geometry_status":"source_community_mapping_not_surveyed","id":"osm_way_225109397","map_feature_id":null,"measured":false,"name":"","osm_id":225109397,"osm_type":"way","osm_version":3,"source_timestamp":"2013-06-11T06:34:41Z","source_url":"https://www.openstreetmap.org/way/225109397","space_id":null,"tags":{"landuse":"grass"},"vegetation":"grass"},"type":"Feature"},{"geometry":{"coordinates":[[[91.028,616.786],[81.622,610.728],[102.829,575.451],[97.721,572.387],[105.04,559.464],[105.725,559.177],[106.479,559.191],[108.275,560.653],[108.862,562.161],[108.32,565.545],[108.949,571.002],[110.204,575.76],[112.449,579.549],[114.823,582.409],[115.309,583.737],[115.155,584.988],[95.892,617.616],[93.276,617.747],[91.028,616.786]]],"type":"Polygon"},"id":"osm_way_225109420","properties":{"area_m2":790.455044,"asset_id":"osm_way_225109420","center":[100.073921,592.189832],"context_layer":"greens","geometry_role":"mapped_vegetation_outline","geometry_status":"source_community_mapping_not_surveyed","id":"osm_way_225109420","map_feature_id":null,"measured":false,"name":"","osm_id":225109420,"osm_type":"way","osm_version":2,"source_timestamp":"2013-06-11T06:34:40Z","source_url":"https://www.openstreetmap.org/way/225109420","space_id":null,"tags":{"landuse":"grass"},"vegetation":"grass"},"type":"Feature"},{"geometry":{"coordinates":[[[116.918,544.427],[81.41,522.808],[88.599,511.391],[122.591,531.741],[125.379,539.987],[120.601,541.709],[116.918,544.427]]],"type":"Polygon"},"id":"osm_way_225111267","properties":{"area_m2":591.492768,"asset_id":"osm_way_225111267","center":[103.648038,528.364435],"context_layer":"greens","geometry_role":"mapped_vegetation_outline","geometry_status":"source_community_mapping_not_surveyed","id":"osm_way_225111267","map_feature_id":null,"measured":false,"name":"","osm_id":225111267,"osm_type":"way","osm_version":2,"source_timestamp":"2013-06-11T06:34:40Z","source_url":"https://www.openstreetmap.org/way/225111267","space_id":null,"tags":{"landuse":"grass"},"vegetation":"grass"},"type":"Feature"},{"geometry":{"coordinates":[[[133.375,538.322],[129.176,538.812],[126.254,530.143],[161.496,473.223],[173.105,480.096],[137.697,538.399],[133.375,538.322]]],"type":"Polygon"},"id":"osm_way_225111268","properties":{"area_m2":967.563228,"asset_id":"osm_way_225111268","center":[148.834555,506.806],"context_layer":"greens","geometry_role":"mapped_vegetation_outline","geometry_status":"source_community_mapping_not_surveyed","id":"osm_way_225111268","map_feature_id":null,"measured":false,"name":"","osm_id":225111268,"osm_type":"way","osm_version":2,"source_timestamp":"2013-06-11T06:34:40Z","source_url":"https://www.openstreetmap.org/way/225111268","space_id":null,"tags":{"landuse":"grass"},"vegetation":"grass"},"type":"Feature"},{"geometry":{"coordinates":[[[132.05,463.048],[98.694,442.466],[109.837,424.188],[143.33,444.539],[132.05,463.048]]],"type":"Polygon"},"id":"osm_way_225111645","properties":{"area_m2":844.253706,"asset_id":"osm_way_225111645","center":[121.012397,443.581639],"context_layer":"greens","geometry_role":"mapped_vegetation_outline","geometry_status":"source_community_mapping_not_surveyed","id":"osm_way_225111645","map_feature_id":null,"measured":false,"name":"","osm_id":225111645,"osm_type":"way","osm_version":2,"source_timestamp":"2013-06-11T06:34:40Z","source_url":"https://www.openstreetmap.org/way/225111645","space_id":null,"tags":{"landuse":"grass"},"vegetation":"grass"},"type":"Feature"},{"geometry":{"coordinates":[[[174.892,435.111],[167.616,447.147],[156.029,440.108],[164.312,426.604],[174.509,432.742],[175.132,433.829],[174.892,435.111]]],"type":"Polygon"},"id":"osm_way_225111916","properties":{"area_m2":213.439051,"asset_id":"osm_way_225111916","center":[165.908516,436.874159],"context_layer":"greens","geometry_role":"mapped_vegetation_outline","geometry_status":"source_community_mapping_not_surveyed","id":"osm_way_225111916","map_feature_id":null,"measured":false,"name":"","osm_id":225111916,"osm_type":"way","osm_version":2,"source_timestamp":"2013-06-11T06:34:39Z","source_url":"https://www.openstreetmap.org/way/225111916","space_id":null,"tags":{"landuse":"grass"},"vegetation":"grass"},"type":"Feature"},{"geometry":{"coordinates":[[[83.197,450.861],[73.809,465.932],[68.828,462.638],[82.003,441.091],[84.828,442.994],[80.834,449.411],[83.197,450.861]]],"type":"Polygon"},"id":"osm_way_225111917","properties":{"area_m2":132.406494,"asset_id":"osm_way_225111917","center":[77.035018,454.51665],"context_layer":"greens","geometry_role":"mapped_vegetation_outline","geometry_status":"source_community_mapping_not_surveyed","id":"osm_way_225111917","map_feature_id":null,"measured":false,"name":"","osm_id":225111917,"osm_type":"way","osm_version":2,"source_timestamp":"2013-06-11T06:34:40Z","source_url":"https://www.openstreetmap.org/way/225111917","space_id":null,"tags":{"landuse":"grass"},"vegetation":"grass"},"type":"Feature"},{"geometry":{"coordinates":[[[67.818,464.25],[72.818,467.534],[65.889,478.656],[70.781,481.671],[66.4,488.658],[57.118,483.013],[57.138,481.904],[67.818,464.25]]],"type":"Polygon"},"id":"osm_way_225111918","properties":{"area_m2":172.574669,"asset_id":"osm_way_225111918","center":[65.136652,477.346984],"context_layer":"greens","geometry_role":"mapped_vegetation_outline","geometry_status":"source_community_mapping_not_surveyed","id":"osm_way_225111918","map_feature_id":null,"measured":false,"name":"","osm_id":225111918,"osm_type":"way","osm_version":2,"source_timestamp":"2013-06-11T06:34:40Z","source_url":"https://www.openstreetmap.org/way/225111918","space_id":null,"tags":{"landuse":"grass"},"vegetation":"grass"},"type":"Feature"},{"geometry":{"coordinates":[[[125.366,476.315],[144.093,487.918],[124.964,519.927],[123.725,521.114],[121.889,521.381],[106.355,512.308],[105.766,510.933],[105.338,509.561],[125.366,476.315]]],"type":"Polygon"},"id":"osm_way_225111920","properties":{"area_m2":888.703506,"asset_id":"osm_way_225111920","center":[124.351575,499.366593],"context_layer":"greens","geometry_role":"mapped_vegetation_outline","geometry_status":"source_community_mapping_not_surveyed","id":"osm_way_225111920","map_feature_id":null,"measured":false,"name":"","osm_id":225111920,"osm_type":"way","osm_version":2,"source_timestamp":"2013-06-11T06:34:40Z","source_url":"https://www.openstreetmap.org/way/225111920","space_id":null,"tags":{"landuse":"grass"},"vegetation":"grass"},"type":"Feature"},{"geometry":{"coordinates":[[[72.556,493.792],[77.363,485.737],[82.958,489.031],[78.151,497.097],[72.556,493.792]]],"type":"Polygon"},"id":"osm_way_225111921","properties":{"area_m2":60.959194,"asset_id":"osm_way_225111921","center":[77.757123,491.41511],"context_layer":"greens","geometry_role":"mapped_vegetation_outline","geometry_status":"source_community_mapping_not_surveyed","id":"osm_way_225111921","map_feature_id":null,"measured":false,"name":"","osm_id":225111921,"osm_type":"way","osm_version":2,"source_timestamp":"2013-06-11T06:34:40Z","source_url":"https://www.openstreetmap.org/way/225111921","space_id":null,"tags":{"landuse":"grass"},"vegetation":"grass"},"type":"Feature"},{"geometry":{"coordinates":[[[92.605,505.884],[97.501,498.12],[102.756,501.397],[97.899,509.073],[92.605,505.884]]],"type":"Polygon"},"id":"osm_way_225111922","properties":{"area_m2":56.484865,"asset_id":"osm_way_225111922","center":[97.686578,503.614226],"context_layer":"greens","geometry_role":"mapped_vegetation_outline","geometry_status":"source_community_mapping_not_surveyed","id":"osm_way_225111922","map_feature_id":null,"measured":false,"name":"","osm_id":225111922,"osm_type":"way","osm_version":2,"source_timestamp":"2013-06-11T06:34:40Z","source_url":"https://www.openstreetmap.org/way/225111922","space_id":null,"tags":{"landuse":"grass"},"vegetation":"grass"},"type":"Feature"},{"geometry":{"coordinates":[[[194.44,444.045],[175.615,475.428],[165.511,469.324],[164.322,467.762],[164.692,465.528],[180.31,438.757],[181.876,437.776],[183.921,437.934],[194.44,444.045]]],"type":"Polygon"},"id":"osm_way_225112714","properties":{"area_m2":529.796764,"asset_id":"osm_way_225112714","center":[178.824491,455.962439],"context_layer":"greens","geometry_role":"mapped_vegetation_outline","geometry_status":"source_community_mapping_not_surveyed","id":"osm_way_225112714","map_feature_id":null,"measured":false,"name":"","osm_id":225112714,"osm_type":"way","osm_version":2,"source_timestamp":"2013-06-11T06:34:40Z","source_url":"https://www.openstreetmap.org/way/225112714","space_id":null,"tags":{"landuse":"grass"},"vegetation":"grass"},"type":"Feature"},{"geometry":{"coordinates":[[[222.098,395.352],[196.681,438.528],[190.7,434.64],[189.911,432.895],[189.949,430.744],[212.18,393.134],[213.738,392.042],[215.799,391.868],[222.098,395.352]]],"type":"Polygon"},"id":"osm_way_225112715","properties":{"area_m2":477.769643,"asset_id":"osm_way_225112715","center":[205.265676,414.488151],"context_layer":"greens","geometry_role":"mapped_vegetation_outline","geometry_status":"source_community_mapping_not_surveyed","id":"osm_way_225112715","map_feature_id":null,"measured":false,"name":"","osm_id":225112715,"osm_type":"way","osm_version":2,"source_timestamp":"2013-06-11T06:34:39Z","source_url":"https://www.openstreetmap.org/way/225112715","space_id":null,"tags":{"landuse":"grass"},"vegetation":"grass"},"type":"Feature"},{"geometry":{"coordinates":[[[123.773,371.722],[126.201,373.141],[125.365,374.535],[132.63,378.901],[122.942,394.433],[120.513,395.653],[116.816,396.02],[114.001,395.116],[112.482,392.97],[112.385,390.429],[123.773,371.722]]],"type":"Polygon"},"id":"osm_way_225112717","properties":{"area_m2":250.787794,"asset_id":"osm_way_225112717","center":[121.971669,385.095556],"context_layer":"greens","geometry_role":"mapped_vegetation_outline","geometry_status":"source_community_mapping_not_surveyed","id":"osm_way_225112717","map_feature_id":null,"measured":false,"name":"","osm_id":225112717,"osm_type":"way","osm_version":2,"source_timestamp":"2013-06-11T06:34:39Z","source_url":"https://www.openstreetmap.org/way/225112717","space_id":null,"tags":{"landuse":"grass"},"vegetation":"grass"},"type":"Feature"},{"geometry":{"coordinates":[[[159.676,363.913],[139.09,351.778],[136.476,350.156],[138.02,348.265],[139.71,347.708],[141.39,347.738],[162.081,359.809],[159.676,363.913]]],"type":"Polygon"},"id":"osm_way_225112718","properties":{"area_m2":122.93058,"asset_id":"osm_way_225112718","center":[149.609898,355.293932],"context_layer":"greens","geometry_role":"mapped_vegetation_outline","geometry_status":"source_community_mapping_not_surveyed","id":"osm_way_225112718","map_feature_id":null,"measured":false,"name":"","osm_id":225112718,"osm_type":"way","osm_version":2,"source_timestamp":"2013-06-11T06:34:39Z","source_url":"https://www.openstreetmap.org/way/225112718","space_id":null,"tags":{"landuse":"grass"},"vegetation":"grass"},"type":"Feature"},{"geometry":{"coordinates":[[[197.812,386.389],[169.38,369.632],[171.648,365.813],[197.792,381.697],[198.611,383.409],[198.579,385.205],[197.812,386.389]]],"type":"Polygon"},"id":"osm_way_225112719","properties":{"area_m2":137.042402,"asset_id":"osm_way_225112719","center":[184.188974,375.93134],"context_layer":"greens","geometry_role":"mapped_vegetation_outline","geometry_status":"source_community_mapping_not_surveyed","id":"osm_way_225112719","map_feature_id":null,"measured":false,"name":"","osm_id":225112719,"osm_type":"way","osm_version":2,"source_timestamp":"2013-06-11T06:34:39Z","source_url":"https://www.openstreetmap.org/way/225112719","space_id":null,"tags":{"landuse":"grass"},"vegetation":"grass"},"type":"Feature"},{"geometry":{"coordinates":[[[126.448,394.163],[135.058,380.353],[142.828,385.017],[134.663,397.692],[133.161,398.819],[130.293,398.767],[127.87,398.092],[126.309,396.167],[126.448,394.163]]],"type":"Polygon"},"id":"osm_way_225112720","properties":{"area_m2":159.959641,"asset_id":"osm_way_225112720","center":[134.115315,390.204653],"context_layer":"greens","geometry_role":"mapped_vegetation_outline","geometry_status":"source_community_mapping_not_surveyed","id":"osm_way_225112720","map_feature_id":null,"measured":false,"name":"","osm_id":225112720,"osm_type":"way","osm_version":2,"source_timestamp":"2013-06-11T06:34:39Z","source_url":"https://www.openstreetmap.org/way/225112720","space_id":null,"tags":{"landuse":"grass"},"vegetation":"grass"},"type":"Feature"},{"geometry":{"coordinates":[[[144.093,392.892],[146.105,393.35],[158.813,401.074],[159.741,402.466],[159.811,404.364],[155.108,411.888],[153.295,412.488],[150.872,411.812],[140.043,405.596],[138.386,403.249],[138.441,400.189],[142.597,393.708],[144.093,392.892]]],"type":"Polygon"},"id":"osm_way_225112721","properties":{"area_m2":261.336102,"asset_id":"osm_way_225112721","center":[148.85506,402.805845],"context_layer":"greens","geometry_role":"mapped_vegetation_outline","geometry_status":"source_community_mapping_not_surveyed","id":"osm_way_225112721","map_feature_id":null,"measured":false,"name":"","osm_id":225112721,"osm_type":"way","osm_version":2,"source_timestamp":"2013-06-11T06:34:39Z","source_url":"https://www.openstreetmap.org/way/225112721","space_id":null,"tags":{"landuse":"grass"},"vegetation":"grass"},"type":"Feature"},{"geometry":{"coordinates":[[[158.454,414.798],[158.277,413.109],[162.751,406.213],[164.038,405.504],[165.737,405.534],[184.855,416.856],[185.563,418.455],[185.523,420.672],[182.022,426.421],[180.943,427.666],[179.663,427.965],[159.496,416.192],[158.454,414.798]]],"type":"Polygon"},"id":"osm_way_225112722","properties":{"area_m2":325.209193,"asset_id":"osm_way_225112722","center":[172.150566,416.515041],"context_layer":"greens","geometry_role":"mapped_vegetation_outline","geometry_status":"source_community_mapping_not_surveyed","id":"osm_way_225112722","map_feature_id":null,"measured":false,"name":"","osm_id":225112722,"osm_type":"way","osm_version":2,"source_timestamp":"2013-06-11T06:34:39Z","source_url":"https://www.openstreetmap.org/way/225112722","space_id":null,"tags":{"landuse":"grass"},"vegetation":"grass"},"type":"Feature"},{"geometry":{"coordinates":[[[293.447,446.404],[287.083,456.028],[285.479,455.999],[233.467,425.168],[231.015,421.897],[231.443,417.468],[253.867,378.586],[256.872,377.32],[261.668,379.89],[262.563,382.612],[254.762,397.667],[254.391,400.987],[255.571,405.168],[260.71,410.25],[256.979,416.716],[251.354,426.153],[266.859,435.304],[268.883,431.902],[293.447,446.404]]],"type":"Polygon"},"id":"osm_way_225199798","properties":{"area_m2":1350.017956,"asset_id":"osm_way_225199798","center":[256.387405,420.236402],"context_layer":"greens","geometry_role":"mapped_vegetation_outline","geometry_status":"source_community_mapping_not_surveyed","id":"osm_way_225199798","map_feature_id":null,"measured":false,"name":"","osm_id":225199798,"osm_type":"way","osm_version":1,"source_timestamp":"2013-06-11T06:34:38Z","source_url":"https://www.openstreetmap.org/way/225199798","space_id":null,"tags":{"landuse":"grass"},"vegetation":"grass"},"type":"Feature"},{"geometry":{"coordinates":[[[99.311,-404.612],[44.882,-405.618],[44.982,-411.705],[99.944,-410.423],[102.803,-409.318],[104.47,-405.95],[104.493,-385.609],[98.967,-385.897],[99.311,-404.612]]],"type":"Polygon"},"id":"osm_way_225200151","properties":{"area_m2":448.506419,"asset_id":"osm_way_225200151","center":[80.207087,-405.11652],"context_layer":"greens","geometry_role":"mapped_vegetation_outline","geometry_status":"source_community_mapping_not_surveyed","id":"osm_way_225200151","map_feature_id":null,"measured":false,"name":"","osm_id":225200151,"osm_type":"way","osm_version":1,"source_timestamp":"2013-06-11T06:48:43Z","source_url":"https://www.openstreetmap.org/way/225200151","space_id":null,"tags":{"landuse":"grass"},"vegetation":"grass"},"type":"Feature"},{"geometry":{"coordinates":[[[103.634,-587.831],[46.435,-589.175],[46.769,-594.159],[47.82,-595.394],[49.333,-596.066],[104.676,-594.378],[108.793,-592.851],[111.174,-589.814],[110.437,-569.177],[109.124,-567.536],[107.144,-567.173],[103.145,-567.344],[103.634,-587.831]]],"type":"Polygon"},"id":"osm_way_225200152","properties":{"area_m2":572.799365,"asset_id":"osm_way_225200152","center":[85.533403,-588.086265],"context_layer":"greens","geometry_role":"mapped_vegetation_outline","geometry_status":"source_community_mapping_not_surveyed","id":"osm_way_225200152","map_feature_id":null,"measured":false,"name":"","osm_id":225200152,"osm_type":"way","osm_version":1,"source_timestamp":"2013-06-11T06:48:43Z","source_url":"https://www.openstreetmap.org/way/225200152","space_id":null,"tags":{"landuse":"grass"},"vegetation":"grass"},"type":"Feature"},{"geometry":{"coordinates":[[[102.021,-520.306],[102.216,-527.534],[102.571,-542.633],[108.15,-542.655],[109.509,-541.555],[109.855,-540.351],[109.27,-520.287],[106.117,-520.266],[102.476,-520.409],[102.021,-520.306]]],"type":"Polygon"},"id":"osm_way_225200153","properties":{"area_m2":161.440432,"asset_id":"osm_way_225200153","center":[105.925496,-531.414389],"context_layer":"greens","geometry_role":"mapped_vegetation_outline","geometry_status":"source_community_mapping_not_surveyed","id":"osm_way_225200153","map_feature_id":null,"measured":false,"name":"","osm_id":225200153,"osm_type":"way","osm_version":1,"source_timestamp":"2013-06-11T06:48:44Z","source_url":"https://www.openstreetmap.org/way/225200153","space_id":null,"tags":{"landuse":"grass"},"vegetation":"grass"},"type":"Feature"},{"geometry":{"coordinates":[[[210.335,-660.963],[210.768,-657.173],[202.534,-660.193],[194.671,-662.341],[187.976,-664.302],[183.515,-668.74],[180.081,-674.158],[189.627,-671.636],[200.161,-668.443],[208.277,-665.68],[211.584,-665.843],[210.335,-660.963]]],"type":"Polygon"},"id":"osm_way_225203918","properties":{"area_m2":210.819634,"asset_id":"osm_way_225203918","center":[197.0046,-665.690694],"context_layer":"greens","geometry_role":"mapped_vegetation_outline","geometry_status":"source_community_mapping_not_surveyed","id":"osm_way_225203918","map_feature_id":null,"measured":false,"name":"","osm_id":225203918,"osm_type":"way","osm_version":1,"source_timestamp":"2013-06-11T07:33:35Z","source_url":"https://www.openstreetmap.org/way/225203918","space_id":null,"tags":{"natural":"wood"},"vegetation":"wood"},"type":"Feature"},{"geometry":{"coordinates":[[[330.97,509.961],[318.892,502.89],[323.698,494.913],[328.338,487.2],[340.975,494.657],[344.906,499.164],[346.741,504.221],[346.2,509.679],[332.569,532.437],[327.373,541.106],[322.757,538.006],[316.545,534.368],[330.97,509.961]]],"type":"Polygon"},"id":"osm_way_225204141","properties":{"area_m2":817.587542,"asset_id":"osm_way_225204141","center":[331.997161,512.387333],"context_layer":"greens","geometry_role":"mapped_vegetation_outline","geometry_status":"source_community_mapping_not_surveyed","id":"osm_way_225204141","map_feature_id":null,"measured":false,"name":"","osm_id":225204141,"osm_type":"way","osm_version":1,"source_timestamp":"2013-06-11T07:39:42Z","source_url":"https://www.openstreetmap.org/way/225204141","space_id":null,"tags":{"landuse":"grass"},"vegetation":"grass"},"type":"Feature"},{"geometry":{"coordinates":[[[312.916,483.463],[302.614,477.379],[304.762,473.946],[321.631,483.863],[312.616,499.196],[305.901,495.227],[312.916,483.463]]],"type":"Polygon"},"id":"osm_way_225204385","properties":{"area_m2":186.092571,"asset_id":"osm_way_225204385","center":[312.489759,486.749562],"context_layer":"greens","geometry_role":"mapped_vegetation_outline","geometry_status":"source_community_mapping_not_surveyed","id":"osm_way_225204385","map_feature_id":null,"measured":false,"name":"","osm_id":225204385,"osm_type":"way","osm_version":2,"source_timestamp":"2013-06-11T07:50:48Z","source_url":"https://www.openstreetmap.org/way/225204385","space_id":null,"tags":{"landuse":"grass"},"vegetation":"grass"},"type":"Feature"},{"geometry":{"coordinates":[[[288.642,469.11],[279.067,485.153],[267.349,478.566],[274.465,466.483],[278.36,462.992],[283.052,462.422],[287.917,464.272],[302.082,472.323],[299.99,475.823],[288.642,469.11]]],"type":"Polygon"},"id":"osm_way_225204386","properties":{"area_m2":336.998901,"asset_id":"osm_way_225204386","center":[281.466555,472.527569],"context_layer":"greens","geometry_role":"mapped_vegetation_outline","geometry_status":"source_community_mapping_not_surveyed","id":"osm_way_225204386","map_feature_id":null,"measured":false,"name":"","osm_id":225204386,"osm_type":"way","osm_version":1,"source_timestamp":"2013-06-11T07:43:24Z","source_url":"https://www.openstreetmap.org/way/225204386","space_id":null,"tags":{"landuse":"grass"},"vegetation":"grass"},"type":"Feature"},{"geometry":{"coordinates":[[[266.183,506.838],[259.757,503.052],[256.892,500.672],[257.15,496.805],[264.449,483.472],[276.08,490.168],[266.183,506.838]]],"type":"Polygon"},"id":"osm_way_225205344","properties":{"area_m2":247.896527,"asset_id":"osm_way_225205344","center":[265.699642,495.048087],"context_layer":"greens","geometry_role":"mapped_vegetation_outline","geometry_status":"source_community_mapping_not_surveyed","id":"osm_way_225205344","map_feature_id":null,"measured":false,"name":"","osm_id":225205344,"osm_type":"way","osm_version":1,"source_timestamp":"2013-06-11T07:50:47Z","source_url":"https://www.openstreetmap.org/way/225205344","space_id":null,"tags":{"landuse":"grass"},"vegetation":"grass"},"type":"Feature"},{"geometry":{"coordinates":[[[252.861,529.214],[241.28,548.692],[231.541,542.784],[237.691,531.959],[240.238,527.801],[242.945,525.298],[246.332,525.359],[252.861,529.214]]],"type":"Polygon"},"id":"osm_way_225205346","properties":{"area_m2":254.807305,"asset_id":"osm_way_225205346","center":[242.111838,536.226862],"context_layer":"greens","geometry_role":"mapped_vegetation_outline","geometry_status":"source_community_mapping_not_surveyed","id":"osm_way_225205346","map_feature_id":null,"measured":false,"name":"","osm_id":225205346,"osm_type":"way","osm_version":1,"source_timestamp":"2013-06-11T07:50:47Z","source_url":"https://www.openstreetmap.org/way/225205346","space_id":null,"tags":{"landuse":"grass"},"vegetation":"grass"},"type":"Feature"},{"geometry":{"coordinates":[[[229.458,546.351],[239.11,552.347],[230.828,566.306],[240.262,571.832],[238.256,575.267],[227.898,569.182],[224.747,564.844],[223.178,560.236],[224.477,555.157],[229.458,546.351]]],"type":"Polygon"},"id":"osm_way_225205347","properties":{"area_m2":240.600043,"asset_id":"osm_way_225205347","center":[230.937178,559.729127],"context_layer":"greens","geometry_role":"mapped_vegetation_outline","geometry_status":"source_community_mapping_not_surveyed","id":"osm_way_225205347","map_feature_id":null,"measured":false,"name":"","osm_id":225205347,"osm_type":"way","osm_version":1,"source_timestamp":"2013-06-11T07:50:47Z","source_url":"https://www.openstreetmap.org/way/225205347","space_id":null,"tags":{"landuse":"grass"},"vegetation":"grass"},"type":"Feature"},{"geometry":{"coordinates":[[[260.865,588.77],[242.596,578.029],[244.689,574.428],[254.432,580.137],[262.14,567.11],[270.771,572.167],[260.865,588.77]]],"type":"Polygon"},"id":"osm_way_225205349","properties":{"area_m2":239.696947,"asset_id":"osm_way_225205349","center":[258.970354,578.161466],"context_layer":"greens","geometry_role":"mapped_vegetation_outline","geometry_status":"source_community_mapping_not_surveyed","id":"osm_way_225205349","map_feature_id":null,"measured":false,"name":"","osm_id":225205349,"osm_type":"way","osm_version":1,"source_timestamp":"2013-06-11T07:50:47Z","source_url":"https://www.openstreetmap.org/way/225205349","space_id":null,"tags":{"landuse":"grass"},"vegetation":"grass"},"type":"Feature"},{"geometry":{"coordinates":[[[267.967,593.289],[278.225,576.526],[288.378,582.475],[302.287,558.956],[308.293,562.469],[314.044,565.999],[293.986,599.267],[289.784,601.487],[285.155,602.214],[279.983,600.624],[267.967,593.289]]],"type":"Polygon"},"id":"osm_way_225205351","properties":{"area_m2":844.490595,"asset_id":"osm_way_225205351","center":[291.397468,583.42965],"context_layer":"greens","geometry_role":"mapped_vegetation_outline","geometry_status":"source_community_mapping_not_surveyed","id":"osm_way_225205351","map_feature_id":null,"measured":false,"name":"","osm_id":225205351,"osm_type":"way","osm_version":1,"source_timestamp":"2013-06-11T07:50:47Z","source_url":"https://www.openstreetmap.org/way/225205351","space_id":null,"tags":{"landuse":"grass"},"vegetation":"grass"},"type":"Feature"},{"geometry":{"coordinates":[[[263.9,374.373],[261.428,373.276],[259.666,369.906],[270.439,351.81],[278.906,332.808],[282.959,323.608],[285.545,323.111],[349.897,360.663],[348.419,363.032],[346.98,365.391],[313.317,345.102],[310.603,349.568],[301.256,343.932],[295.343,353.642],[293.226,357.497],[286.976,354.413],[282.667,354.169],[277.828,355.569],[267.207,373.656],[263.9,374.373]]],"type":"Polygon"},"id":"osm_way_225205900","properties":{"area_m2":1219.853614,"asset_id":"osm_way_225205900","center":[294.302439,346.744618],"context_layer":"greens","geometry_role":"mapped_vegetation_outline","geometry_status":"source_community_mapping_not_surveyed","id":"osm_way_225205900","map_feature_id":null,"measured":false,"name":"","osm_id":225205900,"osm_type":"way","osm_version":1,"source_timestamp":"2013-06-11T07:56:10Z","source_url":"https://www.openstreetmap.org/way/225205900","space_id":null,"tags":{"landuse":"grass"},"vegetation":"grass"},"type":"Feature"},{"geometry":{"coordinates":[[[282.13,384.193],[278.526,381.977],[272.745,378.558],[282.162,362.866],[285.405,361.505],[290.39,363.014],[286.845,369.117],[281.432,377.815],[284.821,379.905],[282.13,384.193]]],"type":"Polygon"},"id":"osm_way_225205901","properties":{"area_m2":170.949644,"asset_id":"osm_way_225205901","center":[281.427876,372.427636],"context_layer":"greens","geometry_role":"mapped_vegetation_outline","geometry_status":"source_community_mapping_not_surveyed","id":"osm_way_225205901","map_feature_id":null,"measured":false,"name":"","osm_id":225205901,"osm_type":"way","osm_version":1,"source_timestamp":"2013-06-11T07:56:10Z","source_url":"https://www.openstreetmap.org/way/225205901","space_id":null,"tags":{"landuse":"grass"},"vegetation":"grass"},"type":"Feature"},{"geometry":{"coordinates":[[[269.252,383.841],[275.182,387.407],[278.982,389.727],[276.34,393.894],[272.41,391.461],[266.419,401.314],[263.584,405.744],[261.366,404.184],[259.998,400.955],[261.045,397.325],[269.252,383.841]]],"type":"Polygon"},"id":"osm_way_225205902","properties":{"area_m2":159.35419,"asset_id":"osm_way_225205902","center":[268.122301,393.854192],"context_layer":"greens","geometry_role":"mapped_vegetation_outline","geometry_status":"source_community_mapping_not_surveyed","id":"osm_way_225205902","map_feature_id":null,"measured":false,"name":"","osm_id":225205902,"osm_type":"way","osm_version":1,"source_timestamp":"2013-06-11T07:56:10Z","source_url":"https://www.openstreetmap.org/way/225205902","space_id":null,"tags":{"landuse":"grass"},"vegetation":"grass"},"type":"Feature"},{"geometry":{"coordinates":[[[293.709,458.687],[299.565,450.019],[326.408,465.86],[324.569,468.943],[338.448,477.144],[343.926,467.959],[347.93,460.999],[364.0,471.224],[365.287,474.22],[364.629,477.768],[356.188,491.114],[353.174,492.846],[349.163,492.319],[345.314,490.62],[294.263,460.926],[293.709,458.687]]],"type":"Polygon"},"id":"osm_way_225206687","properties":{"area_m2":1089.836393,"asset_id":"osm_way_225206687","center":[333.88068,472.735849],"context_layer":"greens","geometry_role":"mapped_vegetation_outline","geometry_status":"source_community_mapping_not_surveyed","id":"osm_way_225206687","map_feature_id":null,"measured":false,"name":"","osm_id":225206687,"osm_type":"way","osm_version":1,"source_timestamp":"2013-06-11T08:01:59Z","source_url":"https://www.openstreetmap.org/way/225206687","space_id":null,"tags":{"landuse":"grass"},"vegetation":"grass"},"type":"Feature"},{"geometry":{"coordinates":[[[357.167,461.752],[359.861,457.83],[365.5,448.615],[357.141,443.674],[359.231,440.284],[380.279,452.972],[371.683,467.059],[368.539,467.601],[365.423,466.647],[357.167,461.752]]],"type":"Polygon"},"id":"osm_way_225206688","properties":{"area_m2":322.129204,"asset_id":"osm_way_225206688","center":[368.042433,455.691374],"context_layer":"greens","geometry_role":"mapped_vegetation_outline","geometry_status":"source_community_mapping_not_surveyed","id":"osm_way_225206688","map_feature_id":null,"measured":false,"name":"","osm_id":225206688,"osm_type":"way","osm_version":1,"source_timestamp":"2013-06-11T08:01:59Z","source_url":"https://www.openstreetmap.org/way/225206688","space_id":null,"tags":{"landuse":"grass"},"vegetation":"grass"},"type":"Feature"},{"geometry":{"coordinates":[[[371.471,439.339],[374.112,435.238],[379.905,425.893],[372.837,421.563],[375.15,417.822],[377.889,413.513],[392.597,422.904],[394.665,426.512],[394.608,429.683],[383.794,446.957],[371.471,439.339]]],"type":"Polygon"},"id":"osm_way_225206689","properties":{"area_m2":432.502679,"asset_id":"osm_way_225206689","center":[383.096196,430.323817],"context_layer":"greens","geometry_role":"mapped_vegetation_outline","geometry_status":"source_community_mapping_not_surveyed","id":"osm_way_225206689","map_feature_id":null,"measured":false,"name":"","osm_id":225206689,"osm_type":"way","osm_version":1,"source_timestamp":"2013-06-11T08:01:59Z","source_url":"https://www.openstreetmap.org/way/225206689","space_id":null,"tags":{"landuse":"grass"},"vegetation":"grass"},"type":"Feature"},{"geometry":{"coordinates":[[[355.21,370.695],[356.796,368.084],[358.206,365.747],[400.741,391.341],[404.968,396.164],[407.22,403.768],[405.627,409.95],[400.005,419.787],[397.27,420.747],[393.869,420.353],[378.718,411.498],[382.436,405.753],[389.692,410.131],[395.313,400.904],[386.18,395.406],[388.874,390.973],[355.21,370.695]]],"type":"Polygon"},"id":"osm_way_225206690","properties":{"area_m2":731.020497,"asset_id":"osm_way_225206690","center":[388.650058,396.736465],"context_layer":"greens","geometry_role":"mapped_vegetation_outline","geometry_status":"source_community_mapping_not_surveyed","id":"osm_way_225206690","map_feature_id":null,"measured":false,"name":"","osm_id":225206690,"osm_type":"way","osm_version":1,"source_timestamp":"2013-06-11T08:01:59Z","source_url":"https://www.openstreetmap.org/way/225206690","space_id":null,"tags":{"landuse":"grass"},"vegetation":"grass"},"type":"Feature"},{"geometry":{"coordinates":[[[479.318,436.679],[473.9,445.643],[470.331,443.583],[472.503,439.862],[435.49,418.448],[433.358,422.114],[424.315,416.884],[418.852,426.235],[427.671,431.329],[424.632,436.598],[409.441,427.875],[407.322,425.508],[406.826,422.626],[413.807,411.195],[419.196,407.032],[424.276,405.87],[430.195,407.95],[479.318,436.679]]],"type":"Polygon"},"id":"osm_way_225249417","properties":{"area_m2":778.671343,"asset_id":"osm_way_225249417","center":[436.143223,422.689679],"context_layer":"greens","geometry_role":"mapped_vegetation_outline","geometry_status":"source_community_mapping_not_surveyed","id":"osm_way_225249417","map_feature_id":null,"measured":false,"name":"","osm_id":225249417,"osm_type":"way","osm_version":1,"source_timestamp":"2013-06-11T13:43:40Z","source_url":"https://www.openstreetmap.org/way/225249417","space_id":null,"tags":{"landuse":"grass"},"vegetation":"grass"},"type":"Feature"},{"geometry":{"coordinates":[[[406.196,460.412],[401.555,457.634],[390.598,450.684],[400.72,433.097],[402.889,431.639],[405.532,431.065],[408.047,431.354],[422.848,440.248],[420.956,443.686],[419.202,446.737],[409.934,441.447],[404.351,451.163],[409.881,454.412],[406.196,460.412]]],"type":"Polygon"},"id":"osm_way_225249419","properties":{"area_m2":427.394594,"asset_id":"osm_way_225249419","center":[405.131401,444.057998],"context_layer":"greens","geometry_role":"mapped_vegetation_outline","geometry_status":"source_community_mapping_not_surveyed","id":"osm_way_225249419","map_feature_id":null,"measured":false,"name":"","osm_id":225249419,"osm_type":"way","osm_version":1,"source_timestamp":"2013-06-11T13:43:40Z","source_url":"https://www.openstreetmap.org/way/225249419","space_id":null,"tags":{"landuse":"grass"},"vegetation":"grass"},"type":"Feature"},{"geometry":{"coordinates":[[[387.364,455.761],[398.739,462.563],[403.287,465.251],[401.026,469.259],[395.674,466.102],[389.961,475.737],[406.559,485.462],[403.98,489.83],[382.462,477.056],[379.26,473.505],[378.438,470.363],[387.364,455.761]]],"type":"Polygon"},"id":"osm_way_225249421","properties":{"area_m2":376.897412,"asset_id":"osm_way_225249421","center":[390.922378,471.395168],"context_layer":"greens","geometry_role":"mapped_vegetation_outline","geometry_status":"source_community_mapping_not_surveyed","id":"osm_way_225249421","map_feature_id":null,"measured":false,"name":"","osm_id":225249421,"osm_type":"way","osm_version":1,"source_timestamp":"2013-06-11T13:43:40Z","source_url":"https://www.openstreetmap.org/way/225249421","space_id":null,"tags":{"landuse":"grass"},"vegetation":"grass"},"type":"Feature"},{"geometry":{"coordinates":[[[401.32,492.355],[399.121,496.02],[396.893,499.729],[388.18,494.538],[382.382,504.182],[398.473,513.765],[399.825,511.526],[415.43,520.834],[410.381,529.228],[370.259,504.897],[366.593,500.927],[365.316,496.856],[365.491,493.92],[371.35,483.001],[374.102,480.599],[378.052,479.816],[382.224,480.867],[401.32,492.355]]],"type":"Polygon"},"id":"osm_way_225249422","properties":{"area_m2":894.416353,"asset_id":"osm_way_225249422","center":[386.408601,501.530596],"context_layer":"greens","geometry_role":"mapped_vegetation_outline","geometry_status":"source_community_mapping_not_surveyed","id":"osm_way_225249422","map_feature_id":null,"measured":false,"name":"","osm_id":225249422,"osm_type":"way","osm_version":1,"source_timestamp":"2013-06-11T13:43:40Z","source_url":"https://www.openstreetmap.org/way/225249422","space_id":null,"tags":{"landuse":"grass"},"vegetation":"grass"},"type":"Feature"},{"geometry":{"coordinates":[[[415.259,531.955],[420.343,523.75],[437.806,534.166],[436.474,536.372],[450.669,544.833],[456.516,535.112],[460.328,528.847],[464.085,531.465],[465.452,533.142],[465.688,534.699],[460.512,551.243],[458.836,552.599],[455.609,554.094],[451.358,552.709],[415.259,531.955]]],"type":"Polygon"},"id":"osm_way_225249424","properties":{"area_m2":538.984172,"asset_id":"osm_way_225249424","center":[443.244065,539.395636],"context_layer":"greens","geometry_role":"mapped_vegetation_outline","geometry_status":"source_community_mapping_not_surveyed","id":"osm_way_225249424","map_feature_id":null,"measured":false,"name":"","osm_id":225249424,"osm_type":"way","osm_version":1,"source_timestamp":"2013-06-11T13:43:40Z","source_url":"https://www.openstreetmap.org/way/225249424","space_id":null,"tags":{"landuse":"grass"},"vegetation":"grass"},"type":"Feature"},{"geometry":{"coordinates":[[[461.358,524.041],[464.547,518.852],[470.117,509.802],[465.758,507.073],[469.445,500.973],[471.658,502.31],[474.924,504.398],[467.687,526.406],[466.67,526.798],[465.121,526.327],[461.358,524.041]]],"type":"Polygon"},"id":"osm_way_225249426","properties":{"area_m2":133.596392,"asset_id":"osm_way_225249426","center":[468.649149,514.04315],"context_layer":"greens","geometry_role":"mapped_vegetation_outline","geometry_status":"source_community_mapping_not_surveyed","id":"osm_way_225249426","map_feature_id":null,"measured":false,"name":"","osm_id":225249426,"osm_type":"way","osm_version":1,"source_timestamp":"2013-06-11T13:43:40Z","source_url":"https://www.openstreetmap.org/way/225249426","space_id":null,"tags":{"landuse":"grass"},"vegetation":"grass"},"type":"Feature"},{"geometry":{"coordinates":[[[476.506,499.88],[474.07,498.316],[471.95,497.047],[476.911,488.851],[474.847,487.617],[478.31,481.9],[469.858,476.836],[472.164,473.029],[474.168,469.66],[482.472,474.555],[483.154,477.019],[483.105,479.746],[476.506,499.88]]],"type":"Polygon"},"id":"osm_way_225249428","properties":{"area_m2":177.062738,"asset_id":"osm_way_225249428","center":[477.243522,482.441043],"context_layer":"greens","geometry_role":"mapped_vegetation_outline","geometry_status":"source_community_mapping_not_surveyed","id":"osm_way_225249428","map_feature_id":null,"measured":false,"name":"","osm_id":225249428,"osm_type":"way","osm_version":1,"source_timestamp":"2013-06-11T13:43:40Z","source_url":"https://www.openstreetmap.org/way/225249428","space_id":null,"tags":{"landuse":"grass"},"vegetation":"grass"},"type":"Feature"},{"geometry":{"coordinates":[[[471.389,463.565],[474.487,458.209],[479.823,449.077],[477.553,447.761],[482.679,438.736],[488.404,442.143],[490.959,444.918],[491.92,447.674],[491.285,450.968],[486.887,468.346],[484.583,469.979],[481.399,469.645],[471.389,463.565]]],"type":"Polygon"},"id":"osm_way_225249429","properties":{"area_m2":368.163503,"asset_id":"osm_way_225249429","center":[482.952836,455.449686],"context_layer":"greens","geometry_role":"mapped_vegetation_outline","geometry_status":"source_community_mapping_not_surveyed","id":"osm_way_225249429","map_feature_id":null,"measured":false,"name":"","osm_id":225249429,"osm_type":"way","osm_version":1,"source_timestamp":"2013-06-11T13:43:40Z","source_url":"https://www.openstreetmap.org/way/225249429","space_id":null,"tags":{"landuse":"grass"},"vegetation":"grass"},"type":"Feature"},{"geometry":{"coordinates":[[[406.503,535.502],[403.075,541.929],[374.676,524.939],[372.696,528.542],[362.716,522.385],[356.514,532.466],[352.762,538.011],[346.071,533.743],[345.128,531.597],[345.799,528.87],[353.313,517.226],[357.411,513.473],[361.834,512.088],[367.508,512.556],[406.503,535.502]]],"type":"Polygon"},"id":"osm_way_225251641","properties":{"area_m2":642.623804,"asset_id":"osm_way_225251641","center":[371.495815,525.709188],"context_layer":"greens","geometry_role":"mapped_vegetation_outline","geometry_status":"source_community_mapping_not_surveyed","id":"osm_way_225251641","map_feature_id":null,"measured":false,"name":"","osm_id":225251641,"osm_type":"way","osm_version":2,"source_timestamp":"2013-06-11T14:04:44Z","source_url":"https://www.openstreetmap.org/way/225251641","space_id":null,"tags":{"landuse":"grass"},"vegetation":"grass"},"type":"Feature"},{"geometry":{"coordinates":[[[438.058,563.306],[408.182,545.048],[411.577,538.876],[450.37,562.562],[453.614,565.903],[454.317,567.735],[453.884,571.376],[447.344,587.118],[444.734,589.511],[441.222,589.571],[436.243,586.686],[438.97,582.51],[445.356,573.23],[435.672,566.913],[438.058,563.306]]],"type":"Polygon"},"id":"osm_way_225251642","properties":{"area_m2":580.643031,"asset_id":"osm_way_225251642","center":[436.570817,563.778684],"context_layer":"greens","geometry_role":"mapped_vegetation_outline","geometry_status":"source_community_mapping_not_surveyed","id":"osm_way_225251642","map_feature_id":null,"measured":false,"name":"","osm_id":225251642,"osm_type":"way","osm_version":1,"source_timestamp":"2013-06-11T14:03:21Z","source_url":"https://www.openstreetmap.org/way/225251642","space_id":null,"tags":{"landuse":"grass"},"vegetation":"grass"},"type":"Feature"},{"geometry":{"coordinates":[[[424.374,615.376],[429.988,606.017],[437.752,593.046],[439.538,594.498],[440.91,596.963],[440.736,599.799],[426.123,625.223],[419.96,621.519],[417.141,619.794],[420.999,613.564],[424.374,615.376]]],"type":"Polygon"},"id":"osm_way_225251643","properties":{"area_m2":232.192096,"asset_id":"osm_way_225251643","center":[430.044204,610.700989],"context_layer":"greens","geometry_role":"mapped_vegetation_outline","geometry_status":"source_community_mapping_not_surveyed","id":"osm_way_225251643","map_feature_id":null,"measured":false,"name":"","osm_id":225251643,"osm_type":"way","osm_version":1,"source_timestamp":"2013-06-11T14:03:21Z","source_url":"https://www.openstreetmap.org/way/225251643","space_id":null,"tags":{"landuse":"grass"},"vegetation":"grass"},"type":"Feature"},{"geometry":{"coordinates":[[[413.949,625.138],[416.796,626.93],[422.789,630.642],[413.758,647.372],[411.347,649.225],[408.016,649.165],[405.029,647.847],[408.124,643.145],[414.232,633.051],[410.571,630.856],[413.949,625.138]]],"type":"Polygon"},"id":"osm_way_225251644","properties":{"area_m2":179.737765,"asset_id":"osm_way_225251644","center":[414.230812,637.60022],"context_layer":"greens","geometry_role":"mapped_vegetation_outline","geometry_status":"source_community_mapping_not_surveyed","id":"osm_way_225251644","map_feature_id":null,"measured":false,"name":"","osm_id":225251644,"osm_type":"way","osm_version":1,"source_timestamp":"2013-06-11T14:03:21Z","source_url":"https://www.openstreetmap.org/way/225251644","space_id":null,"tags":{"landuse":"grass"},"vegetation":"grass"},"type":"Feature"},{"geometry":{"coordinates":[[[388.519,669.023],[394.275,659.622],[397.262,661.483],[403.075,651.539],[406.321,653.704],[407.896,657.47],[407.043,660.25],[399.687,675.213],[397.246,677.154],[393.979,677.229],[390.585,676.469],[346.724,650.652],[351.611,642.865],[374.954,657.024],[373.272,659.767],[388.519,669.023]]],"type":"Polygon"},"id":"osm_way_225251645","properties":{"area_m2":619.301073,"asset_id":"osm_way_225251645","center":[380.110675,661.315544],"context_layer":"greens","geometry_role":"mapped_vegetation_outline","geometry_status":"source_community_mapping_not_surveyed","id":"osm_way_225251645","map_feature_id":null,"measured":false,"name":"","osm_id":225251645,"osm_type":"way","osm_version":1,"source_timestamp":"2013-06-11T14:03:22Z","source_url":"https://www.openstreetmap.org/way/225251645","space_id":null,"tags":{"landuse":"grass"},"vegetation":"grass"},"type":"Feature"},{"geometry":{"coordinates":[[[324.851,626.626],[346.625,639.837],[342.343,647.568],[298.312,621.781],[296.013,619.411],[295.244,614.938],[296.363,611.997],[305.688,596.748],[308.086,595.138],[311.28,595.44],[319.248,600.052],[313.156,610.301],[307.303,619.868],[323.12,629.456],[324.851,626.626]]],"type":"Polygon"},"id":"osm_way_225251646","properties":{"area_m2":718.960517,"asset_id":"osm_way_225251646","center":[316.127298,620.990104],"context_layer":"greens","geometry_role":"mapped_vegetation_outline","geometry_status":"source_community_mapping_not_surveyed","id":"osm_way_225251646","map_feature_id":null,"measured":false,"name":"","osm_id":225251646,"osm_type":"way","osm_version":1,"source_timestamp":"2013-06-11T14:03:22Z","source_url":"https://www.openstreetmap.org/way/225251646","space_id":null,"tags":{"landuse":"grass"},"vegetation":"grass"},"type":"Feature"},{"geometry":{"coordinates":[[[319.611,589.3],[323.178,591.438],[320.265,596.543],[313.105,592.633],[311.611,590.133],[311.661,587.306],[321.569,569.572],[328.788,573.838],[333.56,576.718],[329.533,583.345],[324.882,580.6],[319.611,589.3]]],"type":"Polygon"},"id":"osm_way_225251647","properties":{"area_m2":258.062185,"asset_id":"osm_way_225251647","center":[321.12366,582.348223],"context_layer":"greens","geometry_role":"mapped_vegetation_outline","geometry_status":"source_community_mapping_not_surveyed","id":"osm_way_225251647","map_feature_id":null,"measured":false,"name":"","osm_id":225251647,"osm_type":"way","osm_version":1,"source_timestamp":"2013-06-11T14:03:22Z","source_url":"https://www.openstreetmap.org/way/225251647","space_id":null,"tags":{"landuse":"grass"},"vegetation":"grass"},"type":"Feature"},{"geometry":{"coordinates":[[[167.593,569.833],[164.407,575.887],[159.159,572.244],[160.147,567.104],[160.259,560.873],[158.039,555.144],[154.93,549.033],[159.934,540.483],[161.698,540.004],[219.419,574.12],[213.933,583.172],[173.983,559.256],[167.593,569.833]]],"type":"Polygon"},"id":"osm_way_225253708","properties":{"area_m2":935.801439,"asset_id":"osm_way_225253708","center":[181.894216,561.49027],"context_layer":"greens","geometry_role":"mapped_vegetation_outline","geometry_status":"source_community_mapping_not_surveyed","id":"osm_way_225253708","map_feature_id":null,"measured":false,"name":"","osm_id":225253708,"osm_type":"way","osm_version":1,"source_timestamp":"2013-06-11T14:23:18Z","source_url":"https://www.openstreetmap.org/way/225253708","space_id":null,"tags":{"landuse":"grass"},"vegetation":"grass"},"type":"Feature"},{"geometry":{"coordinates":[[[268.862,616.063],[222.992,588.591],[228.507,579.451],[277.585,609.11],[280.516,613.022],[281.325,616.907],[280.715,621.466],[270.533,638.696],[264.344,634.349],[267.368,629.412],[262.559,626.498],[268.862,616.063]]],"type":"Polygon"},"id":"osm_way_225253709","properties":{"area_m2":878.948801,"asset_id":"osm_way_225253709","center":[257.154108,606.635876],"context_layer":"greens","geometry_role":"mapped_vegetation_outline","geometry_status":"source_community_mapping_not_surveyed","id":"osm_way_225253709","map_feature_id":null,"measured":false,"name":"","osm_id":225253709,"osm_type":"way","osm_version":1,"source_timestamp":"2013-06-11T14:23:18Z","source_url":"https://www.openstreetmap.org/way/225253709","space_id":null,"tags":{"landuse":"grass"},"vegetation":"grass"},"type":"Feature"},{"geometry":{"coordinates":[[[157.56,576.64],[164.023,581.026],[160.766,586.358],[158.17,584.781],[152.501,594.051],[248.161,652.082],[254.043,642.482],[257.927,644.837],[260.708,640.295],[266.853,644.486],[256.047,662.848],[253.595,664.345],[250.882,664.064],[133.097,590.787],[142.502,589.514],[148.291,586.711],[153.93,582.276],[157.56,576.64]]],"type":"Polygon"},"id":"osm_way_225253710","properties":{"area_m2":1416.955055,"asset_id":"osm_way_225253710","center":[202.373649,626.087518],"context_layer":"greens","geometry_role":"mapped_vegetation_outline","geometry_status":"source_community_mapping_not_surveyed","id":"osm_way_225253710","map_feature_id":null,"measured":false,"name":"","osm_id":225253710,"osm_type":"way","osm_version":1,"source_timestamp":"2013-06-11T14:23:18Z","source_url":"https://www.openstreetmap.org/way/225253710","space_id":null,"tags":{"landuse":"grass"},"vegetation":"grass"},"type":"Feature"},{"geometry":{"coordinates":[[[133.222,608.113],[127.434,617.703],[123.872,623.728],[112.842,617.176],[111.727,614.616],[123.376,595.016],[125.916,594.396],[183.152,628.648],[178.858,635.492],[133.222,608.113]]],"type":"Polygon"},"id":"osm_way_225253713","properties":{"area_m2":822.369169,"asset_id":"osm_way_225253713","center":[141.903736,613.711502],"context_layer":"greens","geometry_role":"mapped_vegetation_outline","geometry_status":"source_community_mapping_not_surveyed","id":"osm_way_225253713","map_feature_id":null,"measured":false,"name":"","osm_id":225253713,"osm_type":"way","osm_version":1,"source_timestamp":"2013-06-11T14:23:18Z","source_url":"https://www.openstreetmap.org/way/225253713","space_id":null,"tags":{"landuse":"grass"},"vegetation":"grass"},"type":"Feature"},{"geometry":{"coordinates":[[[234.56,668.918],[187.3,640.556],[191.145,633.993],[247.735,666.902],[249.53,669.951],[249.458,673.976],[238.257,691.798],[229.697,686.454],[233.218,680.65],[228.997,678.123],[234.56,668.918]]],"type":"Polygon"},"id":"osm_way_225253714","properties":{"area_m2":794.327077,"asset_id":"osm_way_225253714","center":[224.926762,662.582803],"context_layer":"greens","geometry_role":"mapped_vegetation_outline","geometry_status":"source_community_mapping_not_surveyed","id":"osm_way_225253714","map_feature_id":null,"measured":false,"name":"","osm_id":225253714,"osm_type":"way","osm_version":1,"source_timestamp":"2013-06-11T14:23:18Z","source_url":"https://www.openstreetmap.org/way/225253714","space_id":null,"tags":{"landuse":"grass"},"vegetation":"grass"},"type":"Feature"},{"geometry":{"coordinates":[[[121.47,628.232],[118.591,632.983],[112.56,643.012],[214.121,704.043],[219.577,695.046],[223.172,697.206],[226.342,691.984],[234.972,697.074],[223.018,717.954],[220.373,719.105],[217.324,718.618],[98.628,646.235],[96.914,642.843],[96.97,639.672],[108.118,621.672],[111.104,621.492],[121.47,628.232]]],"type":"Polygon"},"id":"osm_way_225253715","properties":{"area_m2":2000.188373,"asset_id":"osm_way_225253715","center":[161.83136,674.950496],"context_layer":"greens","geometry_role":"mapped_vegetation_outline","geometry_status":"source_community_mapping_not_surveyed","id":"osm_way_225253715","map_feature_id":null,"measured":false,"name":"","osm_id":225253715,"osm_type":"way","osm_version":1,"source_timestamp":"2013-06-11T14:23:19Z","source_url":"https://www.openstreetmap.org/way/225253715","space_id":null,"tags":{"landuse":"grass"},"vegetation":"grass"},"type":"Feature"},{"geometry":{"coordinates":[[[274.435,665.406],[268.406,675.302],[262.454,671.38],[261.892,669.584],[266.506,661.759],[268.195,661.79],[274.435,665.406]]],"type":"Polygon"},"id":"osm_way_225255208","properties":{"area_m2":96.10383,"asset_id":"osm_way_225255208","center":[267.853292,668.11397],"context_layer":"greens","geometry_role":"mapped_vegetation_outline","geometry_status":"source_community_mapping_not_surveyed","id":"osm_way_225255208","map_feature_id":null,"measured":false,"name":"","osm_id":225255208,"osm_type":"way","osm_version":1,"source_timestamp":"2013-06-11T14:42:47Z","source_url":"https://www.openstreetmap.org/way/225255208","space_id":null,"tags":{"landuse":"grass"},"vegetation":"grass"},"type":"Feature"},{"geometry":{"coordinates":[[[278.363,658.966],[275.816,663.135],[270.02,659.449],[268.954,657.855],[270.869,654.739],[272.971,655.454],[278.363,658.966]]],"type":"Polygon"},"id":"osm_way_225255209","properties":{"area_m2":41.16917,"asset_id":"osm_way_225255209","center":[273.555283,658.772708],"context_layer":"greens","geometry_role":"mapped_vegetation_outline","geometry_status":"source_community_mapping_not_surveyed","id":"osm_way_225255209","map_feature_id":null,"measured":false,"name":"","osm_id":225255209,"osm_type":"way","osm_version":1,"source_timestamp":"2013-06-11T14:42:47Z","source_url":"https://www.openstreetmap.org/way/225255209","space_id":null,"tags":{"landuse":"grass"},"vegetation":"grass"},"type":"Feature"},{"geometry":{"coordinates":[[[284.421,649.026],[280.133,656.07],[274.412,652.418],[273.556,650.717],[276.42,645.733],[278.812,645.477],[284.421,649.026]]],"type":"Polygon"},"id":"osm_way_225255210","properties":{"area_m2":67.560304,"asset_id":"osm_way_225255210","center":[278.793036,650.354152],"context_layer":"greens","geometry_role":"mapped_vegetation_outline","geometry_status":"source_community_mapping_not_surveyed","id":"osm_way_225255210","map_feature_id":null,"measured":false,"name":"","osm_id":225255210,"osm_type":"way","osm_version":1,"source_timestamp":"2013-06-11T14:42:47Z","source_url":"https://www.openstreetmap.org/way/225255210","space_id":null,"tags":{"landuse":"grass"},"vegetation":"grass"},"type":"Feature"},{"geometry":{"coordinates":[[[288.972,641.566],[285.831,646.711],[280.22,643.306],[279.008,641.377],[281.272,637.801],[283.093,637.834],[288.972,641.566]]],"type":"Polygon"},"id":"osm_way_225255211","properties":{"area_m2":50.608156,"asset_id":"osm_way_225255211","center":[283.858948,641.927533],"context_layer":"greens","geometry_role":"mapped_vegetation_outline","geometry_status":"source_community_mapping_not_surveyed","id":"osm_way_225255211","map_feature_id":null,"measured":false,"name":"","osm_id":225255211,"osm_type":"way","osm_version":1,"source_timestamp":"2013-06-11T14:42:47Z","source_url":"https://www.openstreetmap.org/way/225255211","space_id":null,"tags":{"landuse":"grass"},"vegetation":"grass"},"type":"Feature"},{"geometry":{"coordinates":[[[294.447,632.592],[291.918,636.739],[286.048,633.029],[285.017,631.58],[288.073,626.4],[290.006,625.481],[292.389,625.712],[300.815,630.632],[298.088,634.797],[294.447,632.592]]],"type":"Polygon"},"id":"osm_way_225255212","properties":{"area_m2":100.528027,"asset_id":"osm_way_225255212","center":[292.304142,630.760863],"context_layer":"greens","geometry_role":"mapped_vegetation_outline","geometry_status":"source_community_mapping_not_surveyed","id":"osm_way_225255212","map_feature_id":null,"measured":false,"name":"","osm_id":225255212,"osm_type":"way","osm_version":1,"source_timestamp":"2013-06-11T14:42:47Z","source_url":"https://www.openstreetmap.org/way/225255212","space_id":null,"tags":{"landuse":"grass"},"vegetation":"grass"},"type":"Feature"},{"geometry":{"coordinates":[[[301.162,642.339],[303.7,638.181],[306.241,633.845],[342.646,655.98],[339.943,660.401],[312.999,643.859],[310.433,647.995],[301.162,642.339]]],"type":"Polygon"},"id":"osm_way_225255213","properties":{"area_m2":269.743105,"asset_id":"osm_way_225255213","center":[320.061088,646.35891],"context_layer":"greens","geometry_role":"mapped_vegetation_outline","geometry_status":"source_community_mapping_not_surveyed","id":"osm_way_225255213","map_feature_id":null,"measured":false,"name":"","osm_id":225255213,"osm_type":"way","osm_version":1,"source_timestamp":"2013-06-11T14:42:47Z","source_url":"https://www.openstreetmap.org/way/225255213","space_id":null,"tags":{"landuse":"grass"},"vegetation":"grass"},"type":"Feature"},{"geometry":{"coordinates":[[[374.27,681.478],[346.916,664.685],[349.583,660.186],[390.77,684.569],[392.041,687.897],[391.793,692.262],[384.009,705.808],[380.708,707.768],[375.828,706.76],[371.663,704.279],[374.557,699.229],[380.447,689.718],[372.278,684.703],[374.27,681.478]]],"type":"Polygon"},"id":"osm_way_225255214","properties":{"area_m2":546.595326,"asset_id":"osm_way_225255214","center":[375.602709,685.56632],"context_layer":"greens","geometry_role":"mapped_vegetation_outline","geometry_status":"source_community_mapping_not_surveyed","id":"osm_way_225255214","map_feature_id":null,"measured":false,"name":"","osm_id":225255214,"osm_type":"way","osm_version":2,"source_timestamp":"2013-06-13T03:45:29Z","source_url":"https://www.openstreetmap.org/way/225255214","space_id":null,"tags":{"landuse":"grass"},"vegetation":"grass"},"type":"Feature"},{"geometry":{"coordinates":[[[368.402,716.664],[365.555,714.894],[369.58,707.779],[375.495,711.102],[377.685,713.747],[377.855,717.953],[366.866,737.088],[357.491,731.441],[353.272,728.815],[357.362,722.3],[362.757,725.657],[368.402,716.664]]],"type":"Polygon"},"id":"osm_way_225255215","properties":{"area_m2":310.965977,"asset_id":"osm_way_225255215","center":[367.436645,723.191474],"context_layer":"greens","geometry_role":"mapped_vegetation_outline","geometry_status":"source_community_mapping_not_surveyed","id":"osm_way_225255215","map_feature_id":null,"measured":false,"name":"","osm_id":225255215,"osm_type":"way","osm_version":1,"source_timestamp":"2013-06-11T14:42:47Z","source_url":"https://www.openstreetmap.org/way/225255215","space_id":null,"tags":{"landuse":"grass"},"vegetation":"grass"},"type":"Feature"},{"geometry":{"coordinates":[[[350.538,733.901],[354.43,736.322],[363.485,742.44],[356.797,754.908],[353.265,757.118],[347.613,757.017],[341.627,753.427],[344.791,748.604],[346.928,749.929],[352.147,741.538],[347.516,738.727],[350.538,733.901]]],"type":"Polygon"},"id":"osm_way_225255216","properties":{"area_m2":253.959128,"asset_id":"osm_way_225255216","center":[353.121108,747.068715],"context_layer":"greens","geometry_role":"mapped_vegetation_outline","geometry_status":"source_community_mapping_not_surveyed","id":"osm_way_225255216","map_feature_id":null,"measured":false,"name":"","osm_id":225255216,"osm_type":"way","osm_version":1,"source_timestamp":"2013-06-11T14:42:47Z","source_url":"https://www.openstreetmap.org/way/225255216","space_id":null,"tags":{"landuse":"grass"},"vegetation":"grass"},"type":"Feature"},{"geometry":{"coordinates":[[[329.283,774.478],[335.069,764.933],[339.813,756.744],[348.067,761.705],[349.633,764.417],[349.707,767.635],[341.782,782.222],[338.779,784.442],[335.398,785.579],[331.775,784.982],[287.174,758.874],[286.802,756.993],[292.97,747.765],[316.231,761.723],[314.043,765.322],[329.283,774.478]]],"type":"Polygon"},"id":"osm_way_225255217","properties":{"area_m2":862.883135,"asset_id":"osm_way_225255217","center":[320.843597,767.650185],"context_layer":"greens","geometry_role":"mapped_vegetation_outline","geometry_status":"source_community_mapping_not_surveyed","id":"osm_way_225255217","map_feature_id":null,"measured":false,"name":"","osm_id":225255217,"osm_type":"way","osm_version":1,"source_timestamp":"2013-06-11T14:42:47Z","source_url":"https://www.openstreetmap.org/way/225255217","space_id":null,"tags":{"landuse":"grass"},"vegetation":"grass"},"type":"Feature"},{"geometry":{"coordinates":[[[267.188,732.276],[287.545,744.496],[281.984,753.557],[279.847,754.273],[235.409,728.036],[232.557,724.458],[232.647,719.413],[251.321,687.506],[254.48,687.663],[259.188,690.409],[242.191,718.275],[250.992,723.812],[249.451,726.601],[264.98,735.929],[267.188,732.276]]],"type":"Polygon"},"id":"osm_way_225255218","properties":{"area_m2":900.999055,"asset_id":"osm_way_225255218","center":[255.887823,726.004273],"context_layer":"greens","geometry_role":"mapped_vegetation_outline","geometry_status":"source_community_mapping_not_surveyed","id":"osm_way_225255218","map_feature_id":null,"measured":false,"name":"","osm_id":225255218,"osm_type":"way","osm_version":1,"source_timestamp":"2013-06-11T14:42:47Z","source_url":"https://www.openstreetmap.org/way/225255218","space_id":null,"tags":{"landuse":"grass"},"vegetation":"grass"},"type":"Feature"},{"geometry":{"coordinates":[[[260.432,688.379],[254.907,684.92],[254.306,683.146],[257.316,677.909],[259.72,678.074],[264.876,681.084],[260.432,688.379]]],"type":"Polygon"},"id":"osm_way_225255219","properties":{"area_m2":65.600441,"asset_id":"osm_way_225255219","center":[259.323932,682.718759],"context_layer":"greens","geometry_role":"mapped_vegetation_outline","geometry_status":"source_community_mapping_not_surveyed","id":"osm_way_225255219","map_feature_id":null,"measured":false,"name":"","osm_id":225255219,"osm_type":"way","osm_version":1,"source_timestamp":"2013-06-11T14:42:47Z","source_url":"https://www.openstreetmap.org/way/225255219","space_id":null,"tags":{"landuse":"grass"},"vegetation":"grass"},"type":"Feature"},{"geometry":{"coordinates":[[[125.111,-1.39],[125.623,0.648],[125.039,2.667],[123.512,4.126],[121.464,4.633],[119.436,4.053],[117.971,2.541],[117.46,0.502],[118.044,-1.517],[119.561,-2.976],[121.609,-3.483],[123.638,-2.903],[125.111,-1.39]]],"type":"Polygon"},"id":"osm_way_225269029","properties":{"area_m2":49.687527,"asset_id":"osm_way_225269029","center":[121.540377,0.575095],"context_layer":"greens","geometry_role":"mapped_vegetation_outline","geometry_status":"source_community_mapping_not_surveyed","id":"osm_way_225269029","map_feature_id":null,"measured":false,"name":"","osm_id":225269029,"osm_type":"way","osm_version":1,"source_timestamp":"2013-06-11T15:54:03Z","source_url":"https://www.openstreetmap.org/way/225269029","space_id":null,"tags":{"landuse":"grass"},"vegetation":"grass"},"type":"Feature"},{"geometry":{"coordinates":[[[336.588,571.005],[331.982,568.349],[324.747,563.906],[338.719,539.479],[340.716,538.128],[343.372,537.377],[346.234,538.338],[348.367,539.929],[343.55,548.527],[335.624,562.126],[340.211,564.781],[336.588,571.005]]],"type":"Polygon"},"id":"osm_way_225763938","properties":{"area_m2":314.015214,"asset_id":"osm_way_225763938","center":[336.432126,553.976269],"context_layer":"greens","geometry_role":"mapped_vegetation_outline","geometry_status":"source_community_mapping_not_surveyed","id":"osm_way_225763938","map_feature_id":null,"measured":false,"name":"","osm_id":225763938,"osm_type":"way","osm_version":1,"source_timestamp":"2013-06-15T06:05:46Z","source_url":"https://www.openstreetmap.org/way/225763938","space_id":null,"tags":{"landuse":"grass"},"vegetation":"grass"},"type":"Feature"},{"geometry":{"coordinates":[[[-113.293,-566.419],[-113.128,-574.069],[-110.724,-573.926],[-110.802,-571.121],[-104.662,-570.868],[-103.848,-571.485],[-104.979,-573.169],[-102.8,-573.097],[-101.938,-572.205],[-101.536,-571.466],[-101.514,-569.536],[-102.171,-568.649],[-103.958,-568.526],[-110.957,-568.806],[-110.898,-566.276],[-113.293,-566.419]]],"type":"Polygon"},"id":"osm_way_544009962","properties":{"area_m2":44.80603,"asset_id":"osm_way_544009962","center":[-108.218234,-570.225672],"context_layer":"greens","geometry_role":"mapped_vegetation_outline","geometry_status":"source_community_mapping_not_surveyed","id":"osm_way_544009962","map_feature_id":null,"measured":false,"name":"","osm_id":544009962,"osm_type":"way","osm_version":1,"source_timestamp":"2017-12-02T02:04:40Z","source_url":"https://www.openstreetmap.org/way/544009962","space_id":null,"tags":{"natural":"scrub"},"vegetation":"scrub"},"type":"Feature"},{"geometry":{"coordinates":[[[-38.723,187.784],[-37.836,188.354],[-36.479,189.532],[-35.089,197.287],[-34.675,198.448],[-33.717,199.241],[-12.978,212.865],[-12.324,213.742],[-12.01,214.702],[-10.114,226.347],[-10.096,226.924],[-10.266,227.487],[-10.488,227.76],[-10.841,227.943],[-11.302,227.901],[-11.743,227.716],[-45.8,209.861],[-48.73,206.925],[-50.548,203.51],[-51.826,198.996],[-51.065,194.429],[-49.474,191.485],[-47.055,189.243],[-43.108,187.539],[-39.868,187.42],[-38.723,187.784]]],"type":"Polygon"},"id":"osm_way_1173057057","properties":{"area_m2":717.526753,"asset_id":"osm_way_1173057057","center":[-32.523604,207.297806],"context_layer":"waters","geometry_role":"mapped_water_outline","geometry_status":"source_community_mapping_not_surveyed","id":"osm_way_1173057057","map_feature_id":null,"measured":false,"name":"","osm_id":1173057057,"osm_type":"way","osm_version":2,"source_timestamp":"2023-05-16T05:28:12Z","source_url":"https://www.openstreetmap.org/way/1173057057","space_id":null,"tags":{"natural":"water","water":"pond"}},"type":"Feature"},{"geometry":{"coordinates":[[[210.335,-660.963],[211.584,-665.843],[218.131,-663.496],[226.092,-686.389],[214.575,-690.078],[203.481,-693.093],[204.952,-698.812],[201.476,-702.9],[193.561,-704.783],[187.139,-706.75],[185.175,-709.358],[186.097,-745.076],[189.806,-740.784],[196.485,-735.241],[204.27,-730.355],[213.007,-724.864],[220.919,-722.272],[234.151,-717.943],[244.732,-714.725],[254.24,-714.311],[263.955,-713.883],[273.545,-711.692],[281.787,-709.116],[289.648,-706.358],[299.201,-702.66],[314.752,-695.994],[322.489,-692.672],[329.862,-689.513],[332.811,-684.425],[336.223,-677.31],[337.07,-668.222],[331.377,-661.271],[327.73,-655.291],[328.113,-648.73],[322.491,-645.803],[311.365,-646.512],[305.296,-647.12],[300.966,-642.528],[284.978,-654.271],[277.834,-659.123],[264.681,-639.429],[279.562,-629.635],[281.152,-623.496],[289.056,-615.768],[289.455,-610.615],[291.903,-606.035],[294.142,-600.882],[294.252,-595.413],[294.635,-588.851],[293.608,-583.701],[291.407,-578.328],[288.77,-572.331],[283.923,-565.763],[276.445,-562.47],[269.313,-560.08],[260.688,-559.225],[252.037,-556.862],[243.377,-553.99],[234.717,-551.117],[226.566,-548.246],[217.888,-544.364],[211.739,-540.448],[204.052,-535.539],[196.42,-533.158],[187.295,-532.822],[178.725,-534.994],[170.692,-538.665],[167.207,-542.254],[164.24,-546.333],[162.829,-552.402],[161.945,-559.483],[163.422,-616.74],[167.322,-617.868],[169.123,-617.747],[175.213,-613.069],[180.115,-611.118],[185.497,-609.613],[191.382,-609.32],[197.338,-611.387],[202.336,-614.846],[205.854,-618.909],[206.825,-619.879],[208.126,-620.288],[219.234,-620.189],[220.35,-620.258],[221.18,-620.754],[226.671,-635.927],[226.206,-639.995],[224.609,-644.626],[221.166,-648.47],[217.857,-650.824],[213.598,-652.354],[210.768,-657.173],[210.335,-660.963]]],"type":"Polygon"},"id":"osm_way_223859823","properties":{"area_m2":18217.989032,"asset_id":"osm_way_223859823","center":[241.481703,-630.244524],"context_layer":"waters","geometry_role":"mapped_water_outline","geometry_status":"source_community_mapping_not_surveyed","id":"osm_way_223859823","map_feature_id":null,"measured":false,"name":"中博湖","osm_id":223859823,"osm_type":"way","osm_version":12,"source_timestamp":"2020-08-20T04:31:26Z","source_url":"https://www.openstreetmap.org/way/223859823","space_id":null,"tags":{"name":"中博湖","name:zh":"中博湖","natural":"water","water":"pond"}},"type":"Feature"},{"geometry":{"coordinates":[[[-11.518,-642.392],[-13.215,-640.925],[-18.25,-642.279],[-22.272,-643.859],[-25.538,-645.426],[-28.031,-647.489],[-29.242,-650.538],[-28.901,-655.312],[-28.074,-659.335],[-27.256,-662.847],[-27.716,-665.118],[-30.227,-666.172],[-33.243,-667.49],[-35.491,-669.549],[-35.696,-671.815],[-33.404,-672.783],[-29.092,-673.205],[-25.821,-671.894],[-24.615,-668.589],[-22.403,-665.023],[-20.183,-661.966],[-18.718,-658.913],[-17.507,-655.364],[-17.078,-651.33],[-15.868,-648.281],[-14.125,-646.487],[-12.128,-644.687],[-11.518,-642.392]]],"type":"Polygon"},"id":"osm_way_223859836","properties":{"area_m2":309.004063,"asset_id":"osm_way_223859836","center":[-23.609642,-656.235606],"context_layer":"waters","geometry_role":"mapped_water_outline","geometry_status":"source_community_mapping_not_surveyed","id":"osm_way_223859836","map_feature_id":null,"measured":false,"name":"","osm_id":223859836,"osm_type":"way","osm_version":1,"source_timestamp":"2013-05-31T13:35:08Z","source_url":"https://www.openstreetmap.org/way/223859836","space_id":null,"tags":{"natural":"water"}},"type":"Feature"},{"geometry":{"coordinates":[[[143.346,-712.945],[127.453,-713.118],[127.563,-720.869],[127.606,-723.796],[127.76,-734.551],[143.624,-734.312],[143.47,-723.59],[143.427,-720.663],[143.346,-712.945]]],"type":"Polygon"},"id":"osm_way_224938954","properties":{"area_m2":339.66297,"asset_id":"osm_way_224938954","center":[135.536764,-723.729025],"context_layer":"waters","geometry_role":"mapped_water_outline","geometry_status":"source_community_mapping_not_surveyed","id":"osm_way_224938954","map_feature_id":null,"measured":false,"name":"","osm_id":224938954,"osm_type":"way","osm_version":4,"source_timestamp":"2021-04-20T15:18:10Z","source_url":"https://www.openstreetmap.org/way/224938954","space_id":null,"tags":{"natural":"water","water":"basin"}},"type":"Feature"},{"geometry":{"coordinates":[[[132.596,834.686],[23.942,770.813],[56.2,717.089],[165.687,780.811],[132.596,834.686]]],"type":"Polygon"},"id":"osm_way_223859795","properties":{"area_m2":7952.489778,"asset_id":"osm_way_223859795","center":[94.699468,775.873805],"context_layer":"sports","geometry_role":"mapped_sports_outline","geometry_status":"source_community_mapping_not_surveyed","id":"osm_way_223859795","map_feature_id":null,"measured":false,"name":"北区篮球场","osm_id":223859795,"osm_type":"way","osm_version":4,"source_timestamp":"2018-11-11T07:47:12Z","source_url":"https://www.openstreetmap.org/way/223859795","space_id":null,"sport":"basketball","tags":{"leisure":"pitch","name":"北区篮球场","name:zh":"北区篮球场","sport":"basketball"}},"type":"Feature"},{"geometry":{"coordinates":[[[114.607,864.72],[5.463,801.858],[23.942,770.813],[132.596,834.686],[114.607,864.72]]],"type":"Polygon"},"id":"osm_way_223859800","properties":{"area_m2":4481.164006,"asset_id":"osm_way_223859800","center":[68.867336,817.850951],"context_layer":"sports","geometry_role":"mapped_sports_outline","geometry_status":"source_community_mapping_not_surveyed","id":"osm_way_223859800","map_feature_id":null,"measured":false,"name":"北区网球场","osm_id":223859800,"osm_type":"way","osm_version":4,"source_timestamp":"2018-11-11T07:47:12Z","source_url":"https://www.openstreetmap.org/way/223859800","space_id":null,"sport":"tennis","tags":{"leisure":"pitch","name":"北区网球场","name:zh":"北区网球场","sport":"tennis"}},"type":"Feature"},{"geometry":{"coordinates":[[[488.955,257.059],[420.89,255.552],[422.403,98.323],[457.558,98.642],[457.3,161.489],[474.521,161.808],[473.384,222.632],[489.066,222.924],[488.955,257.059]]],"type":"Polygon"},"id":"osm_way_223859818","properties":{"area_m2":7716.971814,"asset_id":"osm_way_223859818","center":[447.649015,188.212087],"context_layer":"sports","geometry_role":"mapped_sports_outline","geometry_status":"source_community_mapping_not_surveyed","id":"osm_way_223859818","map_feature_id":null,"measured":false,"name":"南区篮球场","osm_id":223859818,"osm_type":"way","osm_version":6,"source_timestamp":"2018-11-11T07:47:12Z","source_url":"https://www.openstreetmap.org/way/223859818","space_id":null,"sport":"basketball","tags":{"leisure":"pitch","name":"南区篮球场","name:zh":"南区篮球场","sport":"basketball"}},"type":"Feature"},{"geometry":{"coordinates":[[[396.767,375.554],[354.91,351.625],[364.826,334.435],[386.96,347.086],[406.693,358.364],[396.767,375.554]]],"type":"Polygon"},"id":"osm_way_223859819","properties":{"area_m2":956.999924,"asset_id":"osm_way_223859819","center":[380.799979,354.994807],"context_layer":"sports","geometry_role":"mapped_sports_outline","geometry_status":"source_community_mapping_not_surveyed","id":"osm_way_223859819","map_feature_id":null,"measured":false,"name":"手球场","osm_id":223859819,"osm_type":"way","osm_version":4,"source_timestamp":"2026-08-04T08:40:04Z","source_url":"https://www.openstreetmap.org/way/223859819","space_id":null,"sport":"handball","tags":{"leisure":"pitch","name":"手球场","name:zh":"手球场","sport":"handball"}},"type":"Feature"},{"geometry":{"coordinates":[[[495.486,280.8],[420.355,279.609],[420.89,255.552],[488.955,257.059],[495.853,257.172],[495.486,280.8]]],"type":"Polygon"},"id":"osm_way_223859821","properties":{"area_m2":1788.590007,"asset_id":"osm_way_223859821","center":[458.024646,268.294196],"context_layer":"sports","geometry_role":"mapped_sports_outline","geometry_status":"source_community_mapping_not_surveyed","id":"osm_way_223859821","map_feature_id":null,"measured":false,"name":"南区排球场","osm_id":223859821,"osm_type":"way","osm_version":4,"source_timestamp":"2018-11-11T07:47:13Z","source_url":"https://www.openstreetmap.org/way/223859821","space_id":null,"sport":"volleyball","tags":{"leisure":"pitch","name":"南区排球场","name:zh":"南区排球场","sport":"volleyball"}},"type":"Feature"},{"geometry":{"coordinates":[[[419.563,315.396],[420.355,279.609],[495.486,280.8],[494.924,316.879],[419.563,315.396]]],"type":"Polygon"},"id":"osm_way_223859822","properties":{"area_m2":2704.719667,"asset_id":"osm_way_223859822","center":[457.632049,298.181261],"context_layer":"sports","geometry_role":"mapped_sports_outline","geometry_status":"source_community_mapping_not_surveyed","id":"osm_way_223859822","map_feature_id":null,"measured":false,"name":"南区网球场","osm_id":223859822,"osm_type":"way","osm_version":4,"source_timestamp":"2018-11-11T07:47:13Z","source_url":"https://www.openstreetmap.org/way/223859822","space_id":null,"sport":"tennis","tags":{"leisure":"pitch","name":"南区网球场","name:zh":"南区网球场","sport":"tennis"}},"type":"Feature"},{"geometry":{"coordinates":[[[181.337,755.461],[165.687,780.811],[81.686,732.24],[97.158,706.775],[177.002,752.954],[179.235,754.247],[181.337,755.461]]],"type":"Polygon"},"id":"osm_way_223859834","properties":{"area_m2":2893.212723,"asset_id":"osm_way_223859834","center":[131.467254,743.815713],"context_layer":"sports","geometry_role":"mapped_sports_outline","geometry_status":"source_community_mapping_not_surveyed","id":"osm_way_223859834","map_feature_id":null,"measured":false,"name":"排球场和轮滑场","osm_id":223859834,"osm_type":"way","osm_version":5,"source_timestamp":"2026-05-21T00:37:45Z","source_url":"https://www.openstreetmap.org/way/223859834","space_id":null,"sport":"volleyball","tags":{"leisure":"pitch","name":"排球场和轮滑场","name:zh":"排球场和轮滑场","sport":"volleyball","wheelchair":"limited"}},"type":"Feature"},{"geometry":{"coordinates":[[[404.749,244.494],[334.774,243.174],[336.815,134.954],[406.801,136.273],[404.749,244.494]]],"type":"Polygon"},"id":"osm_way_223859839","properties":{"area_m2":7576.025057,"asset_id":"osm_way_223859839","center":[370.784842,189.722337],"context_layer":"sports","geometry_role":"mapped_sports_outline","geometry_status":"source_community_mapping_not_surveyed","id":"osm_way_223859839","map_feature_id":null,"measured":false,"name":"南区足球场","osm_id":223859839,"osm_type":"way","osm_version":3,"source_timestamp":"2018-11-11T07:47:14Z","source_url":"https://www.openstreetmap.org/way/223859839","space_id":null,"sport":"soccer","tags":{"leisure":"pitch","name":"南区足球场","name:zh":"南区足球场","sport":"soccer"}},"type":"Feature"},{"geometry":{"coordinates":[[[353.826,327.838],[344.026,344.809],[302.384,321.006],[312.183,304.035],[319.928,308.466],[353.826,327.838]]],"type":"Polygon"},"id":"osm_way_223859847","properties":{"area_m2":939.889417,"asset_id":"osm_way_223859847","center":[328.104805,324.422993],"context_layer":"sports","geometry_role":"mapped_sports_outline","geometry_status":"source_community_mapping_not_surveyed","id":"osm_way_223859847","map_feature_id":null,"measured":false,"name":"手球场","osm_id":223859847,"osm_type":"way","osm_version":4,"source_timestamp":"2018-11-11T07:47:14Z","source_url":"https://www.openstreetmap.org/way/223859847","space_id":null,"sport":"handball","tags":{"leisure":"pitch","name":"手球场","name:zh":"手球场","sport":"handball"}},"type":"Feature"},{"geometry":{"coordinates":[[[-75.487,729.852],[-134.495,694.96],[-78.55,601.234],[-19.541,636.126],[-75.487,729.852]]],"type":"Polygon"},"id":"osm_way_225104362","properties":{"area_m2":7482.681057,"asset_id":"osm_way_225104362","center":[-77.018169,665.542916],"context_layer":"sports","geometry_role":"mapped_sports_outline","geometry_status":"source_community_mapping_not_surveyed","id":"osm_way_225104362","map_feature_id":null,"measured":false,"name":"北区足球场","osm_id":225104362,"osm_type":"way","osm_version":3,"source_timestamp":"2018-11-11T07:47:16Z","source_url":"https://www.openstreetmap.org/way/225104362","space_id":null,"sport":"soccer","tags":{"leisure":"pitch","name":"北区足球场","name:zh":"北区足球场","sport":"soccer"}},"type":"Feature"},{"geometry":{"coordinates":[[[-180.299,-139.968],[-183.488,-140.048],[-182.619,-159.086],[-179.249,-185.566],[-172.047,-235.268],[-161.846,-235.086],[-160.922,-274.707],[-161.949,-348.29],[-162.909,-413.477],[-163.319,-434.944],[-164.008,-471.467],[-164.462,-517.391],[-166.572,-674.229],[-166.3,-695.263],[-114.148,-694.099],[-111.568,-691.103],[-108.833,-684.034],[-105.162,-679.798],[-98.855,-675.083],[-95.4,-674.012],[-97.513,-589.505],[-130.335,-590.535],[-132.076,-541.157],[-134.617,-541.025],[-134.553,-554.71],[-144.691,-554.713],[-145.073,-533.282],[-134.759,-533.098],[-134.669,-538.142],[-131.948,-538.271],[-131.808,-532.868],[-99.639,-532.293],[-103.503,-229.22],[-107.062,-202.743],[-118.914,-156.451],[-125.492,-133.766],[-127.294,-131.159],[-130.823,-131.222],[-180.456,-131.165],[-180.299,-139.968]]],"type":"Polygon"},"id":"osm_way_224940397","properties":{"area_m2":33797.608287,"asset_id":"osm_way_224940397","center":[-135.706359,-408.073579],"context_layer":"surfaces","geometry_role":"mapped_surface_outline","geometry_status":"source_community_mapping_not_surveyed","id":"osm_way_224940397","map_feature_id":null,"measured":false,"name":"","osm_id":224940397,"osm_type":"way","osm_version":9,"source_timestamp":"2025-10-21T03:39:44Z","source_url":"https://www.openstreetmap.org/way/224940397","space_id":null,"tags":{"amenity":"parking","capacity":"30","parking":"lane"}},"type":"Feature"},{"geometry":{"coordinates":[[[277.975,-316.694],[276.488,-312.739],[271.026,-312.915],[265.502,-313.867],[262.149,-316.9],[267.559,-359.17],[282.204,-358.896],[284.412,-358.835],[281.689,-343.856],[279.484,-328.745],[277.975,-316.694]]],"type":"Polygon"},"id":"osm_way_225001183","properties":{"area_m2":728.645266,"asset_id":"osm_way_225001183","center":[272.786932,-336.598906],"context_layer":"surfaces","geometry_role":"mapped_surface_outline","geometry_status":"source_community_mapping_not_surveyed","id":"osm_way_225001183","map_feature_id":null,"measured":false,"name":"","osm_id":225001183,"osm_type":"way","osm_version":6,"source_timestamp":"2025-10-20T03:47:29Z","source_url":"https://www.openstreetmap.org/way/225001183","space_id":null,"tags":{"amenity":"parking","capacity":"10","parking":"street_side"}},"type":"Feature"},{"geometry":{"coordinates":[[[282.599,-368.328],[268.854,-368.806],[275.614,-397.876],[282.987,-424.307],[285.313,-428.712],[289.806,-429.752],[303.683,-429.304],[295.11,-402.263],[286.751,-368.253],[282.599,-368.328]]],"type":"Polygon"},"id":"osm_way_225001184","properties":{"area_m2":1123.54418,"asset_id":"osm_way_225001184","center":[285.598205,-399.212335],"context_layer":"surfaces","geometry_role":"mapped_surface_outline","geometry_status":"source_community_mapping_not_surveyed","id":"osm_way_225001184","map_feature_id":null,"measured":false,"name":"","osm_id":225001184,"osm_type":"way","osm_version":6,"source_timestamp":"2025-10-20T03:47:29Z","source_url":"https://www.openstreetmap.org/way/225001184","space_id":null,"tags":{"amenity":"parking","capacity":"10","parking":"lane"}},"type":"Feature"},{"geometry":{"coordinates":[[[275.165,-239.863],[265.687,-240.321],[257.14,-240.596],[259.402,-300.024],[261.687,-303.754],[266.287,-304.97],[276.389,-304.035],[276.247,-296.607],[275.165,-239.863]]],"type":"Polygon"},"id":"osm_way_225002055","properties":{"area_m2":1113.740413,"asset_id":"osm_way_225002055","center":[267.105105,-271.83551],"context_layer":"surfaces","geometry_role":"mapped_surface_outline","geometry_status":"source_community_mapping_not_surveyed","id":"osm_way_225002055","map_feature_id":null,"measured":false,"name":"","osm_id":225002055,"osm_type":"way","osm_version":4,"source_timestamp":"2025-10-20T03:47:29Z","source_url":"https://www.openstreetmap.org/way/225002055","space_id":null,"tags":{"amenity":"parking","capacity":"10","parking":"street_side"}},"type":"Feature"},{"geometry":{"coordinates":[[[274.045,-176.2],[270.755,-174.829],[258.466,-174.915],[256.536,-176.769],[256.829,-232.716],[265.62,-232.359],[275.213,-231.966],[274.316,-187.109],[274.045,-176.2]]],"type":"Polygon"},"id":"osm_way_225002059","properties":{"area_m2":1028.358297,"asset_id":"osm_way_225002059","center":[265.642222,-203.951988],"context_layer":"surfaces","geometry_role":"mapped_surface_outline","geometry_status":"source_community_mapping_not_surveyed","id":"osm_way_225002059","map_feature_id":null,"measured":false,"name":"","osm_id":225002059,"osm_type":"way","osm_version":4,"source_timestamp":"2025-10-20T03:47:29Z","source_url":"https://www.openstreetmap.org/way/225002059","space_id":null,"tags":{"amenity":"parking","capacity":"10","parking":"street_side"}},"type":"Feature"},{"geometry":{"coordinates":[[-199.109,332.194],[-282.999,471.726],[-286.248,477.136]],"type":"LineString"},"id":"osm_way_1173057037_s0","properties":{"asset_id":"osm_way_1173057037_s0","confidence":"mapped alignment; inferred width","context_layer":"roads","geometry_role":"mapped_path_alignment","geometry_status":"source_community_mapping_not_surveyed","id":"osm_way_1173057037_s0","length_m":169.119452,"map_feature_id":null,"measured":false,"name":"","osm_id":1173057037,"osm_type":"way","osm_version":1,"source_timestamp":"2023-05-15T13:14:14Z","source_url":"https://www.openstreetmap.org/way/1173057037","space_id":null,"tags":{"highway":"service"},"width":5.5,"width_source":"assumed highway class"},"type":"Feature"},{"geometry":{"coordinates":[[-450.582,381.742],[-443.891,369.107],[-429.728,342.364],[-422.373,328.488],[-410.642,306.327],[-405.334,304.004],[-256.233,392.528]],"type":"LineString"},"id":"osm_way_1173057038_s0","properties":{"asset_id":"osm_way_1173057038_s0","confidence":"mapped alignment; inferred width","context_layer":"roads","geometry_role":"mapped_path_alignment","geometry_status":"source_community_mapping_not_surveyed","id":"osm_way_1173057038_s0","length_m":264.532504,"map_feature_id":null,"measured":false,"name":"","osm_id":1173057038,"osm_type":"way","osm_version":1,"source_timestamp":"2023-05-15T13:14:14Z","source_url":"https://www.openstreetmap.org/way/1173057038","space_id":null,"tags":{"highway":"service"},"width":5.5,"width_source":"assumed highway class"},"type":"Feature"},{"geometry":{"coordinates":[[-429.728,342.364],[-407.757,355.2],[-374.698,374.522],[-365.357,379.989],[-322.06,405.283],[-289.001,424.605],[-281.258,410.68],[-302.576,398.267],[-313.702,391.78],[-332.198,381.013],[-366.613,360.969],[-378.664,353.944],[-412.35,334.323],[-422.373,328.488]],"type":"LineString"},"id":"osm_way_1173057039_s0","properties":{"asset_id":"osm_way_1173057039_s0","confidence":"mapped alignment; inferred width","context_layer":"roads","geometry_role":"mapped_path_alignment","geometry_status":"source_community_mapping_not_surveyed","id":"osm_way_1173057039_s0","length_m":342.235266,"map_feature_id":null,"measured":false,"name":"","osm_id":1173057039,"osm_type":"way","osm_version":2,"source_timestamp":"2026-08-04T08:40:04Z","source_url":"https://www.openstreetmap.org/way/1173057039","space_id":null,"tags":{"highway":"service"},"width":5.5,"width_source":"assumed highway class"},"type":"Feature"},{"geometry":{"coordinates":[[-407.757,355.2],[-412.35,334.323]],"type":"LineString"},"id":"osm_way_1173057040_s0","properties":{"asset_id":"osm_way_1173057040_s0","confidence":"mapped alignment; inferred width","context_layer":"roads","geometry_role":"mapped_path_alignment","geometry_status":"source_community_mapping_not_surveyed","id":"osm_way_1173057040_s0","length_m":21.376267,"map_feature_id":null,"measured":false,"name":"","osm_id":1173057040,"osm_type":"way","osm_version":1,"source_timestamp":"2023-05-15T13:14:14Z","source_url":"https://www.openstreetmap.org/way/1173057040","space_id":null,"tags":{"highway":"path"},"width":1.5,"width_source":"assumed highway class"},"type":"Feature"},{"geometry":{"coordinates":[[-378.664,353.944],[-371.166,368.607],[-365.357,379.989]],"type":"LineString"},"id":"osm_way_1173057041_s0","properties":{"asset_id":"osm_way_1173057041_s0","confidence":"mapped alignment; inferred width","context_layer":"roads","geometry_role":"mapped_path_alignment","geometry_status":"source_community_mapping_not_surveyed","id":"osm_way_1173057041_s0","length_m":29.247537,"map_feature_id":null,"measured":false,"name":"","osm_id":1173057041,"osm_type":"way","osm_version":2,"source_timestamp":"2026-08-04T08:40:04Z","source_url":"https://www.openstreetmap.org/way/1173057041","space_id":null,"tags":{"highway":"path"},"width":1.5,"width_source":"assumed highway class"},"type":"Feature"},{"geometry":{"coordinates":[[-332.198,381.013],[-322.06,405.283]],"type":"LineString"},"id":"osm_way_1173057042_s0","properties":{"asset_id":"osm_way_1173057042_s0","confidence":"mapped alignment; inferred width","context_layer":"roads","geometry_role":"mapped_path_alignment","geometry_status":"source_community_mapping_not_surveyed","id":"osm_way_1173057042_s0","length_m":26.302318,"map_feature_id":null,"measured":false,"name":"","osm_id":1173057042,"osm_type":"way","osm_version":1,"source_timestamp":"2023-05-15T13:14:14Z","source_url":"https://www.openstreetmap.org/way/1173057042","space_id":null,"tags":{"highway":"path"},"width":1.5,"width_source":"assumed highway class"},"type":"Feature"},{"geometry":{"coordinates":[[-322.06,405.283],[-302.576,398.267]],"type":"LineString"},"id":"osm_way_1173057043_s0","properties":{"asset_id":"osm_way_1173057043_s0","confidence":"mapped alignment; inferred width","context_layer":"roads","geometry_role":"mapped_path_alignment","geometry_status":"source_community_mapping_not_surveyed","id":"osm_way_1173057043_s0","length_m":20.708706,"map_feature_id":null,"measured":false,"name":"","osm_id":1173057043,"osm_type":"way","osm_version":1,"source_timestamp":"2023-05-15T13:14:14Z","source_url":"https://www.openstreetmap.org/way/1173057043","space_id":null,"tags":{"highway":"path"},"width":1.5,"width_source":"assumed highway class"},"type":"Feature"},{"geometry":{"coordinates":[[-443.891,369.107],[-389.97,400.989],[-337.357,432.094],[-290.142,460.009]],"type":"LineString"},"id":"osm_way_1173057044_s0","properties":{"asset_id":"osm_way_1173057044_s0","confidence":"mapped alignment; inferred width","context_layer":"roads","geometry_role":"mapped_path_alignment","geometry_status":"source_community_mapping_not_surveyed","id":"osm_way_1173057044_s0","length_m":178.61111,"map_feature_id":null,"measured":false,"name":"","osm_id":1173057044,"osm_type":"way","osm_version":1,"source_timestamp":"2023-05-15T13:14:14Z","source_url":"https://www.openstreetmap.org/way/1173057044","space_id":null,"tags":{"highway":"service"},"width":5.5,"width_source":"assumed highway class"},"type":"Feature"},{"geometry":{"coordinates":[[-389.97,400.989],[-374.698,374.522]],"type":"LineString"},"id":"osm_way_1173057045_s0","properties":{"asset_id":"osm_way_1173057045_s0","confidence":"mapped alignment; inferred width","context_layer":"roads","geometry_role":"mapped_path_alignment","geometry_status":"source_community_mapping_not_surveyed","id":"osm_way_1173057045_s0","length_m":30.557095,"map_feature_id":null,"measured":false,"name":"","osm_id":1173057045,"osm_type":"way","osm_version":1,"source_timestamp":"2023-05-15T13:14:14Z","source_url":"https://www.openstreetmap.org/way/1173057045","space_id":null,"tags":{"highway":"service"},"width":5.5,"width_source":"assumed highway class"},"type":"Feature"},{"geometry":{"coordinates":[[-337.357,432.094],[-322.06,405.283]],"type":"LineString"},"id":"osm_way_1173057046_s0","properties":{"asset_id":"osm_way_1173057046_s0","confidence":"mapped alignment; inferred width","context_layer":"roads","geometry_role":"mapped_path_alignment","geometry_status":"source_community_mapping_not_surveyed","id":"osm_way_1173057046_s0","length_m":30.867911,"map_feature_id":null,"measured":false,"name":"","osm_id":1173057046,"osm_type":"way","osm_version":1,"source_timestamp":"2023-05-15T13:14:14Z","source_url":"https://www.openstreetmap.org/way/1173057046","space_id":null,"tags":{"highway":"service"},"width":5.5,"width_source":"assumed highway class"},"type":"Feature"},{"geometry":{"coordinates":[[-322.06,405.283],[-313.702,391.78],[-301.728,372.429]],"type":"LineString"},"id":"osm_way_1173057047_s0","properties":{"asset_id":"osm_way_1173057047_s0","confidence":"mapped alignment; inferred width","context_layer":"roads","geometry_role":"mapped_path_alignment","geometry_status":"source_community_mapping_not_surveyed","id":"osm_way_1173057047_s0","length_m":38.636454,"map_feature_id":null,"measured":false,"name":"","osm_id":1173057047,"osm_type":"way","osm_version":2,"source_timestamp":"2026-08-04T08:40:04Z","source_url":"https://www.openstreetmap.org/way/1173057047","space_id":null,"tags":{"highway":"service"},"width":5.5,"width_source":"assumed highway class"},"type":"Feature"},{"geometry":{"coordinates":[[-374.698,374.522],[-371.166,368.607],[-366.613,360.969],[-354.432,340.557]],"type":"LineString"},"id":"osm_way_1173057048_s0","properties":{"asset_id":"osm_way_1173057048_s0","confidence":"mapped alignment; inferred width","context_layer":"roads","geometry_role":"mapped_path_alignment","geometry_status":"source_community_mapping_not_surveyed","id":"osm_way_1173057048_s0","length_m":39.551638,"map_feature_id":null,"measured":false,"name":"","osm_id":1173057048,"osm_type":"way","osm_version":2,"source_timestamp":"2026-08-04T08:40:04Z","source_url":"https://www.openstreetmap.org/way/1173057048","space_id":null,"tags":{"highway":"service"},"width":5.5,"width_source":"assumed highway class"},"type":"Feature"},{"geometry":{"coordinates":[[-282.999,471.726],[-160.602,543.261],[-127.763,562.18]],"type":"LineString"},"id":"osm_way_1173057049_s0","properties":{"asset_id":"osm_way_1173057049_s0","confidence":"mapped alignment; inferred width","context_layer":"roads","geometry_role":"mapped_path_alignment","geometry_status":"source_community_mapping_not_surveyed","id":"osm_way_1173057049_s0","length_m":179.667334,"map_feature_id":null,"measured":false,"name":"","osm_id":1173057049,"osm_type":"way","osm_version":2,"source_timestamp":"2026-04-25T08:16:15Z","source_url":"https://www.openstreetmap.org/way/1173057049","space_id":null,"tags":{"highway":"service"},"width":5.5,"width_source":"assumed highway class"},"type":"Feature"},{"geometry":{"coordinates":[[-127.763,562.18],[-96.849,580.001],[-92.139,571.523],[-121.478,555.372],[-127.763,562.18]],"type":"LineString"},"id":"osm_way_1173057049_s1","properties":{"asset_id":"osm_way_1173057049_s1","confidence":"mapped alignment; inferred width","context_layer":"roads","geometry_role":"mapped_path_alignment","geometry_status":"source_community_mapping_not_surveyed","id":"osm_way_1173057049_s1","length_m":88.137604,"map_feature_id":null,"measured":false,"name":"","osm_id":1173057049,"osm_type":"way","osm_version":2,"source_timestamp":"2026-04-25T08:16:15Z","source_url":"https://www.openstreetmap.org/way/1173057049","space_id":null,"tags":{"highway":"service"},"width":5.5,"width_source":"assumed highway class"},"type":"Feature"},{"geometry":{"coordinates":[[-176.681,-11.096],[-163.261,-3.016],[-117.717,24.437],[-50.893,25.232],[-46.072,29.599],[-42.719,32.631],[-43.402,70.848],[-44.389,126.129],[-44.533,134.19],[-62.231,164.306],[-71.674,180.386],[-85.78,204.378],[-94.122,218.569],[-124.017,269.441],[-162.06,334.186],[-177.82,360.999]],"type":"LineString"},"id":"osm_way_1173059695_s0","properties":{"asset_id":"osm_way_1173059695_s0","confidence":"mapped alignment; inferred width","context_layer":"roads","geometry_role":"mapped_path_alignment","geometry_status":"source_community_mapping_not_surveyed","id":"osm_way_1173059695_s0","length_m":511.345905,"map_feature_id":null,"measured":false,"name":"","osm_id":1173059695,"osm_type":"way","osm_version":1,"source_timestamp":"2023-05-15T13:29:03Z","source_url":"https://www.openstreetmap.org/way/1173059695","space_id":null,"tags":{"highway":"service"},"width":5.5,"width_source":"assumed highway class"},"type":"Feature"},{"geometry":{"coordinates":[[-163.261,-3.016],[-190.953,43.415],[-211.357,77.609],[-220.425,92.797],[-236.694,120.078],[-228.326,139.37],[-202.565,154.569],[-154.219,183.104],[-94.122,218.569]],"type":"LineString"},"id":"osm_way_1173059696_s0","properties":{"asset_id":"osm_way_1173059696_s0","confidence":"mapped alignment; inferred width","context_layer":"roads","geometry_role":"mapped_path_alignment","geometry_status":"source_community_mapping_not_surveyed","id":"osm_way_1173059696_s0","length_m":320.192989,"map_feature_id":null,"measured":false,"name":"","osm_id":1173059696,"osm_type":"way","osm_version":1,"source_timestamp":"2023-05-15T13:29:03Z","source_url":"https://www.openstreetmap.org/way/1173059696","space_id":null,"tags":{"highway":"service"},"width":5.5,"width_source":"assumed highway class"},"type":"Feature"},{"geometry":{"coordinates":[[-154.219,183.104],[-124.017,269.441]],"type":"LineString"},"id":"osm_way_1173059697_s0","properties":{"asset_id":"osm_way_1173059697_s0","confidence":"mapped alignment; inferred width","context_layer":"roads","geometry_role":"mapped_path_alignment","geometry_status":"source_community_mapping_not_surveyed","id":"osm_way_1173059697_s0","length_m":91.467144,"map_feature_id":null,"measured":false,"name":"","osm_id":1173059697,"osm_type":"way","osm_version":1,"source_timestamp":"2023-05-15T13:29:03Z","source_url":"https://www.openstreetmap.org/way/1173059697","space_id":null,"tags":{"highway":"service"},"width":5.5,"width_source":"assumed highway class"},"type":"Feature"},{"geometry":{"coordinates":[[-190.953,43.415],[-130.109,77.751],[-102.607,93.27],[-83.749,103.91],[-44.389,126.129]],"type":"LineString"},"id":"osm_way_1173059698_s0","properties":{"asset_id":"osm_way_1173059698_s0","confidence":"mapped alignment; inferred width","context_layer":"roads","geometry_role":"mapped_path_alignment","geometry_status":"source_community_mapping_not_surveyed","id":"osm_way_1173059698_s0","length_m":168.293232,"map_feature_id":null,"measured":false,"name":"","osm_id":1173059698,"osm_type":"way","osm_version":1,"source_timestamp":"2023-05-15T13:29:03Z","source_url":"https://www.openstreetmap.org/way/1173059698","space_id":null,"tags":{"highway":"service"},"width":5.5,"width_source":"assumed highway class"},"type":"Feature"},{"geometry":{"coordinates":[[-102.607,93.27],[-123.084,128.916],[-132.183,144.757],[-154.219,183.104]],"type":"LineString"},"id":"osm_way_1173059699_s0","properties":{"asset_id":"osm_way_1173059699_s0","confidence":"mapped alignment; inferred width","context_layer":"roads","geometry_role":"mapped_path_alignment","geometry_status":"source_community_mapping_not_surveyed","id":"osm_way_1173059699_s0","length_m":103.604759,"map_feature_id":null,"measured":false,"name":"","osm_id":1173059699,"osm_type":"way","osm_version":2,"source_timestamp":"2026-08-04T08:40:04Z","source_url":"https://www.openstreetmap.org/way/1173059699","space_id":null,"tags":{"highway":"service"},"width":5.5,"width_source":"assumed highway class"},"type":"Feature"},{"geometry":{"coordinates":[[-211.357,77.609],[-192.607,88.502],[-183.35,93.891],[-149.466,113.583],[-123.084,128.916],[-96.338,144.466],[-62.231,164.306]],"type":"LineString"},"id":"osm_way_1173059700_s0","properties":{"asset_id":"osm_way_1173059700_s0","confidence":"mapped alignment; inferred width","context_layer":"roads","geometry_role":"mapped_path_alignment","geometry_status":"source_community_mapping_not_surveyed","id":"osm_way_1173059700_s0","length_m":172.496189,"map_feature_id":null,"measured":false,"name":"","osm_id":1173059700,"osm_type":"way","osm_version":2,"source_timestamp":"2026-08-04T08:40:04Z","source_url":"https://www.openstreetmap.org/way/1173059700","space_id":null,"tags":{"highway":"path"},"width":1.5,"width_source":"assumed highway class"},"type":"Feature"},{"geometry":{"coordinates":[[-220.425,92.797],[-201.492,103.948],[-182.016,115.42],[-132.183,144.757],[-96.119,165.986],[-71.674,180.386]],"type":"LineString"},"id":"osm_way_1173059701_s0","properties":{"asset_id":"osm_way_1173059701_s0","confidence":"mapped alignment; inferred width","context_layer":"roads","geometry_role":"mapped_path_alignment","geometry_status":"source_community_mapping_not_surveyed","id":"osm_way_1173059701_s0","length_m":172.622981,"map_feature_id":null,"measured":false,"name":"","osm_id":1173059701,"osm_type":"way","osm_version":2,"source_timestamp":"2026-08-04T08:40:04Z","source_url":"https://www.openstreetmap.org/way/1173059701","space_id":null,"tags":{"highway":"path"},"width":1.5,"width_source":"assumed highway class"},"type":"Feature"},{"geometry":{"coordinates":[[-192.607,88.502],[-201.492,103.948]],"type":"LineString"},"id":"osm_way_1173059702_s0","properties":{"asset_id":"osm_way_1173059702_s0","confidence":"mapped alignment; inferred width","context_layer":"roads","geometry_role":"mapped_path_alignment","geometry_status":"source_community_mapping_not_surveyed","id":"osm_way_1173059702_s0","length_m":17.819151,"map_feature_id":null,"measured":false,"name":"","osm_id":1173059702,"osm_type":"way","osm_version":1,"source_timestamp":"2023-05-15T13:29:03Z","source_url":"https://www.openstreetmap.org/way/1173059702","space_id":null,"tags":{"highway":"path"},"width":1.5,"width_source":"assumed highway class"},"type":"Feature"},{"geometry":{"coordinates":[[-183.35,93.891],[-182.016,115.42],[-149.466,113.583]],"type":"LineString"},"id":"osm_way_1173059703_s0","properties":{"asset_id":"osm_way_1173059703_s0","confidence":"mapped alignment; inferred width","context_layer":"roads","geometry_role":"mapped_path_alignment","geometry_status":"source_community_mapping_not_surveyed","id":"osm_way_1173059703_s0","length_m":54.172085,"map_feature_id":null,"measured":false,"name":"","osm_id":1173059703,"osm_type":"way","osm_version":1,"source_timestamp":"2023-05-15T13:29:03Z","source_url":"https://www.openstreetmap.org/way/1173059703","space_id":null,"tags":{"highway":"path"},"width":1.5,"width_source":"assumed highway class"},"type":"Feature"},{"geometry":{"coordinates":[[-96.338,144.466],[-96.119,165.986]],"type":"LineString"},"id":"osm_way_1173059704_s0","properties":{"asset_id":"osm_way_1173059704_s0","confidence":"mapped alignment; inferred width","context_layer":"roads","geometry_role":"mapped_path_alignment","geometry_status":"source_community_mapping_not_surveyed","id":"osm_way_1173059704_s0","length_m":21.521114,"map_feature_id":null,"measured":false,"name":"","osm_id":1173059704,"osm_type":"way","osm_version":1,"source_timestamp":"2023-05-15T13:29:03Z","source_url":"https://www.openstreetmap.org/way/1173059704","space_id":null,"tags":{"highway":"path"},"width":1.5,"width_source":"assumed highway class"},"type":"Feature"},{"geometry":{"coordinates":[[-190.953,43.415],[-196.436,46.001],[-204.188,41.371],[-203.741,35.357],[-198.14,31.475],[-191.23,35.669],[-190.953,43.415]],"type":"LineString"},"id":"osm_way_1173059705_s0","properties":{"asset_id":"osm_way_1173059705_s0","confidence":"mapped alignment; inferred width","context_layer":"roads","geometry_role":"mapped_path_alignment","geometry_status":"source_community_mapping_not_surveyed","id":"osm_way_1173059705_s0","length_m":43.771142,"map_feature_id":null,"measured":false,"name":"","osm_id":1173059705,"osm_type":"way","osm_version":1,"source_timestamp":"2023-05-15T13:29:03Z","source_url":"https://www.openstreetmap.org/way/1173059705","space_id":null,"tags":{"highway":"service"},"width":5.5,"width_source":"assumed highway class"},"type":"Feature"},{"geometry":{"coordinates":[[-203.741,35.357],[-210.723,30.984]],"type":"LineString"},"id":"osm_way_1173059706_s0","properties":{"asset_id":"osm_way_1173059706_s0","confidence":"mapped alignment; inferred width","context_layer":"roads","geometry_role":"mapped_path_alignment","geometry_status":"source_community_mapping_not_surveyed","id":"osm_way_1173059706_s0","length_m":8.238413,"map_feature_id":null,"measured":false,"name":"","osm_id":1173059706,"osm_type":"way","osm_version":1,"source_timestamp":"2023-05-15T13:29:03Z","source_url":"https://www.openstreetmap.org/way/1173059706","space_id":null,"tags":{"highway":"service"},"width":5.5,"width_source":"assumed highway class"},"type":"Feature"},{"geometry":{"coordinates":[[-244.642,221.117],[-235.886,220.763],[-232.798,221.229],[-226.877,222.122],[-225.181,222.817],[-218.388,225.623],[-212.208,230.535],[-207.956,235.036],[-203.745,241.832],[-201.935,248.331],[-200.856,255.537],[-201.33,262.005],[-203.491,268.322],[-207.261,277.005],[-210.586,281.371],[-215.229,285.003],[-219.255,287.937],[-222.534,289.243]],"type":"LineString"},"id":"osm_way_1173059707_s0","properties":{"asset_id":"osm_way_1173059707_s0","confidence":"mapped alignment; inferred width","context_layer":"roads","geometry_role":"mapped_path_alignment","geometry_status":"source_community_mapping_not_surveyed","id":"osm_way_1173059707_s0","length_m":105.692181,"map_feature_id":null,"measured":false,"name":"","osm_id":1173059707,"osm_type":"way","osm_version":1,"source_timestamp":"2023-05-15T13:29:03Z","source_url":"https://www.openstreetmap.org/way/1173059707","space_id":null,"tags":{"highway":"service"},"width":5.5,"width_source":"assumed highway class"},"type":"Feature"},{"geometry":{"coordinates":[[-85.78,204.378],[-10.913,251.509],[-1.068,254.668],[11.056,264.445],[63.973,308.146],[76.997,316.652],[93.846,321.39],[109.705,323.381],[126.228,328.39],[135.403,336.24],[139.124,344.603]],"type":"LineString"},"id":"osm_way_1173059718_s0","properties":{"asset_id":"osm_way_1173059718_s0","confidence":"mapped alignment; inferred width","context_layer":"roads","geometry_role":"mapped_path_alignment","geometry_status":"source_community_mapping_not_surveyed","id":"osm_way_1173059718_s0","length_m":270.546189,"map_feature_id":null,"measured":false,"name":"","osm_id":1173059718,"osm_type":"way","osm_version":1,"source_timestamp":"2023-05-15T13:29:03Z","source_url":"https://www.openstreetmap.org/way/1173059718","space_id":null,"tags":{"highway":"path"},"width":1.5,"width_source":"assumed highway class"},"type":"Feature"},{"geometry":{"coordinates":[[93.497,5.664],[87.391,8.194],[23.613,7.054],[6.373,8.365],[-11.507,11.673],[-28.217,17.618],[-40.551,24.884],[-46.072,29.599]],"type":"LineString"},"id":"osm_way_1173059719_s0","properties":{"asset_id":"osm_way_1173059719_s0","confidence":"mapped alignment; inferred width","context_layer":"roads","geometry_role":"mapped_path_alignment","geometry_status":"source_community_mapping_not_surveyed","id":"osm_way_1173059719_s0","length_m":145.182291,"map_feature_id":null,"measured":false,"name":"","osm_id":1173059719,"osm_type":"way","osm_version":1,"source_timestamp":"2023-05-15T13:29:03Z","source_url":"https://www.openstreetmap.org/way/1173059719","space_id":null,"tags":{"highway":"path"},"width":1.5,"width_source":"assumed highway class"},"type":"Feature"},{"geometry":{"coordinates":[[-43.402,70.848],[-66.839,70.873],[-126.089,70.924],[-130.109,77.751]],"type":"LineString"},"id":"osm_way_1173059721_s0","properties":{"asset_id":"osm_way_1173059721_s0","confidence":"mapped alignment; inferred width","context_layer":"roads","geometry_role":"mapped_path_alignment","geometry_status":"source_community_mapping_not_surveyed","id":"osm_way_1173059721_s0","length_m":90.609682,"map_feature_id":null,"measured":false,"name":"","osm_id":1173059721,"osm_type":"way","osm_version":1,"source_timestamp":"2023-05-15T13:29:03Z","source_url":"https://www.openstreetmap.org/way/1173059721","space_id":null,"tags":{"highway":"path"},"width":1.5,"width_source":"assumed highway class"},"type":"Feature"},{"geometry":{"coordinates":[[-66.839,70.873],[-83.749,103.91]],"type":"LineString"},"id":"osm_way_1173059722_s0","properties":{"asset_id":"osm_way_1173059722_s0","confidence":"mapped alignment; inferred width","context_layer":"roads","geometry_role":"mapped_path_alignment","geometry_status":"source_community_mapping_not_surveyed","id":"osm_way_1173059722_s0","length_m":37.113225,"map_feature_id":null,"measured":false,"name":"","osm_id":1173059722,"osm_type":"way","osm_version":1,"source_timestamp":"2023-05-15T13:29:03Z","source_url":"https://www.openstreetmap.org/way/1173059722","space_id":null,"tags":{"highway":"path"},"width":1.5,"width_source":"assumed highway class"},"type":"Feature"},{"geometry":{"coordinates":[[-226.435,517.808],[-260.701,575.201]],"type":"LineString"},"id":"osm_way_1173064916_s0","properties":{"asset_id":"osm_way_1173064916_s0","confidence":"mapped alignment; inferred width","context_layer":"roads","geometry_role":"mapped_path_alignment","geometry_status":"source_community_mapping_not_surveyed","id":"osm_way_1173064916_s0","length_m":66.843962,"map_feature_id":null,"measured":false,"name":"","osm_id":1173064916,"osm_type":"way","osm_version":1,"source_timestamp":"2023-05-15T13:49:03Z","source_url":"https://www.openstreetmap.org/way/1173064916","space_id":null,"tags":{"highway":"service"},"width":5.5,"width_source":"assumed highway class"},"type":"Feature"},{"geometry":{"coordinates":[[-92.815,-430.747],[-163.319,-434.944]],"type":"LineString"},"id":"osm_way_1443621025_s0","properties":{"asset_id":"osm_way_1443621025_s0","confidence":"mapped alignment; inferred width","context_layer":"roads","geometry_role":"mapped_path_alignment","geometry_status":"source_community_mapping_not_surveyed","id":"osm_way_1443621025_s0","length_m":70.62881,"map_feature_id":null,"measured":false,"name":"","osm_id":1443621025,"osm_type":"way","osm_version":1,"source_timestamp":"2025-10-21T03:39:44Z","source_url":"https://www.openstreetmap.org/way/1443621025","space_id":null,"tags":{"highway":"service"},"width":5.5,"width_source":"assumed highway class"},"type":"Feature"},{"geometry":{"coordinates":[[-248.574,691.626],[-249.097,692.478]],"type":"LineString"},"id":"osm_way_1539473117_s0","properties":{"asset_id":"osm_way_1539473117_s0","confidence":"mapped alignment; inferred width","context_layer":"roads","geometry_role":"mapped_path_alignment","geometry_status":"source_community_mapping_not_surveyed","id":"osm_way_1539473117_s0","length_m":0.999716,"map_feature_id":null,"measured":false,"name":"","osm_id":1539473117,"osm_type":"way","osm_version":1,"source_timestamp":"2026-07-15T14:39:32Z","source_url":"https://www.openstreetmap.org/way/1539473117","space_id":null,"tags":{"highway":"service"},"width":5.5,"width_source":"assumed highway class"},"type":"Feature"},{"geometry":{"coordinates":[[-103.597,-177.938],[115.231,-176.268],[135.066,-175.914],[245.577,-172.551]],"type":"LineString"},"id":"osm_way_155412163_s0","properties":{"asset_id":"osm_way_155412163_s0","confidence":"mapped alignment; inferred width","context_layer":"roads","geometry_role":"mapped_path_alignment","geometry_status":"source_community_mapping_not_surveyed","id":"osm_way_155412163_s0","length_m":349.234689,"map_feature_id":null,"measured":false,"name":"","osm_id":155412163,"osm_type":"way","osm_version":3,"source_timestamp":"2013-06-09T16:18:32Z","source_url":"https://www.openstreetmap.org/way/155412163","space_id":null,"tags":{"highway":"service"},"width":5.5,"width_source":"assumed highway class"},"type":"Feature"},{"geometry":{"coordinates":[[336.295,-602.235],[341.079,-606.83],[349.726,-608.971],[358.282,-606.522],[364.473,-600.145],[366.622,-591.533],[364.167,-583.015]],"type":"LineString"},"id":"osm_way_155412170_s0","properties":{"asset_id":"osm_way_155412170_s0","confidence":"mapped alignment; inferred width","context_layer":"roads","geometry_role":"mapped_path_alignment","geometry_status":"source_community_mapping_not_surveyed","id":"osm_way_155412170_s0","length_m":51.0697,"map_feature_id":null,"measured":false,"name":"","osm_id":155412170,"osm_type":"way","osm_version":6,"source_timestamp":"2013-06-23T10:48:46Z","source_url":"https://www.openstreetmap.org/way/155412170","space_id":null,"tags":{"highway":"service","lit":"yes"},"width":5.5,"width_source":"assumed highway class"},"type":"Feature"},{"geometry":{"coordinates":[[364.167,-583.015],[441.107,-538.107],[472.979,-518.304]],"type":"LineString"},"id":"osm_way_155412172_s0","properties":{"asset_id":"osm_way_155412172_s0","confidence":"mapped alignment; inferred width","context_layer":"roads","geometry_role":"mapped_path_alignment","geometry_status":"source_community_mapping_not_surveyed","id":"osm_way_155412172_s0","length_m":126.610094,"map_feature_id":null,"measured":false,"name":"","osm_id":155412172,"osm_type":"way","osm_version":4,"source_timestamp":"2013-06-09T05:58:00Z","source_url":"https://www.openstreetmap.org/way/155412172","space_id":null,"tags":{"highway":"service","lit":"yes"},"width":5.5,"width_source":"assumed highway class"},"type":"Feature"},{"geometry":{"coordinates":[[145.451,-692.334],[140.21,-418.764],[137.175,-260.077],[135.596,-197.088],[135.066,-175.914],[133.133,-38.257],[112.636,-39.023],[115.231,-176.268],[116.401,-244.866],[118.181,-337.597],[119.653,-412.555],[119.898,-427.268],[121.31,-497.281],[123.068,-596.156],[123.296,-605.247],[123.38,-608.328],[125.011,-693.232]],"type":"LineString"},"id":"osm_way_155412175_s0","properties":{"asset_id":"osm_way_155412175_s0","confidence":"mapped alignment; inferred width","context_layer":"roads","geometry_role":"mapped_path_alignment","geometry_status":"source_community_mapping_not_surveyed","id":"osm_way_155412175_s0","length_m":1329.034132,"map_feature_id":null,"measured":false,"name":"","osm_id":155412175,"osm_type":"way","osm_version":14,"source_timestamp":"2026-04-25T08:16:15Z","source_url":"https://www.openstreetmap.org/way/155412175","space_id":null,"tags":{"highway":"pedestrian"},"width":6.0,"width_source":"assumed highway class"},"type":"Feature"},{"geometry":{"coordinates":[[122.872,582.009],[120.203,587.174],[87.578,643.985],[74.609,666.134],[68.332,676.714],[46.835,713.483],[46.232,714.493],[31.221,739.5],[16.055,764.771],[-3.586,797.493]],"type":"LineString"},"id":"osm_way_223699450_s0","properties":{"asset_id":"osm_way_223699450_s0","confidence":"mapped alignment; inferred width","context_layer":"roads","geometry_role":"mapped_path_alignment","geometry_status":"source_community_mapping_not_surveyed","id":"osm_way_223699450_s0","length_m":249.866179,"map_feature_id":null,"measured":false,"name":"","osm_id":223699450,"osm_type":"way","osm_version":6,"source_timestamp":"2013-06-11T14:04:44Z","source_url":"https://www.openstreetmap.org/way/223699450","space_id":null,"tags":{"highway":"service","lit":"yes"},"width":5.5,"width_source":"assumed highway class"},"type":"Feature"},{"geometry":{"coordinates":[[-109.958,420.859],[-146.783,392.585],[-171.778,367.784],[-177.82,360.999],[-189.72,347.655],[-199.109,332.194],[-204.959,322.562],[-220.922,293.053],[-222.534,289.243],[-234.045,261.998],[-244.216,223.176],[-244.642,221.117],[-249.68,196.661],[-250.771,182.7],[-251.686,171.005],[-250.256,133.201],[-246.431,110.854],[-238.919,83.96],[-228.967,61.058],[-212.769,33.465],[-210.723,30.984],[-193.78,10.358],[-176.681,-11.096],[-161.461,-32.973],[-139.527,-70.378],[-121.76,-116.01],[-189.22,-117.475]],"type":"LineString"},"id":"osm_way_223699453_s0","properties":{"asset_id":"osm_way_223699453_s0","confidence":"mapped alignment; inferred width","context_layer":"roads","geometry_role":"mapped_path_alignment","geometry_status":"source_community_mapping_not_surveyed","id":"osm_way_223699453_s0","length_m":687.35701,"map_feature_id":null,"measured":false,"name":"","osm_id":223699453,"osm_type":"way","osm_version":6,"source_timestamp":"2023-05-15T13:29:03Z","source_url":"https://www.openstreetmap.org/way/223699453","space_id":null,"tags":{"highway":"service","lit":"yes"},"width":5.5,"width_source":"assumed highway class"},"type":"Feature"},{"geometry":{"coordinates":[[340.548,-577.172],[316.093,-530.962],[302.296,-500.543],[290.413,-470.012],[277.833,-432.207],[276.551,-428.082],[268.747,-402.912],[262.015,-374.297],[255.806,-343.842],[250.893,-309.271],[247.902,-279.823],[246.418,-240.666],[245.577,-172.551],[247.051,-120.42],[251.116,-70.095],[254.293,-48.755],[264.41,-11.209],[285.187,44.095],[299.168,90.904],[301.694,105.911],[304.24,133.472],[305.018,159.605],[303.381,192.515],[297.8,245.928]],"type":"LineString"},"id":"osm_way_223699455_s0","properties":{"asset_id":"osm_way_223699455_s0","confidence":"mapped alignment; inferred width","context_layer":"roads","geometry_role":"mapped_path_alignment","geometry_status":"source_community_mapping_not_surveyed","id":"osm_way_223699455_s0","length_m":847.988378,"map_feature_id":null,"measured":false,"name":"","osm_id":223699455,"osm_type":"way","osm_version":6,"source_timestamp":"2026-04-25T08:16:15Z","source_url":"https://www.openstreetmap.org/way/223699455","space_id":null,"tags":{"highway":"service","lit":"yes"},"width":5.5,"width_source":"assumed highway class"},"type":"Feature"},{"geometry":{"coordinates":[[-121.76,-116.01],[-111.435,-148.687],[-103.597,-177.938],[-97.91,-212.55],[-95.88,-247.505],[-94.791,-342.3],[-93.26,-416.925],[-92.815,-430.747],[-91.743,-504.037],[-89.707,-600.601],[-89.701,-613.644],[-88.079,-679.061]],"type":"LineString"},"id":"osm_way_223699457_s0","properties":{"asset_id":"osm_way_223699457_s0","confidence":"mapped alignment; inferred width","context_layer":"roads","geometry_role":"mapped_path_alignment","geometry_status":"source_community_mapping_not_surveyed","id":"osm_way_223699457_s0","length_m":566.276843,"map_feature_id":null,"measured":false,"name":"","osm_id":223699457,"osm_type":"way","osm_version":9,"source_timestamp":"2013-06-10T15:34:11Z","source_url":"https://www.openstreetmap.org/way/223699457","space_id":null,"tags":{"highway":"service","lit":"yes"},"width":5.5,"width_source":"assumed highway class"},"type":"Feature"},{"geometry":{"coordinates":[[148.455,7.035],[131.964,7.05]],"type":"LineString"},"id":"osm_way_223699458_s0","properties":{"asset_id":"osm_way_223699458_s0","confidence":"mapped alignment; inferred width","context_layer":"roads","geometry_role":"mapped_path_alignment","geometry_status":"source_community_mapping_not_surveyed","id":"osm_way_223699458_s0","length_m":16.491007,"map_feature_id":null,"measured":false,"name":"","osm_id":223699458,"osm_type":"way","osm_version":3,"source_timestamp":"2013-06-11T15:54:04Z","source_url":"https://www.openstreetmap.org/way/223699458","space_id":null,"tags":{"highway":"path"},"width":1.5,"width_source":"assumed highway class"},"type":"Feature"},{"geometry":{"coordinates":[[118.664,578.252],[115.872,573.366],[114.763,567.845],[115.476,562.268],[117.907,557.199],[121.668,553.274],[126.453,550.686],[131.794,549.662],[137.2,550.313],[142.143,552.575],[145.888,555.881],[148.54,560.098],[149.908,564.892],[149.857,569.87],[148.412,574.636],[145.686,578.813],[141.89,582.05],[137.323,584.097],[132.374,584.796],[127.422,584.076],[122.872,582.009],[118.664,578.252]],"type":"LineString"},"id":"osm_way_223699460_s0","properties":{"asset_id":"osm_way_223699460_s0","confidence":"mapped alignment; inferred width","context_layer":"roads","geometry_role":"mapped_path_alignment","geometry_status":"source_community_mapping_not_surveyed","id":"osm_way_223699460_s0","length_m":110.241414,"map_feature_id":null,"measured":false,"name":"","osm_id":223699460,"osm_type":"way","osm_version":2,"source_timestamp":"2013-06-10T15:34:10Z","source_url":"https://www.openstreetmap.org/way/223699460","space_id":null,"tags":{"highway":"service","lit":"yes"},"width":5.5,"width_source":"assumed highway class"},"type":"Feature"},{"geometry":{"coordinates":[[145.451,-692.334],[125.011,-693.232],[23.695,-695.885],[-68.675,-697.336]],"type":"LineString"},"id":"osm_way_223699461_s0","properties":{"asset_id":"osm_way_223699461_s0","confidence":"mapped alignment; inferred width","context_layer":"roads","geometry_role":"mapped_path_alignment","geometry_status":"source_community_mapping_not_surveyed","id":"osm_way_223699461_s0","length_m":214.191841,"map_feature_id":null,"measured":false,"name":"","osm_id":223699461,"osm_type":"way","osm_version":6,"source_timestamp":"2026-04-25T08:16:15Z","source_url":"https://www.openstreetmap.org/way/223699461","space_id":null,"tags":{"highway":"service"},"width":5.5,"width_source":"assumed highway class"},"type":"Feature"},{"geometry":{"coordinates":[[125.011,-693.232],[127.052,-801.282]],"type":"LineString"},"id":"osm_way_223699462_s0","properties":{"asset_id":"osm_way_223699462_s0","confidence":"mapped alignment; inferred width","context_layer":"roads","geometry_role":"mapped_path_alignment","geometry_status":"source_community_mapping_not_surveyed","id":"osm_way_223699462_s0","length_m":108.069275,"map_feature_id":null,"measured":false,"name":"","osm_id":223699462,"osm_type":"way","osm_version":3,"source_timestamp":"2021-07-16T06:25:15Z","source_url":"https://www.openstreetmap.org/way/223699462","space_id":null,"tags":{"highway":"service","lit":"yes","oneway":"yes"},"width":5.5,"width_source":"assumed highway class"},"type":"Feature"},{"geometry":{"coordinates":[[-68.675,-697.336],[-71.338,-687.812],[-78.041,-681.377],[-88.079,-679.061],[-96.009,-681.698],[-102.469,-688.368],[-104.726,-697.347],[-102.15,-706.251],[-95.456,-712.675],[-86.429,-714.921],[-77.488,-712.355],[-71.018,-705.696],[-68.675,-697.336]],"type":"LineString"},"id":"osm_way_223699463_s0","properties":{"asset_id":"osm_way_223699463_s0","confidence":"mapped alignment; inferred width","context_layer":"roads","geometry_role":"mapped_path_alignment","geometry_status":"source_community_mapping_not_surveyed","id":"osm_way_223699463_s0","length_m":111.501448,"map_feature_id":null,"measured":false,"name":"","osm_id":223699463,"osm_type":"way","osm_version":2,"source_timestamp":"2013-06-09T09:09:12Z","source_url":"https://www.openstreetmap.org/way/223699463","space_id":null,"tags":{"highway":"service","lit":"yes"},"width":5.5,"width_source":"assumed highway class"},"type":"Feature"},{"geometry":{"coordinates":[[117.448,-10.4],[118.199,-33.411]],"type":"LineString"},"id":"osm_way_223699464_s0","properties":{"asset_id":"osm_way_223699464_s0","confidence":"mapped alignment; inferred width","context_layer":"roads","geometry_role":"mapped_path_alignment","geometry_status":"source_community_mapping_not_surveyed","id":"osm_way_223699464_s0","length_m":23.023252,"map_feature_id":null,"measured":false,"name":"","osm_id":223699464,"osm_type":"way","osm_version":3,"source_timestamp":"2013-06-11T15:54:04Z","source_url":"https://www.openstreetmap.org/way/223699464","space_id":null,"tags":{"highway":"steps"},"width":2.5,"width_source":"assumed highway class"},"type":"Feature"},{"geometry":{"coordinates":[[287.958,277.937],[276.399,314.663],[258.856,350.871],[248.7,369.321],[247.432,371.617],[236.135,392.099],[232.401,398.232],[218.7,420.7],[204.523,446.033],[182.94,483.311],[155.44,531.086],[142.143,552.575]],"type":"LineString"},"id":"osm_way_223699465_s0","properties":{"asset_id":"osm_way_223699465_s0","confidence":"mapped alignment; inferred width","context_layer":"roads","geometry_role":"mapped_path_alignment","geometry_status":"source_community_mapping_not_surveyed","id":"osm_way_223699465_s0","length_m":311.806682,"map_feature_id":null,"measured":false,"name":"","osm_id":223699465,"osm_type":"way","osm_version":7,"source_timestamp":"2013-06-11T07:51:59Z","source_url":"https://www.openstreetmap.org/way/223699465","space_id":null,"tags":{"highway":"service","lit":"yes"},"width":5.5,"width_source":"assumed highway class"},"type":"Feature"},{"geometry":{"coordinates":[[125.94,-10.226],[126.758,-33.313]],"type":"LineString"},"id":"osm_way_223699466_s0","properties":{"asset_id":"osm_way_223699466_s0","confidence":"mapped alignment; inferred width","context_layer":"roads","geometry_role":"mapped_path_alignment","geometry_status":"source_community_mapping_not_surveyed","id":"osm_way_223699466_s0","length_m":23.101487,"map_feature_id":null,"measured":false,"name":"","osm_id":223699466,"osm_type":"way","osm_version":3,"source_timestamp":"2013-06-11T15:54:04Z","source_url":"https://www.openstreetmap.org/way/223699466","space_id":null,"tags":{"highway":"steps"},"width":2.5,"width_source":"assumed highway class"},"type":"Feature"},{"geometry":{"coordinates":[[133.715,0.982],[131.964,7.05],[127.393,11.438],[121.23,12.969],[115.126,11.219],[110.724,6.67],[109.191,0.543],[110.942,-5.537],[115.504,-9.925],[117.448,-10.4],[121.667,-11.445],[125.94,-10.226],[127.771,-9.705],[132.183,-5.157],[133.715,0.982]],"type":"LineString"},"id":"osm_way_223699467_s0","properties":{"asset_id":"osm_way_223699467_s0","confidence":"mapped alignment; inferred width","context_layer":"roads","geometry_role":"mapped_path_alignment","geometry_status":"source_community_mapping_not_surveyed","id":"osm_way_223699467_s0","length_m":76.013572,"map_feature_id":null,"measured":false,"name":"","osm_id":223699467,"osm_type":"way","osm_version":3,"source_timestamp":"2013-06-11T15:54:04Z","source_url":"https://www.openstreetmap.org/way/223699467","space_id":null,"tags":{"highway":"path"},"width":1.5,"width_source":"assumed highway class"},"type":"Feature"},{"geometry":{"coordinates":[[-104.011,444.599],[-160.602,543.261],[-190.597,595.551],[-248.574,691.626]],"type":"LineString"},"id":"osm_way_223699469_s0","properties":{"asset_id":"osm_way_223699469_s0","confidence":"mapped alignment; inferred width","context_layer":"roads","geometry_role":"mapped_path_alignment","geometry_status":"source_community_mapping_not_surveyed","id":"osm_way_223699469_s0","length_m":286.234872,"map_feature_id":null,"measured":false,"name":"","osm_id":223699469,"osm_type":"way","osm_version":5,"source_timestamp":"2023-05-15T13:14:14Z","source_url":"https://www.openstreetmap.org/way/223699469","space_id":null,"tags":{"highway":"service","lit":"yes"},"width":5.5,"width_source":"assumed highway class"},"type":"Feature"},{"geometry":{"coordinates":[[-86.429,-714.921],[-84.526,-766.015],[-61.403,-765.769]],"type":"LineString"},"id":"osm_way_223699471_s0","properties":{"asset_id":"osm_way_223699471_s0","confidence":"mapped alignment; inferred width","context_layer":"roads","geometry_role":"mapped_path_alignment","geometry_status":"source_community_mapping_not_surveyed","id":"osm_way_223699471_s0","length_m":74.253735,"map_feature_id":null,"measured":false,"name":"","osm_id":223699471,"osm_type":"way","osm_version":1,"source_timestamp":"2013-05-30T15:49:29Z","source_url":"https://www.openstreetmap.org/way/223699471","space_id":null,"tags":{"highway":"service","lit":"yes"},"width":5.5,"width_source":"assumed highway class"},"type":"Feature"},{"geometry":{"coordinates":[[-77.682,430.086],[-80.167,438.692],[-86.64,444.909],[-95.372,447.071],[-104.011,444.599],[-110.267,438.155],[-112.434,429.465],[-109.958,420.859],[-103.476,414.653],[-94.754,412.49],[-86.105,414.963],[-79.858,421.396],[-77.682,430.086]],"type":"LineString"},"id":"osm_way_223699473_s0","properties":{"asset_id":"osm_way_223699473_s0","confidence":"mapped alignment; inferred width","context_layer":"roads","geometry_role":"mapped_path_alignment","geometry_status":"source_community_mapping_not_surveyed","id":"osm_way_223699473_s0","length_m":107.687522,"map_feature_id":null,"measured":false,"name":"","osm_id":223699473,"osm_type":"way","osm_version":2,"source_timestamp":"2013-06-11T15:37:11Z","source_url":"https://www.openstreetmap.org/way/223699473","space_id":null,"tags":{"highway":"service","lit":"yes"},"width":5.5,"width_source":"assumed highway class"},"type":"Feature"},{"geometry":{"coordinates":[[310.87,262.41],[308.385,271.027],[301.902,277.255],[293.151,279.417],[287.958,277.937],[284.493,276.944],[278.237,270.488],[276.062,261.787],[278.547,253.17],[285.03,246.953],[293.771,244.78],[297.8,245.928],[302.439,247.264],[308.695,253.709],[310.87,262.41]],"type":"LineString"},"id":"osm_way_223699474_s0","properties":{"asset_id":"osm_way_223699474_s0","confidence":"mapped alignment; inferred width","context_layer":"roads","geometry_role":"mapped_path_alignment","geometry_status":"source_community_mapping_not_surveyed","id":"osm_way_223699474_s0","length_m":107.859989,"map_feature_id":null,"measured":false,"name":"","osm_id":223699474,"osm_type":"way","osm_version":4,"source_timestamp":"2013-06-09T08:55:57Z","source_url":"https://www.openstreetmap.org/way/223699474","space_id":null,"tags":{"highway":"service","lit":"yes"},"width":5.5,"width_source":"assumed highway class"},"type":"Feature"},{"geometry":{"coordinates":[[202.552,-681.276],[180.273,-687.53],[162.61,-691.162],[145.451,-692.334]],"type":"LineString"},"id":"osm_way_223699475_s0","properties":{"asset_id":"osm_way_223699475_s0","confidence":"mapped alignment; inferred width","context_layer":"roads","geometry_role":"mapped_path_alignment","geometry_status":"source_community_mapping_not_surveyed","id":"osm_way_223699475_s0","length_m":58.371678,"map_feature_id":null,"measured":false,"name":"","osm_id":223699475,"osm_type":"way","osm_version":8,"source_timestamp":"2026-04-25T08:16:15Z","source_url":"https://www.openstreetmap.org/way/223699475","space_id":null,"tags":{"highway":"service","lit":"yes"},"width":5.5,"width_source":"assumed highway class"},"type":"Feature"},{"geometry":{"coordinates":[[-104.726,-697.347],[-120.882,-697.602],[-125.328,-697.593],[-166.34,-698.857]],"type":"LineString"},"id":"osm_way_223699476_s0","properties":{"asset_id":"osm_way_223699476_s0","confidence":"mapped alignment; inferred width","context_layer":"roads","geometry_role":"mapped_path_alignment","geometry_status":"source_community_mapping_not_surveyed","id":"osm_way_223699476_s0","length_m":61.635495,"map_feature_id":null,"measured":false,"name":"","osm_id":223699476,"osm_type":"way","osm_version":5,"source_timestamp":"2013-06-09T15:22:20Z","source_url":"https://www.openstreetmap.org/way/223699476","space_id":null,"tags":{"highway":"service","lit":"yes"},"width":5.5,"width_source":"assumed highway class"},"type":"Feature"},{"geometry":{"coordinates":[[-80.167,438.692],[28.032,500.76],[68.717,525.31],[71.099,526.75],[108.73,549.46],[117.907,557.199]],"type":"LineString"},"id":"osm_way_223699478_s0","properties":{"asset_id":"osm_way_223699478_s0","confidence":"mapped alignment; inferred width","context_layer":"roads","geometry_role":"mapped_path_alignment","geometry_status":"source_community_mapping_not_surveyed","id":"osm_way_223699478_s0","length_m":230.996342,"map_feature_id":null,"measured":false,"name":"","osm_id":223699478,"osm_type":"way","osm_version":4,"source_timestamp":"2013-06-10T15:07:53Z","source_url":"https://www.openstreetmap.org/way/223699478","space_id":null,"tags":{"highway":"service","lit":"yes"},"width":5.5,"width_source":"assumed highway class"},"type":"Feature"},{"geometry":{"coordinates":[[308.385,271.027],[416.713,334.343],[444.936,350.088],[475.353,368.267],[495.024,379.788],[495.897,380.275]],"type":"LineString"},"id":"osm_way_223699479_s0","properties":{"asset_id":"osm_way_223699479_s0","confidence":"mapped alignment; inferred width","context_layer":"roads","geometry_role":"mapped_path_alignment","geometry_status":"source_community_mapping_not_surveyed","id":"osm_way_223699479_s0","length_m":217.024034,"map_feature_id":null,"measured":false,"name":"","osm_id":223699479,"osm_type":"way","osm_version":7,"source_timestamp":"2020-11-24T14:58:35Z","source_url":"https://www.openstreetmap.org/way/223699479","space_id":null,"tags":{"highway":"service","lit":"yes"},"width":5.5,"width_source":"assumed highway class"},"type":"Feature"},{"geometry":{"coordinates":[[213.711,565.545],[276.088,453.846]],"type":"LineString"},"id":"osm_way_223859785_s0","properties":{"asset_id":"osm_way_223859785_s0","confidence":"mapped alignment; inferred width","context_layer":"roads","geometry_role":"mapped_path_alignment","geometry_status":"source_community_mapping_not_surveyed","id":"osm_way_223859785_s0","length_m":127.935752,"map_feature_id":null,"measured":false,"name":"","osm_id":223859785,"osm_type":"way","osm_version":2,"source_timestamp":"2013-06-09T07:02:03Z","source_url":"https://www.openstreetmap.org/way/223859785","space_id":null,"tags":{"highway":"service","lit":"no"},"width":5.5,"width_source":"assumed highway class"},"type":"Feature"},{"geometry":{"coordinates":[[137.175,-260.077],[147.944,-257.877],[153.957,-254.231],[160.367,-248.948],[167.496,-242.266],[173.392,-236.76],[176.832,-230.643],[179.744,-224.047],[181.655,-217.458],[185.095,-211.851],[189.071,-207.244],[193.575,-204.646],[199.151,-204.546],[205.255,-206.456],[212.405,-209.855],[217.553,-214.299],[219.515,-216.859],[223.256,-221.749],[225.866,-226.239],[227.493,-232.265],[228.102,-237.789],[227.682,-242.842],[232.749,-243.251],[237.816,-243.16]],"type":"LineString"},"id":"osm_way_223859789_s0","properties":{"asset_id":"osm_way_223859789_s0","confidence":"mapped alignment; inferred width","context_layer":"roads","geometry_role":"mapped_path_alignment","geometry_status":"source_community_mapping_not_surveyed","id":"osm_way_223859789_s0","length_m":151.406999,"map_feature_id":null,"measured":false,"name":"","osm_id":223859789,"osm_type":"way","osm_version":3,"source_timestamp":"2026-04-25T08:16:15Z","source_url":"https://www.openstreetmap.org/way/223859789","space_id":null,"tags":{"highway":"pedestrian"},"width":6.0,"width_source":"assumed highway class"},"type":"Feature"},{"geometry":{"coordinates":[[316.093,-530.962],[370.071,-531.06],[375.638,-530.961],[380.16,-529.371],[384.627,-524.245],[386.03,-517.676],[385.619,-433.605]],"type":"LineString"},"id":"osm_way_223859799_s0","properties":{"asset_id":"osm_way_223859799_s0","confidence":"mapped alignment; inferred width","context_layer":"roads","geometry_role":"mapped_path_alignment","geometry_status":"source_community_mapping_not_surveyed","id":"osm_way_223859799_s0","length_m":161.92778,"map_feature_id":null,"measured":false,"name":"","osm_id":223859799,"osm_type":"way","osm_version":2,"source_timestamp":"2013-06-09T06:37:39Z","source_url":"https://www.openstreetmap.org/way/223859799","space_id":null,"tags":{"highway":"service","lit":"no"},"width":5.5,"width_source":"assumed highway class"},"type":"Feature"},{"geometry":{"coordinates":[[254.293,-48.755],[233.483,-42.628],[219.476,-39.496],[175.945,-37.491],[133.133,-38.257]],"type":"LineString"},"id":"osm_way_223859803_s0","properties":{"asset_id":"osm_way_223859803_s0","confidence":"mapped alignment; inferred width","context_layer":"roads","geometry_role":"mapped_path_alignment","geometry_status":"source_community_mapping_not_surveyed","id":"osm_way_223859803_s0","length_m":122.442123,"map_feature_id":null,"measured":false,"name":"","osm_id":223859803,"osm_type":"way","osm_version":2,"source_timestamp":"2013-06-10T15:04:11Z","source_url":"https://www.openstreetmap.org/way/223859803","space_id":null,"tags":{"highway":"pedestrian"},"width":6.0,"width_source":"assumed highway class"},"type":"Feature"},{"geometry":{"coordinates":[[245.577,-172.551],[336.272,-170.584],[395.013,-169.577]],"type":"LineString"},"id":"osm_way_223859804_s0","properties":{"asset_id":"osm_way_223859804_s0","confidence":"mapped alignment; inferred width","context_layer":"roads","geometry_role":"mapped_path_alignment","geometry_status":"source_community_mapping_not_surveyed","id":"osm_way_223859804_s0","length_m":149.465959,"map_feature_id":null,"measured":false,"name":"","osm_id":223859804,"osm_type":"way","osm_version":2,"source_timestamp":"2013-06-09T06:37:14Z","source_url":"https://www.openstreetmap.org/way/223859804","space_id":null,"tags":{"highway":"service","lit":"no"},"width":5.5,"width_source":"assumed highway class"},"type":"Feature"},{"geometry":{"coordinates":[[277.833,-432.207],[385.619,-433.605],[391.579,-432.755],[395.122,-431.339],[399.634,-429.239],[405.034,-425.061],[407.746,-419.39],[408.895,-412.903],[408.845,-405.895],[407.681,-397.853],[406.192,-382.696],[400.746,-348.479],[393.801,-306.425],[392.193,-284.095],[391.138,-265.747],[390.784,-245.968],[390.887,-223.285],[392.266,-196.931],[395.013,-169.577],[399.444,-138.687],[403.033,-119.27],[406.115,-102.7],[411.84,-77.156],[416.543,-57.785],[418.741,-47.12],[452.299,88.699],[450.696,92.83],[446.877,93.66],[420.565,93.477],[299.168,90.904]],"type":"LineString"},"id":"osm_way_223859805_s0","properties":{"asset_id":"osm_way_223859805_s0","confidence":"mapped alignment; inferred width","context_layer":"roads","geometry_role":"mapped_path_alignment","geometry_status":"source_community_mapping_not_surveyed","id":"osm_way_223859805_s0","length_m":807.84401,"map_feature_id":null,"measured":false,"name":"","osm_id":223859805,"osm_type":"way","osm_version":6,"source_timestamp":"2013-06-10T12:03:47Z","source_url":"https://www.openstreetmap.org/way/223859805","space_id":null,"tags":{"highway":"service","lit":"no"},"width":5.5,"width_source":"assumed highway class"},"type":"Feature"},{"geometry":{"coordinates":[[193.575,-204.646],[186.398,-199.739],[183.752,-193.232],[183.153,-187.697],[182.765,-185.575]],"type":"LineString"},"id":"osm_way_223859806_s0","properties":{"asset_id":"osm_way_223859806_s0","confidence":"mapped alignment; inferred width","context_layer":"roads","geometry_role":"mapped_path_alignment","geometry_status":"source_community_mapping_not_surveyed","id":"osm_way_223859806_s0","length_m":23.443045,"map_feature_id":null,"measured":false,"name":"","osm_id":223859806,"osm_type":"way","osm_version":2,"source_timestamp":"2013-06-09T17:11:18Z","source_url":"https://www.openstreetmap.org/way/223859806","space_id":null,"tags":{"highway":"pedestrian"},"width":6.0,"width_source":"assumed highway class"},"type":"Feature"},{"geometry":{"coordinates":[[155.44,531.086],[213.711,565.545],[290.844,611.344]],"type":"LineString"},"id":"osm_way_223859808_s0","properties":{"asset_id":"osm_way_223859808_s0","confidence":"mapped alignment; inferred width","context_layer":"roads","geometry_role":"mapped_path_alignment","geometry_status":"source_community_mapping_not_surveyed","id":"osm_way_223859808_s0","length_m":157.402697,"map_feature_id":null,"measured":false,"name":"","osm_id":223859808,"osm_type":"way","osm_version":2,"source_timestamp":"2013-06-09T07:02:11Z","source_url":"https://www.openstreetmap.org/way/223859808","space_id":null,"tags":{"highway":"service","lit":"no"},"width":5.5,"width_source":"assumed highway class"},"type":"Feature"},{"geometry":{"coordinates":[[276.399,314.663],[417.58,397.122],[484.417,434.985],[489.402,439.1],[492.378,442.68],[494.816,448.27],[493.162,455.804],[490.98,464.327],[460.21,562.306],[451.959,581.866],[440.869,604.515],[397.566,685.112],[341.823,785.716],[336.272,789.487],[329.441,787.757],[222.488,725.897]],"type":"LineString"},"id":"osm_way_223859825_s0","properties":{"asset_id":"osm_way_223859825_s0","confidence":"mapped alignment; inferred width","context_layer":"roads","geometry_role":"mapped_path_alignment","geometry_status":"source_community_mapping_not_surveyed","id":"osm_way_223859825_s0","length_m":767.007933,"map_feature_id":null,"measured":false,"name":"","osm_id":223859825,"osm_type":"way","osm_version":4,"source_timestamp":"2013-06-10T15:34:10Z","source_url":"https://www.openstreetmap.org/way/223859825","space_id":null,"tags":{"highway":"service","lit":"no"},"width":5.5,"width_source":"assumed highway class"},"type":"Feature"},{"geometry":{"coordinates":[[110.724,6.67],[93.497,5.664],[98.238,11.837],[104.083,16.489],[111.496,20.492],[121.278,21.92],[123.538,21.683],[126.044,21.429],[131.605,20.264],[139.552,15.57],[144.291,11.308],[148.455,7.035]],"type":"LineString"},"id":"osm_way_223859830_s0","properties":{"asset_id":"osm_way_223859830_s0","confidence":"mapped alignment; inferred width","context_layer":"roads","geometry_role":"mapped_path_alignment","geometry_status":"source_community_mapping_not_surveyed","id":"osm_way_223859830_s0","length_m":82.86325,"map_feature_id":null,"measured":false,"name":"","osm_id":223859830,"osm_type":"way","osm_version":2,"source_timestamp":"2013-06-11T15:54:04Z","source_url":"https://www.openstreetmap.org/way/223859830","space_id":null,"tags":{"highway":"path"},"width":1.5,"width_source":"assumed highway class"},"type":"Feature"},{"geometry":{"coordinates":[[23.695,-695.885],[23.693,-700.533],[23.282,-706.085],[23.435,-714.645],[24.589,-722.188],[28.746,-728.158],[33.429,-735.128],[37.577,-740.599],[40.241,-748.115],[39.375,-756.194],[37.991,-763.783],[35.561,-769.36],[30.628,-777.012],[23.649,-783.181],[15.616,-786.852],[8.091,-791.023],[-2.972,-795.247],[-13.026,-799.463],[-21.569,-803.143],[-32.177,-804.341],[-40.775,-804.994],[-52.438,-804.193],[-62.054,-804.365],[-74.709,-805.101],[-85.826,-806.309],[-96.944,-807.516],[-107.069,-807.697],[-117.231,-805.86],[-121.12,-802.203],[-121.933,-797.371],[-123.883,-752.111]],"type":"LineString"},"id":"osm_way_223859831_s0","properties":{"asset_id":"osm_way_223859831_s0","confidence":"mapped alignment; inferred width","context_layer":"roads","geometry_role":"mapped_path_alignment","geometry_status":"source_community_mapping_not_surveyed","id":"osm_way_223859831_s0","length_m":298.384472,"map_feature_id":null,"measured":false,"name":"","osm_id":223859831,"osm_type":"way","osm_version":4,"source_timestamp":"2013-06-09T15:22:20Z","source_url":"https://www.openstreetmap.org/way/223859831","space_id":null,"tags":{"highway":"pedestrian"},"width":6.0,"width_source":"assumed highway class"},"type":"Feature"},{"geometry":{"coordinates":[[218.7,420.7],[276.088,453.846],[355.646,500.299],[460.21,562.306]],"type":"LineString"},"id":"osm_way_223859833_s0","properties":{"asset_id":"osm_way_223859833_s0","confidence":"mapped alignment; inferred width","context_layer":"roads","geometry_role":"mapped_path_alignment","geometry_status":"source_community_mapping_not_surveyed","id":"osm_way_223859833_s0","length_m":279.966164,"map_feature_id":null,"measured":false,"name":"","osm_id":223859833,"osm_type":"way","osm_version":2,"source_timestamp":"2013-06-09T07:02:03Z","source_url":"https://www.openstreetmap.org/way/223859833","space_id":null,"tags":{"highway":"service","lit":"no"},"width":5.5,"width_source":"assumed highway class"},"type":"Feature"},{"geometry":{"coordinates":[[87.578,643.985],[222.488,725.897]],"type":"LineString"},"id":"osm_way_223859835_s0","properties":{"asset_id":"osm_way_223859835_s0","confidence":"mapped alignment; inferred width","context_layer":"roads","geometry_role":"mapped_path_alignment","geometry_status":"source_community_mapping_not_surveyed","id":"osm_way_223859835_s0","length_m":157.829921,"map_feature_id":null,"measured":false,"name":"","osm_id":223859835,"osm_type":"way","osm_version":3,"source_timestamp":"2013-06-10T14:42:45Z","source_url":"https://www.openstreetmap.org/way/223859835","space_id":null,"tags":{"highway":"service","lit":"no"},"width":5.5,"width_source":"assumed highway class"},"type":"Feature"},{"geometry":{"coordinates":[[279.925,-474.214],[273.375,-475.851],[264.805,-478.012],[252.66,-478.739],[242.043,-479.428],[235.484,-481.065],[229.443,-482.681],[220.9,-486.361],[214.877,-489.497],[208.354,-492.63],[201.348,-497.291],[194.324,-500.944],[186.308,-506.133],[179.794,-509.777],[171.251,-513.456],[161.671,-515.635],[154.084,-516.281]],"type":"LineString"},"id":"osm_way_223859838_s0","properties":{"asset_id":"osm_way_223859838_s0","confidence":"mapped alignment; inferred width","context_layer":"roads","geometry_role":"mapped_path_alignment","geometry_status":"source_community_mapping_not_surveyed","id":"osm_way_223859838_s0","length_m":134.823665,"map_feature_id":null,"measured":false,"name":"","osm_id":223859838,"osm_type":"way","osm_version":2,"source_timestamp":"2013-06-09T17:11:18Z","source_url":"https://www.openstreetmap.org/way/223859838","space_id":null,"tags":{"highway":"pedestrian"},"width":6.0,"width_source":"assumed highway class"},"type":"Feature"},{"geometry":{"coordinates":[[254.293,-48.755],[335.135,-47.453],[418.741,-47.12]],"type":"LineString"},"id":"osm_way_223859841_s0","properties":{"asset_id":"osm_way_223859841_s0","confidence":"mapped alignment; inferred width","context_layer":"roads","geometry_role":"mapped_path_alignment","geometry_status":"source_community_mapping_not_surveyed","id":"osm_way_223859841_s0","length_m":164.459147,"map_feature_id":null,"measured":false,"name":"","osm_id":223859841,"osm_type":"way","osm_version":2,"source_timestamp":"2013-06-09T06:36:51Z","source_url":"https://www.openstreetmap.org/way/223859841","space_id":null,"tags":{"highway":"service","lit":"no"},"width":5.5,"width_source":"assumed highway class"},"type":"Feature"},{"geometry":{"coordinates":[[247.394,-363.811],[236.449,-365.138],[224.859,-368.374],[214.797,-371.57],[206.745,-374.742],[197.693,-377.921],[190.42,-383.463],[184.813,-390.351],[181.907,-395.693],[179.673,-400.624],[176.413,-408.834],[171.065,-414.896],[165.627,-417.511],[151.458,-417.997],[140.21,-418.764]],"type":"LineString"},"id":"osm_way_223859842_s0","properties":{"asset_id":"osm_way_223859842_s0","confidence":"mapped alignment; inferred width","context_layer":"roads","geometry_role":"mapped_path_alignment","geometry_status":"source_community_mapping_not_surveyed","id":"osm_way_223859842_s0","length_m":129.787222,"map_feature_id":null,"measured":false,"name":"","osm_id":223859842,"osm_type":"way","osm_version":5,"source_timestamp":"2026-04-25T08:16:15Z","source_url":"https://www.openstreetmap.org/way/223859842","space_id":null,"tags":{"highway":"track"},"width":2.5,"width_source":"assumed highway class"},"type":"Feature"},{"geometry":{"coordinates":[[227.682,-242.842],[219.244,-244.446],[208.969,-244.186],[197.881,-244.318],[191.176,-245.736],[182.418,-245.837],[173.465,-246.674],[160.367,-248.948]],"type":"LineString"},"id":"osm_way_223859844_s0","properties":{"asset_id":"osm_way_223859844_s0","confidence":"mapped alignment; inferred width","context_layer":"roads","geometry_role":"mapped_path_alignment","geometry_status":"source_community_mapping_not_surveyed","id":"osm_way_223859844_s0","length_m":67.854034,"map_feature_id":null,"measured":false,"name":"","osm_id":223859844,"osm_type":"way","osm_version":2,"source_timestamp":"2013-06-11T08:05:40Z","source_url":"https://www.openstreetmap.org/way/223859844","space_id":null,"tags":{"highway":"track"},"width":2.5,"width_source":"assumed highway class"},"type":"Feature"},{"geometry":{"coordinates":[[335.135,-47.453],[336.272,-170.584]],"type":"LineString"},"id":"osm_way_223859845_s0","properties":{"asset_id":"osm_way_223859845_s0","confidence":"mapped alignment; inferred width","context_layer":"roads","geometry_role":"mapped_path_alignment","geometry_status":"source_community_mapping_not_surveyed","id":"osm_way_223859845_s0","length_m":123.136249,"map_feature_id":null,"measured":false,"name":"","osm_id":223859845,"osm_type":"way","osm_version":2,"source_timestamp":"2013-06-09T06:37:01Z","source_url":"https://www.openstreetmap.org/way/223859845","space_id":null,"tags":{"highway":"service"},"width":5.5,"width_source":"assumed highway class"},"type":"Feature"},{"geometry":{"coordinates":[[444.936,350.088],[417.58,397.122],[355.646,500.299],[290.844,611.344],[288.204,619.626],[257.091,669.931],[222.488,725.897],[203.867,756.984]],"type":"LineString"},"id":"osm_way_223859848_s0","properties":{"asset_id":"osm_way_223859848_s0","confidence":"mapped alignment; inferred width","context_layer":"roads","geometry_role":"mapped_path_alignment","geometry_status":"source_community_mapping_not_surveyed","id":"osm_way_223859848_s0","length_m":473.197797,"map_feature_id":null,"measured":false,"name":"","osm_id":223859848,"osm_type":"way","osm_version":5,"source_timestamp":"2013-06-11T14:04:44Z","source_url":"https://www.openstreetmap.org/way/223859848","space_id":null,"tags":{"highway":"service","lit":"no"},"width":5.5,"width_source":"assumed highway class"},"type":"Feature"},{"geometry":{"coordinates":[[250.893,-309.271],[393.801,-306.425]],"type":"LineString"},"id":"osm_way_223859849_s0","properties":{"asset_id":"osm_way_223859849_s0","confidence":"mapped alignment; inferred width","context_layer":"roads","geometry_role":"mapped_path_alignment","geometry_status":"source_community_mapping_not_surveyed","id":"osm_way_223859849_s0","length_m":142.936336,"map_feature_id":null,"measured":false,"name":"","osm_id":223859849,"osm_type":"way","osm_version":4,"source_timestamp":"2013-06-11T07:09:41Z","source_url":"https://www.openstreetmap.org/way/223859849","space_id":null,"tags":{"highway":"service","lit":"no"},"width":5.5,"width_source":"assumed highway class"},"type":"Feature"},{"geometry":{"coordinates":[[-326.049,548.482],[-333.183,558.436],[-347.756,582.232],[-362.107,606.331],[-366.027,607.559],[-420.653,574.522],[-474.484,541.854],[-514.092,518.256],[-515.493,514.239],[-513.887,510.452],[-501.069,489.264],[-490.378,470.867]],"type":"LineString"},"id":"osm_way_223859850_s0","properties":{"asset_id":"osm_way_223859850_s0","confidence":"mapped alignment; inferred width","context_layer":"roads","geometry_role":"mapped_path_alignment","geometry_status":"source_community_mapping_not_surveyed","id":"osm_way_223859850_s0","length_m":299.62779,"map_feature_id":null,"measured":false,"name":"","osm_id":223859850,"osm_type":"way","osm_version":13,"source_timestamp":"2023-05-15T13:14:14Z","source_url":"https://www.openstreetmap.org/way/223859850","space_id":null,"tags":{"highway":"service"},"width":5.5,"width_source":"assumed highway class"},"type":"Feature"},{"geometry":{"coordinates":[[288.204,619.626],[397.566,685.112]],"type":"LineString"},"id":"osm_way_223859851_s0","properties":{"asset_id":"osm_way_223859851_s0","confidence":"mapped alignment; inferred width","context_layer":"roads","geometry_role":"mapped_path_alignment","geometry_status":"source_community_mapping_not_surveyed","id":"osm_way_223859851_s0","length_m":127.46946,"map_feature_id":null,"measured":false,"name":"","osm_id":223859851,"osm_type":"way","osm_version":2,"source_timestamp":"2013-06-09T07:02:21Z","source_url":"https://www.openstreetmap.org/way/223859851","space_id":null,"tags":{"highway":"service","lit":"no"},"width":5.5,"width_source":"assumed highway class"},"type":"Feature"},{"geometry":{"coordinates":[[219.515,-216.859],[212.332,-221.069]],"type":"LineString"},"id":"osm_way_223859853_s0","properties":{"asset_id":"osm_way_223859853_s0","confidence":"mapped alignment; inferred width","context_layer":"roads","geometry_role":"mapped_path_alignment","geometry_status":"source_community_mapping_not_surveyed","id":"osm_way_223859853_s0","length_m":8.325839,"map_feature_id":null,"measured":false,"name":"","osm_id":223859853,"osm_type":"way","osm_version":2,"source_timestamp":"2013-06-09T17:11:18Z","source_url":"https://www.openstreetmap.org/way/223859853","space_id":null,"tags":{"highway":"pedestrian"},"width":6.0,"width_source":"assumed highway class"},"type":"Feature"},{"geometry":{"coordinates":[[212.332,-221.069],[207.506,-220.966],[207.657,-226.243],[212.544,-226.621],[212.332,-221.069]],"type":"LineString"},"id":"osm_way_223859853_s1","properties":{"asset_id":"osm_way_223859853_s1","confidence":"mapped alignment; inferred width","context_layer":"roads","geometry_role":"mapped_path_alignment","geometry_status":"source_community_mapping_not_surveyed","id":"osm_way_223859853_s1","length_m":20.563902,"map_feature_id":null,"measured":false,"name":"","osm_id":223859853,"osm_type":"way","osm_version":2,"source_timestamp":"2013-06-09T17:11:18Z","source_url":"https://www.openstreetmap.org/way/223859853","space_id":null,"tags":{"highway":"pedestrian"},"width":6.0,"width_source":"assumed highway class"},"type":"Feature"},{"geometry":{"coordinates":[[239.554,-302.842],[231.467,-302.986],[224.537,-306.038],[218.75,-311.266],[213.298,-314.657],[205.611,-316.625],[199.003,-317.109],[194.509,-317.577],[186.631,-318.872],[180.389,-320.835],[184.735,-329.996],[190.717,-339.372],[193.635,-345.253],[194.911,-352.717],[195.821,-365.621],[196.903,-374.907],[197.693,-377.921],[202.233,-388.453],[203.846,-397.874],[204.07,-406.709],[201.629,-418.52],[202.646,-427.374],[204.552,-437.366],[205.22,-442.5],[208.499,-449.03],[214.409,-458.085],[220.299,-465.421],[225.356,-474.769],[229.443,-482.681]],"type":"LineString"},"id":"osm_way_224937776_s0","properties":{"asset_id":"osm_way_224937776_s0","confidence":"mapped alignment; inferred width","context_layer":"roads","geometry_role":"mapped_path_alignment","geometry_status":"source_community_mapping_not_surveyed","id":"osm_way_224937776_s0","length_m":237.53385,"map_feature_id":null,"measured":false,"name":"","osm_id":224937776,"osm_type":"way","osm_version":3,"source_timestamp":"2013-06-11T08:05:41Z","source_url":"https://www.openstreetmap.org/way/224937776","space_id":null,"tags":{"bicycle":"no","foot":"yes","highway":"track","horse":"no","motor_vehicle":"no"},"width":2.5,"width_source":"assumed highway class"},"type":"Feature"},{"geometry":{"coordinates":[[204.07,-406.709],[211.641,-407.283],[219.322,-409.242],[225.275,-412.718],[236.909,-419.32],[245.617,-422.746],[256.515,-428.285],[264.112,-430.301],[276.551,-428.082]],"type":"LineString"},"id":"osm_way_224937848_s0","properties":{"asset_id":"osm_way_224937848_s0","confidence":"mapped alignment; inferred width","context_layer":"roads","geometry_role":"mapped_path_alignment","geometry_status":"source_community_mapping_not_surveyed","id":"osm_way_224937848_s0","length_m":77.867724,"map_feature_id":null,"measured":false,"name":"","osm_id":224937848,"osm_type":"way","osm_version":3,"source_timestamp":"2026-04-25T08:16:15Z","source_url":"https://www.openstreetmap.org/way/224937848","space_id":null,"tags":{"bicycle":"no","foot":"yes","highway":"track","horse":"no","motor_vehicle":"no"},"width":2.5,"width_source":"assumed highway class"},"type":"Feature"},{"geometry":{"coordinates":[[441.107,-538.107],[450.835,-556.831],[453.983,-562.897],[465.099,-584.302],[470.522,-596.117],[475.985,-596.019]],"type":"LineString"},"id":"osm_way_224939806_s0","properties":{"asset_id":"osm_way_224939806_s0","confidence":"mapped alignment; inferred width","context_layer":"roads","geometry_role":"mapped_path_alignment","geometry_status":"source_community_mapping_not_surveyed","id":"osm_way_224939806_s0","length_m":70.517762,"map_feature_id":null,"measured":false,"name":"","osm_id":224939806,"osm_type":"way","osm_version":3,"source_timestamp":"2013-06-09T05:58:54Z","source_url":"https://www.openstreetmap.org/way/224939806","space_id":null,"tags":{"highway":"service"},"width":5.5,"width_source":"assumed highway class"},"type":"Feature"},{"geometry":{"coordinates":[[450.835,-556.831],[438.188,-564.322],[441.418,-570.22],[453.983,-562.897]],"type":"LineString"},"id":"osm_way_224939821_s0","properties":{"asset_id":"osm_way_224939821_s0","confidence":"mapped alignment; inferred width","context_layer":"roads","geometry_role":"mapped_path_alignment","geometry_status":"source_community_mapping_not_surveyed","id":"osm_way_224939821_s0","length_m":35.966798,"map_feature_id":null,"measured":false,"name":"","osm_id":224939821,"osm_type":"way","osm_version":2,"source_timestamp":"2013-06-09T05:59:04Z","source_url":"https://www.openstreetmap.org/way/224939821","space_id":null,"tags":{"highway":"service"},"width":5.5,"width_source":"assumed highway class"},"type":"Feature"},{"geometry":{"coordinates":[[68.332,676.714],[186.197,746.531],[203.867,756.984]],"type":"LineString"},"id":"osm_way_224941251_s0","properties":{"asset_id":"osm_way_224941251_s0","confidence":"mapped alignment; inferred width","context_layer":"roads","geometry_role":"mapped_path_alignment","geometry_status":"source_community_mapping_not_surveyed","id":"osm_way_224941251_s0","length_m":157.521459,"map_feature_id":null,"measured":false,"name":"","osm_id":224941251,"osm_type":"way","osm_version":3,"source_timestamp":"2013-06-10T14:38:27Z","source_url":"https://www.openstreetmap.org/way/224941251","space_id":null,"tags":{"highway":"service"},"width":5.5,"width_source":"assumed highway class"},"type":"Feature"},{"geometry":{"coordinates":[[28.032,500.76],[1.371,547.064],[-20.497,585.058],[-2.434,606.841],[6.223,628.357],[11.736,655.262],[10.769,676.073],[7.534,689.701],[46.835,713.483]],"type":"LineString"},"id":"osm_way_224941275_s0","properties":{"asset_id":"osm_way_224941275_s0","confidence":"mapped alignment; inferred width","context_layer":"roads","geometry_role":"mapped_path_alignment","geometry_status":"source_community_mapping_not_surveyed","id":"osm_way_224941275_s0","length_m":256.999527,"map_feature_id":null,"measured":false,"name":"","osm_id":224941275,"osm_type":"way","osm_version":2,"source_timestamp":"2013-06-10T14:45:37Z","source_url":"https://www.openstreetmap.org/way/224941275","space_id":null,"tags":{"highway":"pedestrian"},"width":6.0,"width_source":"assumed highway class"},"type":"Feature"},{"geometry":{"coordinates":[[-20.497,585.058],[-28.781,580.152],[-51.397,574.391],[-80.101,574.477],[-96.849,580.001],[-126.7,586.677],[-139.153,596.369],[-147.512,598.86],[-161.26,598.614],[-171.454,600.218],[-175.176,606.24],[-179.453,613.162],[-174.727,623.339],[-168.134,636.832],[-167.806,655.481],[-170.656,691.398],[-170.27,705.168]],"type":"LineString"},"id":"osm_way_224941322_s0","properties":{"asset_id":"osm_way_224941322_s0","confidence":"mapped alignment; inferred width","context_layer":"roads","geometry_role":"mapped_path_alignment","geometry_status":"source_community_mapping_not_surveyed","id":"osm_way_224941322_s0","length_m":268.377748,"map_feature_id":null,"measured":false,"name":"","osm_id":224941322,"osm_type":"way","osm_version":3,"source_timestamp":"2013-06-10T14:07:28Z","source_url":"https://www.openstreetmap.org/way/224941322","space_id":null,"tags":{"highway":"pedestrian"},"width":6.0,"width_source":"assumed highway class"},"type":"Feature"},{"geometry":{"coordinates":[[-175.176,606.24],[-190.597,595.551]],"type":"LineString"},"id":"osm_way_224941330_s0","properties":{"asset_id":"osm_way_224941330_s0","confidence":"mapped alignment; inferred width","context_layer":"roads","geometry_role":"mapped_path_alignment","geometry_status":"source_community_mapping_not_surveyed","id":"osm_way_224941330_s0","length_m":18.763314,"map_feature_id":null,"measured":false,"name":"","osm_id":224941330,"osm_type":"way","osm_version":1,"source_timestamp":"2013-06-09T06:35:27Z","source_url":"https://www.openstreetmap.org/way/224941330","space_id":null,"tags":{"highway":"pedestrian"},"width":6.0,"width_source":"assumed highway class"},"type":"Feature"},{"geometry":{"coordinates":[[7.534,689.701],[0.565,705.702],[-9.135,720.89],[-21.837,735.591],[-37.03,745.989],[-46.965,750.502],[-58.829,742.605]],"type":"LineString"},"id":"osm_way_224941334_s0","properties":{"asset_id":"osm_way_224941334_s0","confidence":"mapped alignment; inferred width","context_layer":"roads","geometry_role":"mapped_path_alignment","geometry_status":"source_community_mapping_not_surveyed","id":"osm_way_224941334_s0","length_m":98.476722,"map_feature_id":null,"measured":false,"name":"","osm_id":224941334,"osm_type":"way","osm_version":1,"source_timestamp":"2013-06-09T06:35:54Z","source_url":"https://www.openstreetmap.org/way/224941334","space_id":null,"tags":{"highway":"pedestrian"},"width":6.0,"width_source":"assumed highway class"},"type":"Feature"},{"geometry":{"coordinates":[[-466.255,408.501],[-405.638,443.841],[-356.111,473.372],[-303.092,504.972]],"type":"LineString"},"id":"osm_way_224941984_s0","properties":{"asset_id":"osm_way_224941984_s0","confidence":"mapped alignment; inferred width","context_layer":"roads","geometry_role":"mapped_path_alignment","geometry_status":"source_community_mapping_not_surveyed","id":"osm_way_224941984_s0","length_m":189.551084,"map_feature_id":null,"measured":false,"name":"","osm_id":224941984,"osm_type":"way","osm_version":2,"source_timestamp":"2013-06-09T06:58:18Z","source_url":"https://www.openstreetmap.org/way/224941984","space_id":null,"tags":{"highway":"service"},"width":5.5,"width_source":"assumed highway class"},"type":"Feature"},{"geometry":{"coordinates":[[-322.75,538.127],[-374.932,505.687],[-424.697,475.232],[-477.362,444.359]],"type":"LineString"},"id":"osm_way_224941985_s0","properties":{"asset_id":"osm_way_224941985_s0","confidence":"mapped alignment; inferred width","context_layer":"roads","geometry_role":"mapped_path_alignment","geometry_status":"source_community_mapping_not_surveyed","id":"osm_way_224941985_s0","length_m":180.834999,"map_feature_id":null,"measured":false,"name":"","osm_id":224941985,"osm_type":"way","osm_version":4,"source_timestamp":"2013-06-09T06:58:02Z","source_url":"https://www.openstreetmap.org/way/224941985","space_id":null,"tags":{"highway":"service"},"width":5.5,"width_source":"assumed highway class"},"type":"Feature"},{"geometry":{"coordinates":[[-424.697,475.232],[-405.638,443.841],[-389.184,416.175]],"type":"LineString"},"id":"osm_way_224941996_s0","properties":{"asset_id":"osm_way_224941996_s0","confidence":"mapped alignment; inferred width","context_layer":"roads","geometry_role":"mapped_path_alignment","geometry_status":"source_community_mapping_not_surveyed","id":"osm_way_224941996_s0","length_m":68.912994,"map_feature_id":null,"measured":false,"name":"","osm_id":224941996,"osm_type":"way","osm_version":3,"source_timestamp":"2013-06-11T15:43:21Z","source_url":"https://www.openstreetmap.org/way/224941996","space_id":null,"tags":{"highway":"service"},"width":5.5,"width_source":"assumed highway class"},"type":"Feature"},{"geometry":{"coordinates":[[-374.932,505.687],[-356.111,473.372],[-339.855,445.136]],"type":"LineString"},"id":"osm_way_224942000_s0","properties":{"asset_id":"osm_way_224942000_s0","confidence":"mapped alignment; inferred width","context_layer":"roads","geometry_role":"mapped_path_alignment","geometry_status":"source_community_mapping_not_surveyed","id":"osm_way_224942000_s0","length_m":69.977498,"map_feature_id":null,"measured":false,"name":"","osm_id":224942000,"osm_type":"way","osm_version":3,"source_timestamp":"2013-06-11T15:43:21Z","source_url":"https://www.openstreetmap.org/way/224942000","space_id":null,"tags":{"highway":"service"},"width":5.5,"width_source":"assumed highway class"},"type":"Feature"},{"geometry":{"coordinates":[[-501.069,489.264],[-457.67,515.136],[-456.558,515.799],[-434.212,529.285],[-404.331,547.906],[-347.756,582.232]],"type":"LineString"},"id":"osm_way_224942025_s0","properties":{"asset_id":"osm_way_224942025_s0","confidence":"mapped alignment; inferred width","context_layer":"roads","geometry_role":"mapped_path_alignment","geometry_status":"source_community_mapping_not_surveyed","id":"osm_way_224942025_s0","length_m":179.302563,"map_feature_id":null,"measured":false,"name":"","osm_id":224942025,"osm_type":"way","osm_version":6,"source_timestamp":"2013-06-11T15:43:21Z","source_url":"https://www.openstreetmap.org/way/224942025","space_id":null,"tags":{"highway":"service"},"width":5.5,"width_source":"assumed highway class"},"type":"Feature"},{"geometry":{"coordinates":[[-434.212,529.285],[-421.391,508.951],[-416.755,507.803],[-333.183,558.436]],"type":"LineString"},"id":"osm_way_224942030_s0","properties":{"asset_id":"osm_way_224942030_s0","confidence":"mapped alignment; inferred width","context_layer":"roads","geometry_role":"mapped_path_alignment","geometry_status":"source_community_mapping_not_surveyed","id":"osm_way_224942030_s0","length_m":126.528291,"map_feature_id":null,"measured":false,"name":"","osm_id":224942030,"osm_type":"way","osm_version":1,"source_timestamp":"2013-06-09T06:59:08Z","source_url":"https://www.openstreetmap.org/way/224942030","space_id":null,"tags":{"highway":"service"},"width":5.5,"width_source":"assumed highway class"},"type":"Feature"},{"geometry":{"coordinates":[[-474.484,541.854],[-457.67,515.136]],"type":"LineString"},"id":"osm_way_224942035_s0","properties":{"asset_id":"osm_way_224942035_s0","confidence":"mapped alignment; inferred width","context_layer":"roads","geometry_role":"mapped_path_alignment","geometry_status":"source_community_mapping_not_surveyed","id":"osm_way_224942035_s0","length_m":31.568372,"map_feature_id":null,"measured":false,"name":"","osm_id":224942035,"osm_type":"way","osm_version":1,"source_timestamp":"2013-06-09T06:59:38Z","source_url":"https://www.openstreetmap.org/way/224942035","space_id":null,"tags":{"highway":"service"},"width":5.5,"width_source":"assumed highway class"},"type":"Feature"},{"geometry":{"coordinates":[[-420.653,574.522],[-404.331,547.906]],"type":"LineString"},"id":"osm_way_224942039_s0","properties":{"asset_id":"osm_way_224942039_s0","confidence":"mapped alignment; inferred width","context_layer":"roads","geometry_role":"mapped_path_alignment","geometry_status":"source_community_mapping_not_surveyed","id":"osm_way_224942039_s0","length_m":31.222094,"map_feature_id":null,"measured":false,"name":"","osm_id":224942039,"osm_type":"way","osm_version":2,"source_timestamp":"2013-06-09T06:59:58Z","source_url":"https://www.openstreetmap.org/way/224942039","space_id":null,"tags":{"highway":"service"},"width":5.5,"width_source":"assumed highway class"},"type":"Feature"},{"geometry":{"coordinates":[[-123.883,-752.111],[-127.739,-757.138],[-137.148,-759.89],[-143.967,-762.363],[-146.694,-768.766],[-146.265,-779.594],[-143.547,-785.901],[-136.859,-789.319]],"type":"LineString"},"id":"osm_way_224952400_s0","properties":{"asset_id":"osm_way_224952400_s0","confidence":"mapped alignment; inferred width","context_layer":"roads","geometry_role":"mapped_path_alignment","geometry_status":"source_community_mapping_not_surveyed","id":"osm_way_224952400_s0","length_m":55.566906,"map_feature_id":null,"measured":false,"name":"","osm_id":224952400,"osm_type":"way","osm_version":4,"source_timestamp":"2013-12-01T12:15:40Z","source_url":"https://www.openstreetmap.org/way/224952400","space_id":null,"tags":{"highway":"service"},"width":5.5,"width_source":"assumed highway class"},"type":"Feature"},{"geometry":{"coordinates":[[-120.882,-697.602],[-119.664,-732.505],[-117.178,-739.049],[-113.79,-743.225],[-109.736,-745.038]],"type":"LineString"},"id":"osm_way_224952411_s0","properties":{"asset_id":"osm_way_224952411_s0","confidence":"mapped alignment; inferred width","context_layer":"roads","geometry_role":"mapped_path_alignment","geometry_status":"source_community_mapping_not_surveyed","id":"osm_way_224952411_s0","length_m":51.742975,"map_feature_id":null,"measured":false,"name":"","osm_id":224952411,"osm_type":"way","osm_version":1,"source_timestamp":"2013-06-09T09:07:08Z","source_url":"https://www.openstreetmap.org/way/224952411","space_id":null,"tags":{"highway":"service"},"width":5.5,"width_source":"assumed highway class"},"type":"Feature"},{"geometry":{"coordinates":[[23.695,-695.885],[23.194,-644.101],[22.284,-611.632],[21.936,-599.051]],"type":"LineString"},"id":"osm_way_224953924_s0","properties":{"asset_id":"osm_way_224953924_s0","confidence":"mapped alignment; inferred width","context_layer":"roads","geometry_role":"mapped_path_alignment","geometry_status":"source_community_mapping_not_surveyed","id":"osm_way_224953924_s0","length_m":96.853985,"map_feature_id":null,"measured":false,"name":"","osm_id":224953924,"osm_type":"way","osm_version":3,"source_timestamp":"2013-06-09T09:33:38Z","source_url":"https://www.openstreetmap.org/way/224953924","space_id":null,"tags":{"highway":"service"},"width":5.5,"width_source":"assumed highway class"},"type":"Feature"},{"geometry":{"coordinates":[[-89.707,-600.601],[7.25,-599.18],[21.936,-599.051],[36.501,-598.502],[123.068,-596.156]],"type":"LineString"},"id":"osm_way_224953943_s0","properties":{"asset_id":"osm_way_224953943_s0","confidence":"mapped alignment; inferred width","context_layer":"roads","geometry_role":"mapped_path_alignment","geometry_status":"source_community_mapping_not_surveyed","id":"osm_way_224953943_s0","length_m":212.828105,"map_feature_id":null,"measured":false,"name":"","osm_id":224953943,"osm_type":"way","osm_version":3,"source_timestamp":"2013-06-09T09:32:45Z","source_url":"https://www.openstreetmap.org/way/224953943","space_id":null,"tags":{"highway":"service"},"width":5.5,"width_source":"assumed highway class"},"type":"Feature"},{"geometry":{"coordinates":[[-89.701,-613.644],[7.45,-611.92],[22.284,-611.632],[36.841,-611.162],[49.933,-611.138]],"type":"LineString"},"id":"osm_way_224953960_s0","properties":{"asset_id":"osm_way_224953960_s0","confidence":"mapped alignment; inferred width","context_layer":"roads","geometry_role":"mapped_path_alignment","geometry_status":"source_community_mapping_not_surveyed","id":"osm_way_224953960_s0","length_m":139.659698,"map_feature_id":null,"measured":false,"name":"","osm_id":224953960,"osm_type":"way","osm_version":4,"source_timestamp":"2021-08-06T12:18:26Z","source_url":"https://www.openstreetmap.org/way/224953960","space_id":null,"tags":{"highway":"service"},"width":5.5,"width_source":"assumed highway class"},"type":"Feature"},{"geometry":{"coordinates":[[23.194,-644.101],[47.984,-643.658]],"type":"LineString"},"id":"osm_way_224954177_s0","properties":{"asset_id":"osm_way_224954177_s0","confidence":"mapped alignment; inferred width","context_layer":"roads","geometry_role":"mapped_path_alignment","geometry_status":"source_community_mapping_not_surveyed","id":"osm_way_224954177_s0","length_m":24.793958,"map_feature_id":null,"measured":false,"name":"","osm_id":224954177,"osm_type":"way","osm_version":1,"source_timestamp":"2013-06-09T09:33:38Z","source_url":"https://www.openstreetmap.org/way/224954177","space_id":null,"tags":{"highway":"service"},"width":5.5,"width_source":"assumed highway class"},"type":"Feature"},{"geometry":{"coordinates":[[-91.743,-504.037],[121.31,-497.281]],"type":"LineString"},"id":"osm_way_224954286_s0","properties":{"asset_id":"osm_way_224954286_s0","confidence":"mapped alignment; inferred width","context_layer":"roads","geometry_role":"mapped_path_alignment","geometry_status":"source_community_mapping_not_surveyed","id":"osm_way_224954286_s0","length_m":213.160091,"map_feature_id":null,"measured":false,"name":"","osm_id":224954286,"osm_type":"way","osm_version":1,"source_timestamp":"2013-06-09T09:34:24Z","source_url":"https://www.openstreetmap.org/way/224954286","space_id":null,"tags":{"highway":"pedestrian"},"width":6.0,"width_source":"assumed highway class"},"type":"Feature"},{"geometry":{"coordinates":[[-93.26,-416.925],[119.653,-412.555]],"type":"LineString"},"id":"osm_way_224954305_s0","properties":{"asset_id":"osm_way_224954305_s0","confidence":"mapped alignment; inferred width","context_layer":"roads","geometry_role":"mapped_path_alignment","geometry_status":"source_community_mapping_not_surveyed","id":"osm_way_224954305_s0","length_m":212.957842,"map_feature_id":null,"measured":false,"name":"","osm_id":224954305,"osm_type":"way","osm_version":1,"source_timestamp":"2013-06-09T09:35:19Z","source_url":"https://www.openstreetmap.org/way/224954305","space_id":null,"tags":{"highway":"service"},"width":5.5,"width_source":"assumed highway class"},"type":"Feature"},{"geometry":{"coordinates":[[-92.815,-430.747],[119.898,-427.268]],"type":"LineString"},"id":"osm_way_224954306_s0","properties":{"asset_id":"osm_way_224954306_s0","confidence":"mapped alignment; inferred width","context_layer":"roads","geometry_role":"mapped_path_alignment","geometry_status":"source_community_mapping_not_surveyed","id":"osm_way_224954306_s0","length_m":212.741448,"map_feature_id":null,"measured":false,"name":"","osm_id":224954306,"osm_type":"way","osm_version":1,"source_timestamp":"2013-06-09T09:35:19Z","source_url":"https://www.openstreetmap.org/way/224954306","space_id":null,"tags":{"highway":"service"},"width":5.5,"width_source":"assumed highway class"},"type":"Feature"},{"geometry":{"coordinates":[[-95.88,-247.505],[-39.909,-246.739],[52.69,-245.627],[116.401,-244.866]],"type":"LineString"},"id":"osm_way_224954736_s0","properties":{"asset_id":"osm_way_224954736_s0","confidence":"mapped alignment; inferred width","context_layer":"roads","geometry_role":"mapped_path_alignment","geometry_status":"source_community_mapping_not_surveyed","id":"osm_way_224954736_s0","length_m":212.297463,"map_feature_id":null,"measured":false,"name":"","osm_id":224954736,"osm_type":"way","osm_version":4,"source_timestamp":"2013-06-09T15:18:32Z","source_url":"https://www.openstreetmap.org/way/224954736","space_id":null,"tags":{"highway":"service"},"width":5.5,"width_source":"assumed highway class"},"type":"Feature"},{"geometry":{"coordinates":[[-94.791,-342.3],[-45.053,-341.357],[-40.741,-340.193],[-37.71,-337.078],[-34.152,-335.483],[-0.527,-334.517],[1.461,-333.25]],"type":"LineString"},"id":"osm_way_224995051_s0","properties":{"asset_id":"osm_way_224995051_s0","confidence":"mapped alignment; inferred width","context_layer":"roads","geometry_role":"mapped_path_alignment","geometry_status":"source_community_mapping_not_surveyed","id":"osm_way_224995051_s0","length_m":98.455014,"map_feature_id":null,"measured":false,"name":"","osm_id":224995051,"osm_type":"way","osm_version":2,"source_timestamp":"2013-06-09T15:18:05Z","source_url":"https://www.openstreetmap.org/way/224995051","space_id":null,"tags":{"highway":"service"},"width":5.5,"width_source":"assumed highway class"},"type":"Feature"},{"geometry":{"coordinates":[[-45.053,-341.357],[9.607,-340.103],[24.204,-339.764],[53.189,-339.091],[118.181,-337.597]],"type":"LineString"},"id":"osm_way_224995052_s0","properties":{"asset_id":"osm_way_224995052_s0","confidence":"mapped alignment; inferred width","context_layer":"roads","geometry_role":"mapped_path_alignment","geometry_status":"source_community_mapping_not_surveyed","id":"osm_way_224995052_s0","length_m":163.2773,"map_feature_id":null,"measured":false,"name":"","osm_id":224995052,"osm_type":"way","osm_version":2,"source_timestamp":"2013-06-09T15:17:20Z","source_url":"https://www.openstreetmap.org/way/224995052","space_id":null,"tags":{"highway":"pedestrian"},"width":6.0,"width_source":"assumed highway class"},"type":"Feature"},{"geometry":{"coordinates":[[-13.939,-315.059],[-15.82,-316.501],[-18.757,-319.571],[-21.289,-321.534],[-24.292,-324.139],[-29.184,-328.208],[-31.536,-330.801],[-31.9,-333.092]],"type":"LineString"},"id":"osm_way_224995721_s0","properties":{"asset_id":"osm_way_224995721_s0","confidence":"mapped alignment; inferred width","context_layer":"roads","geometry_role":"mapped_path_alignment","geometry_status":"source_community_mapping_not_surveyed","id":"osm_way_224995721_s0","length_m":25.981582,"map_feature_id":null,"measured":false,"name":"","osm_id":224995721,"osm_type":"way","osm_version":2,"source_timestamp":"2013-06-09T15:17:20Z","source_url":"https://www.openstreetmap.org/way/224995721","space_id":null,"tags":{"highway":"pedestrian"},"width":6.0,"width_source":"assumed highway class"},"type":"Feature"},{"geometry":{"coordinates":[[-75.189,-311.44],[-75.419,-316.035],[-76.598,-320.803],[-76.671,-325.707],[-75.811,-329.484],[-76.356,-334.396],[-76.115,-339.427]],"type":"LineString"},"id":"osm_way_224995747_s0","properties":{"asset_id":"osm_way_224995747_s0","confidence":"mapped alignment; inferred width","context_layer":"roads","geometry_role":"mapped_path_alignment","geometry_status":"source_community_mapping_not_surveyed","id":"osm_way_224995747_s0","length_m":28.269483,"map_feature_id":null,"measured":false,"name":"","osm_id":224995747,"osm_type":"way","osm_version":1,"source_timestamp":"2013-06-09T15:07:19Z","source_url":"https://www.openstreetmap.org/way/224995747","space_id":null,"tags":{"highway":"pedestrian"},"width":6.0,"width_source":"assumed highway class"},"type":"Feature"},{"geometry":{"coordinates":[[52.69,-245.627],[53.052,-313.995],[53.189,-339.091]],"type":"LineString"},"id":"osm_way_224996490_s0","properties":{"asset_id":"osm_way_224996490_s0","confidence":"mapped alignment; inferred width","context_layer":"roads","geometry_role":"mapped_path_alignment","geometry_status":"source_community_mapping_not_surveyed","id":"osm_way_224996490_s0","length_m":93.465332,"map_feature_id":null,"measured":false,"name":"","osm_id":224996490,"osm_type":"way","osm_version":1,"source_timestamp":"2013-06-09T15:17:20Z","source_url":"https://www.openstreetmap.org/way/224996490","space_id":null,"tags":{"highway":"pedestrian"},"width":6.0,"width_source":"assumed highway class"},"type":"Feature"},{"geometry":{"coordinates":[[-13.891,-310.334],[-13.939,-315.059],[9.436,-314.686],[23.902,-314.45],[53.052,-313.995]],"type":"LineString"},"id":"osm_way_224996491_s0","properties":{"asset_id":"osm_way_224996491_s0","confidence":"mapped alignment; inferred width","context_layer":"roads","geometry_role":"mapped_path_alignment","geometry_status":"source_community_mapping_not_surveyed","id":"osm_way_224996491_s0","length_m":71.724695,"map_feature_id":null,"measured":false,"name":"","osm_id":224996491,"osm_type":"way","osm_version":1,"source_timestamp":"2013-06-09T15:17:20Z","source_url":"https://www.openstreetmap.org/way/224996491","space_id":null,"tags":{"highway":"pedestrian"},"width":6.0,"width_source":"assumed highway class"},"type":"Feature"},{"geometry":{"coordinates":[[9.436,-314.686],[9.607,-340.103]],"type":"LineString"},"id":"osm_way_224996492_s0","properties":{"asset_id":"osm_way_224996492_s0","confidence":"mapped alignment; inferred width","context_layer":"roads","geometry_role":"mapped_path_alignment","geometry_status":"source_community_mapping_not_surveyed","id":"osm_way_224996492_s0","length_m":25.417575,"map_feature_id":null,"measured":false,"name":"","osm_id":224996492,"osm_type":"way","osm_version":1,"source_timestamp":"2013-06-09T15:17:20Z","source_url":"https://www.openstreetmap.org/way/224996492","space_id":null,"tags":{"highway":"pedestrian"},"width":6.0,"width_source":"assumed highway class"},"type":"Feature"},{"geometry":{"coordinates":[[23.902,-314.45],[24.204,-339.764]],"type":"LineString"},"id":"osm_way_224996493_s0","properties":{"asset_id":"osm_way_224996493_s0","confidence":"mapped alignment; inferred width","context_layer":"roads","geometry_role":"mapped_path_alignment","geometry_status":"source_community_mapping_not_surveyed","id":"osm_way_224996493_s0","length_m":25.315801,"map_feature_id":null,"measured":false,"name":"","osm_id":224996493,"osm_type":"way","osm_version":1,"source_timestamp":"2013-06-09T15:17:20Z","source_url":"https://www.openstreetmap.org/way/224996493","space_id":null,"tags":{"highway":"pedestrian"},"width":6.0,"width_source":"assumed highway class"},"type":"Feature"},{"geometry":{"coordinates":[[-39.909,-246.739],[-35.03,-248.271],[-32.398,-250.286],[-28.737,-251.264],[-5.716,-250.675],[-2.422,-251.137]],"type":"LineString"},"id":"osm_way_224996566_s0","properties":{"asset_id":"osm_way_224996566_s0","confidence":"mapped alignment; inferred width","context_layer":"roads","geometry_role":"mapped_path_alignment","geometry_status":"source_community_mapping_not_surveyed","id":"osm_way_224996566_s0","length_m":38.572787,"map_feature_id":null,"measured":false,"name":"","osm_id":224996566,"osm_type":"way","osm_version":1,"source_timestamp":"2013-06-09T15:18:32Z","source_url":"https://www.openstreetmap.org/way/224996566","space_id":null,"tags":{"highway":"service"},"width":5.5,"width_source":"assumed highway class"},"type":"Feature"},{"geometry":{"coordinates":[[-125.328,-697.593],[-123.883,-752.111]],"type":"LineString"},"id":"osm_way_224996916_s0","properties":{"asset_id":"osm_way_224996916_s0","confidence":"mapped alignment; inferred width","context_layer":"roads","geometry_role":"mapped_path_alignment","geometry_status":"source_community_mapping_not_surveyed","id":"osm_way_224996916_s0","length_m":54.537147,"map_feature_id":null,"measured":false,"name":"","osm_id":224996916,"osm_type":"way","osm_version":1,"source_timestamp":"2013-06-09T15:22:19Z","source_url":"https://www.openstreetmap.org/way/224996916","space_id":null,"tags":{"highway":"service"},"width":5.5,"width_source":"assumed highway class"},"type":"Feature"},{"geometry":{"coordinates":[[157.797,-186.531],[146.868,-196.165],[135.596,-197.088]],"type":"LineString"},"id":"osm_way_225009121_s0","properties":{"asset_id":"osm_way_225009121_s0","confidence":"mapped alignment; inferred width","context_layer":"roads","geometry_role":"mapped_path_alignment","geometry_status":"source_community_mapping_not_surveyed","id":"osm_way_225009121_s0","length_m":25.878769,"map_feature_id":null,"measured":false,"name":"","osm_id":225009121,"osm_type":"way","osm_version":2,"source_timestamp":"2026-04-25T08:16:15Z","source_url":"https://www.openstreetmap.org/way/225009121","space_id":null,"tags":{"highway":"pedestrian"},"width":6.0,"width_source":"assumed highway class"},"type":"Feature"},{"geometry":{"coordinates":[[416.713,334.343],[416.986,317.513],[420.565,93.477]],"type":"LineString"},"id":"osm_way_225092939_s0","properties":{"asset_id":"osm_way_225092939_s0","confidence":"mapped alignment; inferred width","context_layer":"roads","geometry_role":"mapped_path_alignment","geometry_status":"source_community_mapping_not_surveyed","id":"osm_way_225092939_s0","length_m":240.8968,"map_feature_id":null,"measured":false,"name":"","osm_id":225092939,"osm_type":"way","osm_version":3,"source_timestamp":"2013-06-10T13:11:49Z","source_url":"https://www.openstreetmap.org/way/225092939","space_id":null,"tags":{"highway":"pedestrian"},"width":6.0,"width_source":"assumed highway class"},"type":"Feature"},{"geometry":{"coordinates":[[180.389,-320.835],[177.04,-315.106],[172.768,-310.103],[165.515,-307.227],[157.806,-305.28],[149.38,-304.965]],"type":"LineString"},"id":"osm_way_225093475_s0","properties":{"asset_id":"osm_way_225093475_s0","confidence":"mapped alignment; inferred width","context_layer":"roads","geometry_role":"mapped_path_alignment","geometry_status":"source_community_mapping_not_surveyed","id":"osm_way_225093475_s0","length_m":37.40016,"map_feature_id":null,"measured":false,"name":"","osm_id":225093475,"osm_type":"way","osm_version":2,"source_timestamp":"2013-06-11T08:05:41Z","source_url":"https://www.openstreetmap.org/way/225093475","space_id":null,"tags":{"highway":"track"},"width":2.5,"width_source":"assumed highway class"},"type":"Feature"},{"geometry":{"coordinates":[[204.07,-406.709],[195.468,-406.586],[189.863,-405.599],[183.541,-403.139],[179.673,-400.624]],"type":"LineString"},"id":"osm_way_225093538_s0","properties":{"asset_id":"osm_way_225093538_s0","confidence":"mapped alignment; inferred width","context_layer":"roads","geometry_role":"mapped_path_alignment","geometry_status":"source_community_mapping_not_surveyed","id":"osm_way_225093538_s0","length_m":25.691615,"map_feature_id":null,"measured":false,"name":"","osm_id":225093538,"osm_type":"way","osm_version":2,"source_timestamp":"2013-06-11T08:05:41Z","source_url":"https://www.openstreetmap.org/way/225093538","space_id":null,"tags":{"highway":"track"},"width":2.5,"width_source":"assumed highway class"},"type":"Feature"},{"geometry":{"coordinates":[[319.928,308.466],[314.864,284.519]],"type":"LineString"},"id":"osm_way_225094821_s0","properties":{"asset_id":"osm_way_225094821_s0","confidence":"mapped alignment; inferred width","context_layer":"roads","geometry_role":"mapped_path_alignment","geometry_status":"source_community_mapping_not_surveyed","id":"osm_way_225094821_s0","length_m":24.476579,"map_feature_id":null,"measured":false,"name":"","osm_id":225094821,"osm_type":"way","osm_version":3,"source_timestamp":"2013-06-11T08:05:40Z","source_url":"https://www.openstreetmap.org/way/225094821","space_id":null,"tags":{"highway":"track"},"width":2.5,"width_source":"assumed highway class"},"type":"Feature"},{"geometry":{"coordinates":[[416.986,317.513],[493.843,319.289],[494.931,320.173],[497.111,331.281],[495.688,338.021],[513.146,349.247]],"type":"LineString"},"id":"osm_way_225100414_s0","properties":{"asset_id":"osm_way_225100414_s0","confidence":"mapped alignment; inferred width","context_layer":"roads","geometry_role":"mapped_path_alignment","geometry_status":"source_community_mapping_not_surveyed","id":"osm_way_225100414_s0","length_m":117.243688,"map_feature_id":null,"measured":false,"name":"","osm_id":225100414,"osm_type":"way","osm_version":1,"source_timestamp":"2013-06-10T13:11:49Z","source_url":"https://www.openstreetmap.org/way/225100414","space_id":null,"tags":{"highway":"pedestrian"},"width":6.0,"width_source":"assumed highway class"},"type":"Feature"},{"geometry":{"coordinates":[[495.688,338.021],[493.765,336.8],[475.353,368.267]],"type":"LineString"},"id":"osm_way_225100415_s0","properties":{"asset_id":"osm_way_225100415_s0","confidence":"mapped alignment; inferred width","context_layer":"roads","geometry_role":"mapped_path_alignment","geometry_status":"source_community_mapping_not_surveyed","id":"osm_way_225100415_s0","length_m":38.735724,"map_feature_id":null,"measured":false,"name":"","osm_id":225100415,"osm_type":"way","osm_version":1,"source_timestamp":"2013-06-10T13:11:49Z","source_url":"https://www.openstreetmap.org/way/225100415","space_id":null,"tags":{"highway":"pedestrian"},"width":6.0,"width_source":"assumed highway class"},"type":"Feature"},{"geometry":{"coordinates":[[386.96,347.086],[400.972,335.769]],"type":"LineString"},"id":"osm_way_225102231_s0","properties":{"asset_id":"osm_way_225102231_s0","confidence":"mapped alignment; inferred width","context_layer":"roads","geometry_role":"mapped_path_alignment","geometry_status":"source_community_mapping_not_surveyed","id":"osm_way_225102231_s0","length_m":18.011403,"map_feature_id":null,"measured":false,"name":"","osm_id":225102231,"osm_type":"way","osm_version":2,"source_timestamp":"2013-06-11T08:05:40Z","source_url":"https://www.openstreetmap.org/way/225102231","space_id":null,"tags":{"highway":"track"},"width":2.5,"width_source":"assumed highway class"},"type":"Feature"},{"geometry":{"coordinates":[[179.235,754.247],[186.197,746.531]],"type":"LineString"},"id":"osm_way_225107325_s0","properties":{"asset_id":"osm_way_225107325_s0","confidence":"mapped alignment; inferred width","context_layer":"roads","geometry_role":"mapped_path_alignment","geometry_status":"source_community_mapping_not_surveyed","id":"osm_way_225107325_s0","length_m":10.392598,"map_feature_id":null,"measured":false,"name":"","osm_id":225107325,"osm_type":"way","osm_version":1,"source_timestamp":"2013-06-10T14:38:26Z","source_url":"https://www.openstreetmap.org/way/225107325","space_id":null,"tags":{"highway":"pedestrian"},"width":6.0,"width_source":"assumed highway class"},"type":"Feature"},{"geometry":{"coordinates":[[1.371,547.064],[29.38,563.712]],"type":"LineString"},"id":"osm_way_225108277_s0","properties":{"asset_id":"osm_way_225108277_s0","confidence":"mapped alignment; inferred width","context_layer":"roads","geometry_role":"mapped_path_alignment","geometry_status":"source_community_mapping_not_surveyed","id":"osm_way_225108277_s0","length_m":32.583124,"map_feature_id":null,"measured":false,"name":"","osm_id":225108277,"osm_type":"way","osm_version":1,"source_timestamp":"2013-06-10T14:45:37Z","source_url":"https://www.openstreetmap.org/way/225108277","space_id":null,"tags":{"highway":"pedestrian"},"width":6.0,"width_source":"assumed highway class"},"type":"Feature"},{"geometry":{"coordinates":[[46.232,714.493],[53.403,718.813]],"type":"LineString"},"id":"osm_way_225109875_s0","properties":{"asset_id":"osm_way_225109875_s0","confidence":"mapped alignment; inferred width","context_layer":"roads","geometry_role":"mapped_path_alignment","geometry_status":"source_community_mapping_not_surveyed","id":"osm_way_225109875_s0","length_m":8.371717,"map_feature_id":null,"measured":false,"name":"","osm_id":225109875,"osm_type":"way","osm_version":1,"source_timestamp":"2013-06-10T14:58:33Z","source_url":"https://www.openstreetmap.org/way/225109875","space_id":null,"tags":{"highway":"pedestrian"},"width":6.0,"width_source":"assumed highway class"},"type":"Feature"},{"geometry":{"coordinates":[[31.221,739.5],[38.001,743.548]],"type":"LineString"},"id":"osm_way_225109876_s0","properties":{"asset_id":"osm_way_225109876_s0","confidence":"mapped alignment; inferred width","context_layer":"roads","geometry_role":"mapped_path_alignment","geometry_status":"source_community_mapping_not_surveyed","id":"osm_way_225109876_s0","length_m":7.896499,"map_feature_id":null,"measured":false,"name":"","osm_id":225109876,"osm_type":"way","osm_version":1,"source_timestamp":"2013-06-10T14:58:33Z","source_url":"https://www.openstreetmap.org/way/225109876","space_id":null,"tags":{"highway":"pedestrian"},"width":6.0,"width_source":"assumed highway class"},"type":"Feature"},{"geometry":{"coordinates":[[16.055,764.771],[23.452,769.173]],"type":"LineString"},"id":"osm_way_225109877_s0","properties":{"asset_id":"osm_way_225109877_s0","confidence":"mapped alignment; inferred width","context_layer":"roads","geometry_role":"mapped_path_alignment","geometry_status":"source_community_mapping_not_surveyed","id":"osm_way_225109877_s0","length_m":8.607741,"map_feature_id":null,"measured":false,"name":"","osm_id":225109877,"osm_type":"way","osm_version":1,"source_timestamp":"2013-06-10T14:58:33Z","source_url":"https://www.openstreetmap.org/way/225109877","space_id":null,"tags":{"highway":"pedestrian"},"width":6.0,"width_source":"assumed highway class"},"type":"Feature"},{"geometry":{"coordinates":[[55.931,546.287],[68.717,525.31]],"type":"LineString"},"id":"osm_way_225109878_s0","properties":{"asset_id":"osm_way_225109878_s0","confidence":"mapped alignment; inferred width","context_layer":"roads","geometry_role":"mapped_path_alignment","geometry_status":"source_community_mapping_not_surveyed","id":"osm_way_225109878_s0","length_m":24.566569,"map_feature_id":null,"measured":false,"name":"","osm_id":225109878,"osm_type":"way","osm_version":3,"source_timestamp":"2015-03-27T16:56:23Z","source_url":"https://www.openstreetmap.org/way/225109878","space_id":null,"tags":{"highway":"pedestrian"},"width":6.0,"width_source":"assumed highway class"},"type":"Feature"},{"geometry":{"coordinates":[[95.998,570.515],[108.73,549.46]],"type":"LineString"},"id":"osm_way_225109879_s0","properties":{"asset_id":"osm_way_225109879_s0","confidence":"mapped alignment; inferred width","context_layer":"roads","geometry_role":"mapped_path_alignment","geometry_status":"source_community_mapping_not_surveyed","id":"osm_way_225109879_s0","length_m":24.60522,"map_feature_id":null,"measured":false,"name":"","osm_id":225109879,"osm_type":"way","osm_version":1,"source_timestamp":"2013-06-10T14:58:33Z","source_url":"https://www.openstreetmap.org/way/225109879","space_id":null,"tags":{"highway":"pedestrian"},"width":6.0,"width_source":"assumed highway class"},"type":"Feature"},{"geometry":{"coordinates":[[71.099,526.75],[84.512,505.052]],"type":"LineString"},"id":"osm_way_225110408_s0","properties":{"asset_id":"osm_way_225110408_s0","confidence":"mapped alignment; inferred width","context_layer":"roads","geometry_role":"mapped_path_alignment","geometry_status":"source_community_mapping_not_surveyed","id":"osm_way_225110408_s0","length_m":25.509053,"map_feature_id":null,"measured":false,"name":"","osm_id":225110408,"osm_type":"way","osm_version":5,"source_timestamp":"2013-06-11T07:51:59Z","source_url":"https://www.openstreetmap.org/way/225110408","space_id":null,"tags":{"highway":"service"},"width":5.5,"width_source":"assumed highway class"},"type":"Feature"},{"geometry":{"coordinates":[[84.512,505.052],[119.26,526.413],[121.99,526.85],[125.407,525.758],[159.654,469.075],[180.751,434.162],[182.455,432.862],[185.05,430.779],[211.648,385.916],[142.243,344.858],[139.124,344.603],[135.956,346.498],[106.291,395.566],[53.389,483.057],[53.511,485.222],[54.325,487.244],[84.512,505.052]],"type":"LineString"},"id":"osm_way_225110408_s1","properties":{"asset_id":"osm_way_225110408_s1","confidence":"mapped alignment; inferred width","context_layer":"roads","geometry_role":"mapped_path_alignment","geometry_status":"source_community_mapping_not_surveyed","id":"osm_way_225110408_s1","length_m":498.221209,"map_feature_id":null,"measured":false,"name":"","osm_id":225110408,"osm_type":"way","osm_version":5,"source_timestamp":"2013-06-11T07:51:59Z","source_url":"https://www.openstreetmap.org/way/225110408","space_id":null,"tags":{"highway":"service"},"width":5.5,"width_source":"assumed highway class"},"type":"Feature"},{"geometry":{"coordinates":[[106.291,395.566],[126.857,407.756],[129.777,408.052],[133.8,406.35],[137.398,406.769],[182.455,432.862],[204.523,446.033]],"type":"LineString"},"id":"osm_way_225112716_s0","properties":{"asset_id":"osm_way_225112716_s0","confidence":"mapped alignment; inferred width","context_layer":"roads","geometry_role":"mapped_path_alignment","geometry_status":"source_community_mapping_not_surveyed","id":"osm_way_225112716_s0","length_m":112.599444,"map_feature_id":null,"measured":false,"name":"","osm_id":225112716,"osm_type":"way","osm_version":1,"source_timestamp":"2013-06-10T15:25:25Z","source_url":"https://www.openstreetmap.org/way/225112716","space_id":null,"tags":{"highway":"service"},"width":5.5,"width_source":"assumed highway class"},"type":"Feature"},{"geometry":{"coordinates":[[159.654,469.075],[182.94,483.311]],"type":"LineString"},"id":"osm_way_225112725_s0","properties":{"asset_id":"osm_way_225112725_s0","confidence":"mapped alignment; inferred width","context_layer":"roads","geometry_role":"mapped_path_alignment","geometry_status":"source_community_mapping_not_surveyed","id":"osm_way_225112725_s0","length_m":27.292884,"map_feature_id":null,"measured":false,"name":"","osm_id":225112725,"osm_type":"way","osm_version":1,"source_timestamp":"2013-06-10T15:25:45Z","source_url":"https://www.openstreetmap.org/way/225112725","space_id":null,"tags":{"highway":"service"},"width":5.5,"width_source":"assumed highway class"},"type":"Feature"},{"geometry":{"coordinates":[[248.7,369.321],[267.016,379.597],[275.333,384.26]],"type":"LineString"},"id":"osm_way_225199796_s0","properties":{"asset_id":"osm_way_225199796_s0","confidence":"mapped alignment; inferred width","context_layer":"roads","geometry_role":"mapped_path_alignment","geometry_status":"source_community_mapping_not_surveyed","id":"osm_way_225199796_s0","length_m":30.536706,"map_feature_id":null,"measured":false,"name":"","osm_id":225199796,"osm_type":"way","osm_version":1,"source_timestamp":"2013-06-11T06:34:38Z","source_url":"https://www.openstreetmap.org/way/225199796","space_id":null,"tags":{"highway":"pedestrian"},"width":6.0,"width_source":"assumed highway class"},"type":"Feature"},{"geometry":{"coordinates":[[261.667,407.373],[257.954,403.913],[257.31,399.243],[258.825,395.322],[267.016,379.597],[278.878,361.288],[281.253,359.357],[285.395,358.898],[289.509,360.58]],"type":"LineString"},"id":"osm_way_225199797_s0","properties":{"asset_id":"osm_way_225199797_s0","confidence":"mapped alignment; inferred width","context_layer":"roads","geometry_role":"mapped_path_alignment","geometry_status":"source_community_mapping_not_surveyed","id":"osm_way_225199797_s0","length_m":65.211962,"map_feature_id":null,"measured":false,"name":"","osm_id":225199797,"osm_type":"way","osm_version":1,"source_timestamp":"2013-06-11T06:34:38Z","source_url":"https://www.openstreetmap.org/way/225199797","space_id":null,"tags":{"highway":"pedestrian"},"width":6.0,"width_source":"assumed highway class"},"type":"Feature"},{"geometry":{"coordinates":[[332.569,532.437],[332.298,523.316],[332.174,513.864],[330.964,506.6],[326.521,497.504],[323.698,494.913]],"type":"LineString"},"id":"osm_way_225204143_s0","properties":{"asset_id":"osm_way_225204143_s0","confidence":"mapped alignment; inferred width","context_layer":"roads","geometry_role":"mapped_path_alignment","geometry_status":"source_community_mapping_not_surveyed","id":"osm_way_225204143_s0","length_m":39.896831,"map_feature_id":null,"measured":false,"name":"","osm_id":225204143,"osm_type":"way","osm_version":2,"source_timestamp":"2013-06-11T08:05:40Z","source_url":"https://www.openstreetmap.org/way/225204143","space_id":null,"tags":{"highway":"track"},"width":2.5,"width_source":"assumed highway class"},"type":"Feature"},{"geometry":{"coordinates":[[211.648,385.916],[232.401,398.232]],"type":"LineString"},"id":"osm_way_225205498_s0","properties":{"asset_id":"osm_way_225205498_s0","confidence":"mapped alignment; inferred width","context_layer":"roads","geometry_role":"mapped_path_alignment","geometry_status":"source_community_mapping_not_surveyed","id":"osm_way_225205498_s0","length_m":24.132361,"map_feature_id":null,"measured":false,"name":"","osm_id":225205498,"osm_type":"way","osm_version":1,"source_timestamp":"2013-06-11T07:51:58Z","source_url":"https://www.openstreetmap.org/way/225205498","space_id":null,"tags":{"highway":"service"},"width":5.5,"width_source":"assumed highway class"},"type":"Feature"},{"geometry":{"coordinates":[[120.203,587.174],[257.091,669.931]],"type":"LineString"},"id":"osm_way_225251712_s0","properties":{"asset_id":"osm_way_225251712_s0","confidence":"mapped alignment; inferred width","context_layer":"roads","geometry_role":"mapped_path_alignment","geometry_status":"source_community_mapping_not_surveyed","id":"osm_way_225251712_s0","length_m":159.959512,"map_feature_id":null,"measured":false,"name":"","osm_id":225251712,"osm_type":"way","osm_version":1,"source_timestamp":"2013-06-11T14:04:44Z","source_url":"https://www.openstreetmap.org/way/225251712","space_id":null,"tags":{"highway":"service"},"width":5.5,"width_source":"assumed highway class"},"type":"Feature"},{"geometry":{"coordinates":[[-477.362,444.359],[-480.218,442.068],[-482.157,438.573],[-480.277,433.15],[-466.255,408.501],[-450.582,381.742],[-389.184,416.175],[-339.855,445.136],[-286.248,477.136],[-303.092,504.972],[-322.75,538.127],[-326.341,544.207],[-326.901,546.526],[-326.049,548.482]],"type":"LineString"},"id":"osm_way_225267147_s0","properties":{"asset_id":"osm_way_225267147_s0","confidence":"mapped alignment; inferred width","context_layer":"roads","geometry_role":"mapped_path_alignment","geometry_status":"source_community_mapping_not_surveyed","id":"osm_way_225267147_s0","length_m":345.455848,"map_feature_id":null,"measured":false,"name":"","osm_id":225267147,"osm_type":"way","osm_version":2,"source_timestamp":"2023-05-15T13:14:14Z","source_url":"https://www.openstreetmap.org/way/225267147","space_id":null,"tags":{"highway":"service"},"width":5.5,"width_source":"assumed highway class"},"type":"Feature"},{"geometry":{"coordinates":[[-440.573,492.162],[-438.532,492.076],[-436.031,492.598],[-433.176,493.957],[-420.233,502.24]],"type":"LineString"},"id":"osm_way_225267149_s0","properties":{"asset_id":"osm_way_225267149_s0","confidence":"mapped alignment; inferred width","context_layer":"roads","geometry_role":"mapped_path_alignment","geometry_status":"source_community_mapping_not_surveyed","id":"osm_way_225267149_s0","length_m":23.126152,"map_feature_id":null,"measured":false,"name":"","osm_id":225267149,"osm_type":"way","osm_version":1,"source_timestamp":"2013-06-11T15:33:03Z","source_url":"https://www.openstreetmap.org/way/225267149","space_id":null,"tags":{"highway":"track"},"width":2.5,"width_source":"assumed highway class"},"type":"Feature"},{"geometry":{"coordinates":[[-420.233,502.24],[-418.035,497.565],[-416.896,494.015],[-415.311,485.07]],"type":"LineString"},"id":"osm_way_225267150_s0","properties":{"asset_id":"osm_way_225267150_s0","confidence":"mapped alignment; inferred width","context_layer":"roads","geometry_role":"mapped_path_alignment","geometry_status":"source_community_mapping_not_surveyed","id":"osm_way_225267150_s0","length_m":17.978517,"map_feature_id":null,"measured":false,"name":"","osm_id":225267150,"osm_type":"way","osm_version":1,"source_timestamp":"2013-06-11T15:33:04Z","source_url":"https://www.openstreetmap.org/way/225267150","space_id":null,"tags":{"highway":"track"},"width":2.5,"width_source":"assumed highway class"},"type":"Feature"},{"geometry":{"coordinates":[[-443.654,490.31],[-442.886,487.473],[-441.396,484.328],[-437.263,477.526],[-434.867,473.343]],"type":"LineString"},"id":"osm_way_225267152_s0","properties":{"asset_id":"osm_way_225267152_s0","confidence":"mapped alignment; inferred width","context_layer":"roads","geometry_role":"mapped_path_alignment","geometry_status":"source_community_mapping_not_surveyed","id":"osm_way_225267152_s0","length_m":19.199033,"map_feature_id":null,"measured":false,"name":"","osm_id":225267152,"osm_type":"way","osm_version":1,"source_timestamp":"2013-06-11T15:33:04Z","source_url":"https://www.openstreetmap.org/way/225267152","space_id":null,"tags":{"highway":"track"},"width":2.5,"width_source":"assumed highway class"},"type":"Feature"},{"geometry":{"coordinates":[[-442.866,492.675],[-456.558,515.799]],"type":"LineString"},"id":"osm_way_225268089_s0","properties":{"asset_id":"osm_way_225268089_s0","confidence":"mapped alignment; inferred width","context_layer":"roads","geometry_role":"mapped_path_alignment","geometry_status":"source_community_mapping_not_surveyed","id":"osm_way_225268089_s0","length_m":26.873597,"map_feature_id":null,"measured":false,"name":"","osm_id":225268089,"osm_type":"way","osm_version":1,"source_timestamp":"2013-06-11T15:43:20Z","source_url":"https://www.openstreetmap.org/way/225268089","space_id":null,"tags":{"highway":"service"},"width":5.5,"width_source":"assumed highway class"},"type":"Feature"},{"geometry":{"coordinates":[[290.105,-636.401],[265.279,-652.793],[253.713,-659.522],[239.889,-666.645],[226.635,-672.428],[202.552,-681.276]],"type":"LineString"},"id":"osm_way_226966740_s0","properties":{"asset_id":"osm_way_226966740_s0","confidence":"mapped alignment; inferred width","context_layer":"roads","geometry_role":"mapped_path_alignment","geometry_status":"source_community_mapping_not_surveyed","id":"osm_way_226966740_s0","length_m":98.799273,"map_feature_id":null,"measured":false,"name":"","osm_id":226966740,"osm_type":"way","osm_version":2,"source_timestamp":"2013-06-23T10:48:46Z","source_url":"https://www.openstreetmap.org/way/226966740","space_id":null,"tags":{"bridge":"yes","highway":"service"},"width":5.5,"width_source":"assumed highway class"},"type":"Feature"},{"geometry":{"coordinates":[[364.167,-583.015],[357.751,-576.864],[349.113,-574.723],[340.548,-577.172],[334.366,-583.549],[332.207,-592.149],[334.672,-600.678],[336.295,-602.235],[290.105,-636.401]],"type":"LineString"},"id":"osm_way_226967003_s0","properties":{"asset_id":"osm_way_226967003_s0","confidence":"mapped alignment; inferred width","context_layer":"roads","geometry_role":"mapped_path_alignment","geometry_status":"source_community_mapping_not_surveyed","id":"osm_way_226967003_s0","length_m":113.024313,"map_feature_id":null,"measured":false,"name":"","osm_id":226967003,"osm_type":"way","osm_version":3,"source_timestamp":"2013-12-01T12:15:40Z","source_url":"https://www.openstreetmap.org/way/226967003","space_id":null,"tags":{"highway":"service","lit":"yes"},"width":5.5,"width_source":"assumed highway class"},"type":"Feature"},{"geometry":{"coordinates":[[147.732,-793.163],[145.451,-692.334]],"type":"LineString"},"id":"osm_way_673044223_s0","properties":{"asset_id":"osm_way_673044223_s0","confidence":"mapped alignment; inferred width","context_layer":"roads","geometry_role":"mapped_path_alignment","geometry_status":"source_community_mapping_not_surveyed","id":"osm_way_673044223_s0","length_m":100.854798,"map_feature_id":null,"measured":false,"name":"","osm_id":673044223,"osm_type":"way","osm_version":3,"source_timestamp":"2026-04-25T08:16:15Z","source_url":"https://www.openstreetmap.org/way/673044223","space_id":null,"tags":{"highway":"service","lit":"yes","oneway":"yes"},"width":5.5,"width_source":"assumed highway class"},"type":"Feature"},{"geometry":{"coordinates":[[105.107,-609.542],[123.38,-608.328]],"type":"LineString"},"id":"osm_way_970894655_s0","properties":{"asset_id":"osm_way_970894655_s0","confidence":"mapped alignment; inferred width","context_layer":"roads","geometry_role":"mapped_path_alignment","geometry_status":"source_community_mapping_not_surveyed","id":"osm_way_970894655_s0","length_m":18.313283,"map_feature_id":null,"measured":false,"name":"","osm_id":970894655,"osm_type":"way","osm_version":1,"source_timestamp":"2021-08-06T12:18:26Z","source_url":"https://www.openstreetmap.org/way/970894655","space_id":null,"tags":{"highway":"service"},"width":5.5,"width_source":"assumed highway class"},"type":"Feature"},{"geometry":{"coordinates":[[49.933,-611.138],[105.107,-609.542]],"type":"LineString"},"id":"osm_way_970894656_s0","properties":{"asset_id":"osm_way_970894656_s0","confidence":"mapped alignment; inferred width","context_layer":"roads","geometry_role":"mapped_path_alignment","geometry_status":"source_community_mapping_not_surveyed","id":"osm_way_970894656_s0","length_m":55.197079,"map_feature_id":null,"measured":false,"name":"","osm_id":970894656,"osm_type":"way","osm_version":1,"source_timestamp":"2021-08-06T12:18:26Z","source_url":"https://www.openstreetmap.org/way/970894656","space_id":null,"tags":{"covered":"yes","highway":"service"},"width":5.5,"width_source":"assumed highway class"},"type":"Feature"},{"geometry":{"coordinates":[[[446.12,778.201],[466.019,740.616],[474.821,750.889],[455.218,782.978],[446.12,778.201]]],"type":"Polygon"},"id":"osm_way_1051736239","properties":{"area_m2":460.417425,"asset_id":"osm_way_1051736239","center":[460.812401,762.481537],"confidence":{"appearance":"requires_photo_evidence","footprint":"mapped_unverified","height":"inferred","levels":"inferred"},"context_layer":"context_buildings","geometry_role":"mapped_context_building_outline","geometry_status":"source_community_mapping_not_surveyed","height":4.0,"height_source":"inferred building typology","id":"osm_way_1051736239","is_part":false,"levels":1.0,"levels_source":"inferred building typology","map_feature_id":null,"measured":false,"min_height":0.0,"name":"南京工业职业技术大学（西门）","osm_id":1051736239,"osm_type":"way","osm_version":1,"parent_id":null,"source_timestamp":"2022-04-14T05:26:38Z","source_url":"https://www.openstreetmap.org/way/1051736239","space_id":null,"storey_height_assumption_m":3.4,"style_hint":"service","tags":{"amenity":"shelter","building":"yes","layer":"-1","name":"南京工业职业技术大学（西门）"},"underground":true},"type":"Feature"},{"geometry":{"coordinates":[[[546.792,-429.01],[537.003,-407.913],[512.193,-419.316],[522.001,-440.423],[546.792,-429.01]]],"type":"Polygon"},"id":"osm_way_1091379226","properties":{"area_m2":635.121439,"asset_id":"osm_way_1091379226","center":[529.495348,-424.165357],"confidence":{"appearance":"requires_photo_evidence","footprint":"mapped_unverified","height":"inferred","levels":"inferred"},"context_layer":"context_buildings","geometry_role":"mapped_context_building_outline","geometry_status":"source_community_mapping_not_surveyed","height":7.6,"height_source":"inferred building typology","id":"osm_way_1091379226","is_part":false,"levels":2.0,"levels_source":"inferred building typology","map_feature_id":null,"measured":false,"min_height":0.0,"name":"","osm_id":1091379226,"osm_type":"way","osm_version":1,"parent_id":null,"source_timestamp":"2022-09-02T22:06:14Z","source_url":"https://www.openstreetmap.org/way/1091379226","space_id":null,"storey_height_assumption_m":3.5,"style_hint":"service","tags":{"amenity":"fuel","building":"roof","layer":"1"},"underground":false},"type":"Feature"},{"geometry":{"coordinates":[[[-249.358,-609.683],[-243.66,-558.653],[-376.777,-577.175],[-376.64,-584.848],[-387.907,-585.592],[-387.761,-593.807],[-377.588,-593.626],[-378.185,-606.236],[-249.358,-609.683]]],"type":"Polygon"},"id":"osm_way_278003316","properties":{"area_m2":5304.919942,"asset_id":"osm_way_278003316","center":[-307.293695,-587.568256],"confidence":{"appearance":"requires_photo_evidence","footprint":"mapped_unverified","height":"inferred","levels":"inferred"},"context_layer":"context_buildings","geometry_role":"mapped_context_building_outline","geometry_status":"source_community_mapping_not_surveyed","height":18.1,"height_source":"inferred building typology","id":"osm_way_278003316","is_part":false,"levels":5.0,"levels_source":"inferred building typology","map_feature_id":null,"measured":false,"min_height":0.0,"name":"管理科学楼（专二）","osm_id":278003316,"osm_type":"way","osm_version":3,"parent_id":null,"source_timestamp":"2018-11-11T07:47:18Z","source_url":"https://www.openstreetmap.org/way/278003316","space_id":null,"storey_height_assumption_m":3.5,"style_hint":"academic","tags":{"building":"yes","name":"管理科学楼（专二）","name:zh":"管理科学楼（专二）"},"underground":false},"type":"Feature"}],"name":"campus-context","origin_easting_northing":[681614.1962973196,3554804.986814983],"source_crs":"EPSG:32650","type":"FeatureCollection"}
